User_ID,Content_ID,Rating,Liked_Flag,Feedback_Category
U1365,C09748,5,Y,Positive
U1435,C14727,3,N,Neutral
U0122,C01611,4,Y,Positive
U1392,C00587,2,Y,Negative
U0385,C14713,2,N,Negative
U0254,C03174,4,Y,Positive
U1240,C09511,3,Y,Neutral
U1020,C04754,3,Y,Neutral
U0311,C11863,1,N,Negative
U1365,C09366,1,N,Negative
U0280,C10793,3,N,Neutral
U1502,C13732,5,Y,Positive
U1943,C12740,4,Y,Positive
U0236,C08894,1,N,Negative
U0475,C12383,1,N,Negative
U1077,C07438,2,N,Negative
U0305,C08505,5,Y,Positive
U1971,C09377,3,N,Neutral
U0769,C14879,1,Y,Negative
U0778,C07816,1,Y,Negative
U0021,C02497,5,Y,Positive
U0886,C06647,5,Y,Positive
U1745,C07445,2,Y,Negative
U0989,C05307,2,Y,Negative
U1279,C17719,3,N,Neutral
U0569,C05479,4,Y,Positive
U0868,C07260,4,Y,Positive
U1017,C03658,1,N,Negative
U1071,C06483,3,N,Neutral
U1247,C09403,4,Y,Positive
U1665,C12797,1,N,Negative
U0936,C09674,2,Y,Negative
U0760,C00409,4,Y,Positive
U1125,C16739,5,Y,Positive
U1292,C15013,5,Y,Positive
U0245,C12147,3,N,Neutral
U0709,C10836,1,Y,Negative
U1220,C05712,5,Y,Positive
U0615,C15729,3,Y,Neutral
U0989,C17097,5,Y,Positive
U1804,C15148,5,Y,Positive
U0324,C06078,1,N,Negative
U1350,C15382,4,Y,Positive
U1947,C09926,5,Y,Positive
U1041,C12450,1,Y,Negative
U0328,C11163,3,N,Neutral
U0963,C09205,5,Y,Positive
U1814,C03665,2,Y,Negative
U0833,C14404,4,Y,Positive
U1177,C02024,1,Y,Negative
U0974,C05394,4,Y,Positive
U0134,C08879,4,Y,Positive
U0718,C03375,4,Y,Positive
U1884,C12096,3,Y,Neutral
U0367,C07665,1,Y,Negative
U1106,C05567,3,N,Neutral
U0252,C07901,2,N,Negative
U0106,C11737,2,Y,Negative
U1373,C00447,4,Y,Positive
U0786,C00283,3,N,Neutral
U0371,C01282,5,Y,Positive
U0037,C13121,2,N,Negative
U0778,C01267,3,N,Neutral
U0264,C09871,1,Y,Negative
U0449,C07649,5,Y,Positive
U0682,C01074,3,N,Neutral
U0444,C01792,4,Y,Positive
U0224,C05366,1,N,Negative
U0449,C14806,1,N,Negative
U0647,C02170,3,Y,Neutral
U1343,C01764,5,Y,Positive
U1163,C07233,4,Y,Positive
U0980,C08275,3,N,Neutral
U1021,C06193,2,N,Negative
U1405,C15280,2,Y,Negative
U1127,C13503,1,Y,Negative
U1085,C00486,1,Y,Negative
U1961,C09577,3,N,Neutral
U1301,C11053,4,Y,Positive
U1751,C14879,1,Y,Negative
U0526,C11284,5,Y,Positive
U0350,C07168,1,N,Negative
U1802,C01750,5,Y,Positive
U1247,C01557,1,N,Negative
U1195,C02758,4,Y,Positive
U1750,C04714,3,Y,Neutral
U0057,C01458,5,Y,Positive
U0225,C11406,5,Y,Positive
U0451,C11311,1,Y,Negative
U1004,C12990,4,Y,Positive
U0391,C02242,1,N,Negative
U1354,C13580,5,Y,Positive
U0276,C01078,4,Y,Positive
U1065,C08243,3,Y,Neutral
U1790,C10094,1,N,Negative
U1012,C11479,2,Y,Negative
U0231,C14816,5,Y,Positive
U1480,C15526,2,Y,Negative
U0662,C17361,4,Y,Positive
U0733,C03500,2,Y,Negative
U0812,C00400,4,Y,Positive
U0436,C11931,1,N,Negative
U1803,C04040,4,Y,Positive
U1999,C05700,2,Y,Negative
U1565,C14713,4,Y,Positive
U0228,C06109,3,Y,Neutral
U0876,C05800,3,Y,Neutral
U1547,C04913,2,N,Negative
U1946,C14451,5,Y,Positive
U1746,C14825,4,Y,Positive
U1736,C16252,4,Y,Positive
U1877,C01027,5,Y,Positive
U0842,C02168,1,Y,Negative
U1258,C12177,1,Y,Negative
U0011,C13876,3,Y,Neutral
U0421,C09749,3,Y,Neutral
U1000,C11611,3,N,Neutral
U0729,C11668,5,Y,Positive
U1048,C05817,1,N,Negative
U0755,C07433,2,Y,Negative
U0916,C17282,5,Y,Positive
U0265,C08344,5,Y,Positive
U1687,C04650,3,Y,Neutral
U0116,C11786,4,Y,Positive
U1085,C01135,5,Y,Positive
U1545,C04889,5,Y,Positive
U1160,C06572,2,Y,Negative
U0882,C04721,5,Y,Positive
U0140,C07664,1,Y,Negative
U0707,C14756,5,Y,Positive
U0071,C03283,3,N,Neutral
U1748,C01349,2,Y,Negative
U1724,C08105,4,Y,Positive
U0285,C08497,3,N,Neutral
U0360,C10296,3,Y,Neutral
U1850,C03819,1,N,Negative
U1837,C05788,4,Y,Positive
U1300,C15678,4,Y,Positive
U1698,C02759,3,N,Neutral
U0567,C17147,4,Y,Positive
U0025,C10294,3,N,Neutral
U1705,C04875,1,Y,Negative
U0187,C02118,1,N,Negative
U0844,C15488,2,N,Negative
U1423,C04589,2,N,Negative
U0875,C01202,3,N,Neutral
U0185,C01282,2,Y,Negative
U1608,C01410,2,Y,Negative
U0341,C04517,4,Y,Positive
U0281,C05937,3,N,Neutral
U0425,C16975,1,Y,Negative
U0804,C09674,2,Y,Negative
U0400,C10396,2,N,Negative
U0964,C14244,3,N,Neutral
U1446,C15681,4,Y,Positive
U1874,C12073,2,N,Negative
U1086,C04702,4,Y,Positive
U0179,C15525,1,Y,Negative
U1611,C04055,5,Y,Positive
U1351,C15772,2,N,Negative
U0671,C01648,3,N,Neutral
U0339,C11989,5,Y,Positive
U0703,C12022,3,N,Neutral
U1849,C14743,3,Y,Neutral
U1203,C11663,1,N,Negative
U1047,C00953,3,N,Neutral
U0427,C16979,1,N,Negative
U0586,C10798,2,N,Negative
U0827,C02567,3,Y,Neutral
U0155,C07953,4,Y,Positive
U1732,C05523,4,Y,Positive
U0125,C14617,5,Y,Positive
U0710,C01240,2,N,Negative
U1419,C08599,1,N,Negative
U0755,C10400,3,N,Neutral
U1459,C07626,1,N,Negative
U0085,C07643,4,Y,Positive
U1009,C07748,5,Y,Positive
U0680,C11932,4,Y,Positive
U0723,C07461,2,N,Negative
U0053,C01985,2,N,Negative
U0098,C13214,1,Y,Negative
U1619,C12840,5,Y,Positive
U0526,C05825,3,Y,Neutral
U0875,C15693,4,Y,Positive
U1281,C17600,5,Y,Positive
U0693,C11420,3,N,Neutral
U0914,C17124,5,Y,Positive
U1051,C07583,4,Y,Positive
U0625,C01902,2,Y,Negative
U0286,C08226,2,N,Negative
U1242,C00772,1,N,Negative
U1800,C14716,1,N,Negative
U1279,C08898,5,Y,Positive
U1744,C03930,2,N,Negative
U1577,C03249,3,Y,Neutral
U0098,C13782,1,N,Negative
U0004,C13161,2,N,Negative
U0672,C09614,3,N,Neutral
U1171,C08261,4,Y,Positive
U1063,C10802,2,Y,Negative
U0744,C01591,4,Y,Positive
U1558,C02258,1,N,Negative
U1055,C01886,5,Y,Positive
U1999,C07397,1,N,Negative
U1407,C07673,2,N,Negative
U0857,C11886,2,N,Negative
U0159,C09713,4,Y,Positive
U0130,C03466,1,N,Negative
U1783,C15297,5,Y,Positive
U0018,C10910,4,Y,Positive
U0433,C06043,2,Y,Negative
U1762,C02076,5,Y,Positive
U1036,C14328,5,Y,Positive
U1224,C08181,2,N,Negative
U0209,C04144,4,Y,Positive
U1239,C06410,4,Y,Positive
U1862,C01060,3,N,Neutral
U0838,C16885,5,Y,Positive
U1016,C17014,1,Y,Negative
U0875,C06787,4,Y,Positive
U1339,C14508,4,Y,Positive
U1029,C07401,4,Y,Positive
U1319,C16050,4,Y,Positive
U0599,C05304,5,Y,Positive
U1449,C07822,2,Y,Negative
U1524,C01749,5,Y,Positive
U0345,C04645,1,Y,Negative
U1218,C06753,1,Y,Negative
U1649,C07438,1,N,Negative
U1300,C07244,3,N,Neutral
U1523,C07107,3,Y,Neutral
U1012,C15418,2,Y,Negative
U0108,C11967,5,Y,Positive
U0339,C12045,3,N,Neutral
U1388,C15480,1,N,Negative
U0965,C12559,4,Y,Positive
U0853,C05846,4,Y,Positive
U0129,C08566,3,N,Neutral
U0761,C12416,5,Y,Positive
U1523,C09499,3,Y,Neutral
U1192,C04769,2,Y,Negative
U0689,C00103,5,Y,Positive
U0966,C14224,5,Y,Positive
U0512,C00040,2,N,Negative
U1054,C08320,1,Y,Negative
U0817,C09250,4,Y,Positive
U1812,C17260,3,N,Neutral
U1053,C06096,4,Y,Positive
U1771,C02855,2,Y,Negative
U0216,C16504,2,N,Negative
U0661,C14012,4,Y,Positive
U1283,C13601,1,Y,Negative
U1610,C09749,4,Y,Positive
U1471,C15564,2,Y,Negative
U1912,C06849,1,Y,Negative
U1121,C08611,3,N,Neutral
U0264,C14898,5,Y,Positive
U0970,C17177,1,Y,Negative
U1241,C09826,4,Y,Positive
U0131,C15443,3,N,Neutral
U0758,C05487,5,Y,Positive
U0193,C00118,4,Y,Positive
U0750,C03446,3,Y,Neutral
U1598,C17598,1,Y,Negative
U1294,C11248,1,N,Negative
U0603,C11030,2,N,Negative
U0719,C12843,5,Y,Positive
U1915,C07370,2,N,Negative
U1157,C10691,2,N,Negative
U0281,C16573,4,Y,Positive
U1098,C11184,4,Y,Positive
U0227,C08527,2,Y,Negative
U1004,C00634,5,Y,Positive
U0291,C01715,5,Y,Positive
U0006,C06378,4,Y,Positive
U1182,C03201,1,N,Negative
U0396,C12531,4,Y,Positive
U0379,C00147,3,N,Neutral
U1152,C15111,5,Y,Positive
U0462,C06053,5,Y,Positive
U1491,C04053,3,N,Neutral
U0095,C09717,1,Y,Negative
U1944,C09891,5,Y,Positive
U1925,C04233,5,Y,Positive
U1531,C05145,2,Y,Negative
U1296,C05064,3,N,Neutral
U1596,C08667,1,N,Negative
U0803,C00870,2,Y,Negative
U0005,C04011,5,Y,Positive
U1273,C10944,2,Y,Negative
U1999,C05589,3,Y,Neutral
U1120,C08029,3,Y,Neutral
U0666,C00863,5,Y,Positive
U0489,C09204,5,Y,Positive
U0158,C12590,4,Y,Positive
U0590,C14892,1,Y,Negative
U1500,C14710,5,Y,Positive
U0906,C08909,3,N,Neutral
U0851,C06660,4,Y,Positive
U1998,C01487,2,Y,Negative
U1672,C08150,3,N,Neutral
U1388,C11009,1,N,Negative
U0218,C07315,2,N,Negative
U0876,C17085,3,N,Neutral
U0545,C01866,1,Y,Negative
U1140,C03245,4,Y,Positive
U0505,C14318,4,Y,Positive
U0839,C10131,1,N,Negative
U0193,C10594,4,Y,Positive
U1180,C16862,1,Y,Negative
U0793,C08605,4,Y,Positive
U1810,C10538,4,Y,Positive
U0255,C03683,2,N,Negative
U1743,C17660,3,Y,Neutral
U1436,C01693,5,Y,Positive
U0312,C09263,1,N,Negative
U1767,C01998,3,N,Neutral
U1262,C06430,2,N,Negative
U1773,C01911,2,N,Negative
U0300,C05253,2,Y,Negative
U1795,C02376,3,N,Neutral
U1564,C12419,1,N,Negative
U1111,C04867,2,N,Negative
U1979,C00993,1,Y,Negative
U0981,C14090,5,Y,Positive
U1195,C11260,2,N,Negative
U0776,C08027,1,N,Negative
U0947,C16354,5,Y,Positive
U0271,C00805,4,Y,Positive
U1963,C10696,5,Y,Positive
U0993,C14559,1,Y,Negative
U0040,C03294,4,Y,Positive
U1255,C10101,2,N,Negative
U0612,C13752,5,Y,Positive
U1491,C12511,2,Y,Negative
U0339,C00478,1,N,Negative
U0872,C10642,5,Y,Positive
U1204,C16462,5,Y,Positive
U1521,C01688,3,Y,Neutral
U0956,C11252,2,Y,Negative
U1097,C16907,4,Y,Positive
U1503,C10941,1,N,Negative
U0243,C08139,3,N,Neutral
U1389,C11079,3,N,Neutral
U1398,C11598,5,Y,Positive
U0031,C15630,3,N,Neutral
U1886,C15217,2,N,Negative
U1338,C13009,1,N,Negative
U0127,C06160,1,Y,Negative
U0951,C13960,3,Y,Neutral
U0345,C11036,3,Y,Neutral
U0458,C16951,5,Y,Positive
U1368,C12042,4,Y,Positive
U1617,C05721,5,Y,Positive
U1289,C13338,1,N,Negative
U0099,C04268,1,N,Negative
U1279,C07507,5,Y,Positive
U1947,C06368,4,Y,Positive
U0212,C01902,1,N,Negative
U1435,C10805,5,Y,Positive
U1497,C09302,3,Y,Neutral
U0810,C07435,4,Y,Positive
U0730,C10308,2,Y,Negative
U1958,C10010,5,Y,Positive
U0583,C16445,4,Y,Positive
U0073,C01665,4,Y,Positive
U1643,C17518,2,Y,Negative
U0092,C13053,5,Y,Positive
U1708,C13610,5,Y,Positive
U0652,C00168,1,Y,Negative
U1210,C11764,4,Y,Positive
U0164,C16550,4,Y,Positive
U0581,C00992,1,N,Negative
U1109,C06746,2,N,Negative
U1701,C16805,4,Y,Positive
U1908,C08006,2,Y,Negative
U1441,C16835,3,N,Neutral
U1432,C12704,1,Y,Negative
U1743,C11000,3,N,Neutral
U1945,C03466,2,Y,Negative
U1373,C17580,2,N,Negative
U1170,C10127,4,Y,Positive
U0348,C15582,1,Y,Negative
U0205,C11414,4,Y,Positive
U1075,C05364,4,Y,Positive
U1747,C14442,4,Y,Positive
U1643,C10400,2,N,Negative
U1990,C02949,1,N,Negative
U1104,C12644,3,N,Neutral
U1100,C07233,5,Y,Positive
U1180,C13220,2,N,Negative
U0302,C17320,1,Y,Negative
U1638,C16004,2,N,Negative
U0439,C13386,5,Y,Positive
U1632,C07051,4,Y,Positive
U0357,C07728,1,Y,Negative
U0886,C15826,3,N,Neutral
U1588,C11804,1,Y,Negative
U1247,C05228,2,Y,Negative
U0228,C06374,4,Y,Positive
U0821,C02423,4,Y,Positive
U0977,C05701,3,N,Neutral
U1055,C05225,1,Y,Negative
U1229,C00488,5,Y,Positive
U1913,C17586,4,Y,Positive
U1036,C14016,4,Y,Positive
U0493,C17384,2,Y,Negative
U0384,C01696,2,N,Negative
U0101,C00582,1,N,Negative
U0299,C01562,2,Y,Negative
U1957,C15071,3,N,Neutral
U1701,C15814,5,Y,Positive
U1782,C14095,3,N,Neutral
U0390,C09014,1,Y,Negative
U0001,C06241,5,Y,Positive
U0159,C04438,4,Y,Positive
U1853,C03978,3,N,Neutral
U1574,C06753,4,Y,Positive
U0364,C16751,5,Y,Positive
U0558,C11795,3,N,Neutral
U0277,C14731,5,Y,Positive
U1453,C09565,2,N,Negative
U1599,C08903,3,N,Neutral
U0555,C06391,5,Y,Positive
U1859,C04990,4,Y,Positive
U1626,C07365,2,Y,Negative
U1393,C12517,2,N,Negative
U1972,C05862,5,Y,Positive
U1668,C09925,4,Y,Positive
U0507,C05942,1,Y,Negative
U0731,C05892,2,Y,Negative
U1949,C13811,4,Y,Positive
U1390,C15636,4,Y,Positive
U1505,C12367,5,Y,Positive
U0872,C13896,1,Y,Negative
U1466,C06747,4,Y,Positive
U0712,C02280,4,Y,Positive
U0335,C07812,3,Y,Neutral
U1038,C12489,3,Y,Neutral
U1391,C17202,5,Y,Positive
U1696,C13573,1,N,Negative
U1284,C12505,2,N,Negative
U1268,C09691,2,Y,Negative
U1242,C15466,3,N,Neutral
U0645,C02102,3,Y,Neutral
U1124,C13462,3,Y,Neutral
U0850,C08917,5,Y,Positive
U0848,C11422,3,Y,Neutral
U0531,C00441,4,Y,Positive
U1239,C08987,5,Y,Positive
U1579,C00574,5,Y,Positive
U1505,C16899,1,N,Negative
U1255,C16654,2,Y,Negative
U1017,C15490,2,N,Negative
U0636,C14912,3,Y,Neutral
U0042,C06692,2,N,Negative
U0108,C06331,5,Y,Positive
U0021,C11807,2,N,Negative
U1180,C11065,1,Y,Negative
U1689,C15339,5,Y,Positive
U1862,C15828,2,Y,Negative
U1424,C05662,1,N,Negative
U0218,C05250,2,N,Negative
U0259,C02083,2,N,Negative
U0503,C02917,2,N,Negative
U0468,C15927,3,Y,Neutral
U1209,C15993,3,N,Neutral
U0860,C00446,5,Y,Positive
U1524,C01356,4,Y,Positive
U1718,C04455,1,Y,Negative
U1171,C07901,2,Y,Negative
U1763,C00494,3,N,Neutral
U1149,C04770,2,Y,Negative
U0034,C09094,4,Y,Positive
U0274,C08439,3,N,Neutral
U0720,C13813,1,N,Negative
U1040,C10919,1,Y,Negative
U1265,C16675,5,Y,Positive
U1179,C00941,3,Y,Neutral
U1968,C12908,5,Y,Positive
U0870,C09543,4,Y,Positive
U0160,C08958,4,Y,Positive
U1905,C10277,3,N,Neutral
U1978,C10839,2,Y,Negative
U1157,C14025,1,N,Negative
U0338,C05001,5,Y,Positive
U0967,C11666,2,Y,Negative
U1386,C16475,4,Y,Positive
U0952,C07103,1,Y,Negative
U0863,C12127,2,Y,Negative
U0302,C07190,2,Y,Negative
U0805,C11486,5,Y,Positive
U1931,C06213,2,Y,Negative
U0589,C10003,2,Y,Negative
U0917,C14069,4,Y,Positive
U1713,C03226,3,N,Neutral
U1813,C04385,3,Y,Neutral
U0110,C16293,3,Y,Neutral
U0676,C08949,1,Y,Negative
U0614,C14610,5,Y,Positive
U1128,C16323,1,N,Negative
U0658,C04012,3,N,Neutral
U0368,C16309,4,Y,Positive
U0442,C11268,3,Y,Neutral
U1647,C00934,5,Y,Positive
U0683,C15477,2,Y,Negative
U0829,C02379,2,N,Negative
U0249,C01755,1,Y,Negative
U1596,C16865,1,Y,Negative
U1359,C13287,4,Y,Positive
U0869,C10666,3,N,Neutral
U1797,C05812,4,Y,Positive
U1837,C06001,3,N,Neutral
U1591,C00601,3,N,Neutral
U1374,C02394,2,Y,Negative
U1369,C04595,5,Y,Positive
U1633,C17446,1,Y,Negative
U1400,C07432,2,Y,Negative
U0117,C05680,2,Y,Negative
U1392,C08381,1,N,Negative
U0054,C17326,1,N,Negative
U1645,C04365,5,Y,Positive
U0111,C00485,3,N,Neutral
U1329,C13538,5,Y,Positive
U1009,C17759,5,Y,Positive
U0497,C04221,4,Y,Positive
U1928,C13744,4,Y,Positive
U1124,C05854,2,N,Negative
U1577,C09096,1,Y,Negative
U1667,C08186,2,N,Negative
U1747,C10082,4,Y,Positive
U0904,C11251,5,Y,Positive
U0077,C05147,3,N,Neutral
U0810,C10754,5,Y,Positive
U0998,C06539,1,Y,Negative
U0223,C08673,1,N,Negative
U0706,C01315,3,N,Neutral
U1955,C08147,3,N,Neutral
U0526,C00487,1,Y,Negative
U1061,C02740,1,N,Negative
U1076,C10806,4,Y,Positive
U1572,C14400,5,Y,Positive
U0832,C14108,1,Y,Negative
U1430,C01501,2,N,Negative
U0898,C10832,4,Y,Positive
U0676,C06225,2,Y,Negative
U0795,C16259,3,N,Neutral
U1898,C13781,4,Y,Positive
U0865,C02749,4,Y,Positive
U0706,C15623,1,N,Negative
U0601,C12983,2,N,Negative
U0534,C10516,2,N,Negative
U1772,C00778,1,Y,Negative
U1334,C05676,3,Y,Neutral
U1373,C10725,5,Y,Positive
U0023,C16808,5,Y,Positive
U0375,C11509,5,Y,Positive
U1527,C14277,4,Y,Positive
U0012,C12614,2,N,Negative
U0627,C01237,1,Y,Negative
U0073,C14908,1,Y,Negative
U0711,C13045,1,N,Negative
U0829,C13400,5,Y,Positive
U0671,C12402,2,Y,Negative
U1572,C00152,4,Y,Positive
U0340,C11527,3,N,Neutral
U0460,C08813,5,Y,Positive
U1714,C10097,2,N,Negative
U1514,C16598,3,Y,Neutral
U1239,C08324,5,Y,Positive
U0201,C03040,3,N,Neutral
U1895,C05301,1,Y,Negative
U0209,C03127,3,N,Neutral
U1299,C17139,4,Y,Positive
U0220,C04489,5,Y,Positive
U1137,C09183,3,N,Neutral
U0457,C06908,4,Y,Positive
U0735,C15080,1,N,Negative
U1348,C02481,1,Y,Negative
U0876,C03362,1,N,Negative
U0916,C05396,2,N,Negative
U1086,C14372,1,Y,Negative
U0968,C14126,5,Y,Positive
U0529,C00262,2,Y,Negative
U0299,C09400,5,Y,Positive
U1959,C12039,1,N,Negative
U1608,C10159,2,Y,Negative
U0377,C10386,1,Y,Negative
U1973,C04939,1,N,Negative
U1890,C11616,5,Y,Positive
U1916,C04985,2,Y,Negative
U0610,C07925,4,Y,Positive
U0687,C06045,5,Y,Positive
U0179,C05966,3,Y,Neutral
U1594,C02447,4,Y,Positive
U1727,C05428,5,Y,Positive
U0802,C02867,5,Y,Positive
U1157,C15244,2,N,Negative
U0904,C05618,1,Y,Negative
U1534,C04899,5,Y,Positive
U1980,C17430,3,Y,Neutral
U1673,C17410,1,Y,Negative
U0827,C14793,3,N,Neutral
U1191,C04112,3,Y,Neutral
U0241,C11226,5,Y,Positive
U1875,C03872,4,Y,Positive
U1356,C15325,5,Y,Positive
U1011,C13328,4,Y,Positive
U1545,C17032,2,N,Negative
U0686,C03663,4,Y,Positive
U0625,C12557,5,Y,Positive
U1850,C10857,4,Y,Positive
U1694,C16637,5,Y,Positive
U1252,C12982,2,Y,Negative
U0597,C12592,3,Y,Neutral
U1614,C06629,1,N,Negative
U0944,C13623,2,Y,Negative
U1174,C09055,1,N,Negative
U1100,C06182,4,Y,Positive
U1530,C00424,1,Y,Negative
U1872,C04822,5,Y,Positive
U0774,C04302,5,Y,Positive
U0231,C14755,2,N,Negative
U1394,C10947,5,Y,Positive
U0379,C01651,3,Y,Neutral
U1055,C11845,3,N,Neutral
U0489,C10839,3,N,Neutral
U0969,C07780,5,Y,Positive
U1918,C15006,1,N,Negative
U0178,C05691,4,Y,Positive
U1390,C16691,4,Y,Positive
U0842,C04447,3,N,Neutral
U1731,C06699,2,Y,Negative
U0171,C16589,5,Y,Positive
U1291,C13864,5,Y,Positive
U1814,C07636,1,Y,Negative
U0034,C07354,3,N,Neutral
U0158,C09352,5,Y,Positive
U1039,C16942,4,Y,Positive
U1505,C04525,4,Y,Positive
U1763,C13620,1,Y,Negative
U1135,C10093,3,N,Neutral
U0535,C06149,4,Y,Positive
U1627,C05472,4,Y,Positive
U1648,C16043,5,Y,Positive
U1891,C03009,1,N,Negative
U1175,C05429,4,Y,Positive
U1171,C11669,5,Y,Positive
U0604,C11343,5,Y,Positive
U1465,C03281,2,Y,Negative
U0392,C17117,2,N,Negative
U1039,C15900,2,N,Negative
U0546,C01393,1,Y,Negative
U0367,C04992,3,Y,Neutral
U0904,C09956,2,Y,Negative
U0229,C14939,2,Y,Negative
U0382,C13224,5,Y,Positive
U0595,C09386,1,Y,Negative
U0090,C03578,4,Y,Positive
U1262,C08218,4,Y,Positive
U0864,C05907,4,Y,Positive
U1641,C00208,5,Y,Positive
U0270,C13224,1,Y,Negative
U1720,C13351,2,Y,Negative
U1569,C12142,4,Y,Positive
U1647,C08865,1,N,Negative
U1179,C11694,5,Y,Positive
U1380,C03197,3,N,Neutral
U1212,C08584,3,N,Neutral
U0687,C14193,5,Y,Positive
U1870,C06507,5,Y,Positive
U1945,C13493,2,Y,Negative
U0491,C08805,2,Y,Negative
U0015,C15082,3,N,Neutral
U1455,C00245,1,Y,Negative
U0447,C11742,3,Y,Neutral
U1826,C06273,1,N,Negative
U0289,C04166,4,Y,Positive
U0409,C09702,4,Y,Positive
U1816,C17294,2,N,Negative
U0512,C04922,4,Y,Positive
U0847,C01735,4,Y,Positive
U0911,C17041,3,Y,Neutral
U0857,C13234,4,Y,Positive
U0374,C13526,1,N,Negative
U1353,C16005,2,N,Negative
U0460,C17518,5,Y,Positive
U0763,C14464,4,Y,Positive
U0137,C08395,3,N,Neutral
U1028,C17073,2,Y,Negative
U1462,C07213,5,Y,Positive
U1413,C16238,4,Y,Positive
U0929,C09165,2,N,Negative
U0864,C02882,5,Y,Positive
U1739,C17000,3,N,Neutral
U1036,C10687,3,N,Neutral
U1291,C01668,2,N,Negative
U0627,C06379,4,Y,Positive
U0465,C09971,2,Y,Negative
U1058,C07854,5,Y,Positive
U1051,C05228,4,Y,Positive
U1536,C08187,1,N,Negative
U0498,C06356,3,Y,Neutral
U0946,C11150,3,N,Neutral
U0401,C09474,4,Y,Positive
U1337,C10863,5,Y,Positive
U0186,C11057,3,N,Neutral
U1082,C14990,3,N,Neutral
U0543,C04004,3,N,Neutral
U1775,C05644,5,Y,Positive
U0033,C00683,3,Y,Neutral
U1873,C17132,2,N,Negative
U1281,C03662,2,Y,Negative
U0182,C05396,4,Y,Positive
U0112,C16188,4,Y,Positive
U1588,C07549,2,Y,Negative
U1665,C01365,5,Y,Positive
U0031,C10806,2,Y,Negative
U0248,C09580,1,N,Negative
U1946,C04202,1,N,Negative
U1277,C03389,1,N,Negative
U0375,C09584,1,Y,Negative
U1873,C00903,2,Y,Negative
U1000,C14283,2,N,Negative
U0531,C11230,2,Y,Negative
U1724,C03019,5,Y,Positive
U0920,C08309,1,Y,Negative
U0396,C08328,4,Y,Positive
U0956,C07944,1,N,Negative
U0430,C10656,3,Y,Neutral
U0051,C17194,3,N,Neutral
U0710,C01346,3,Y,Neutral
U0260,C00232,2,N,Negative
U0195,C09843,2,N,Negative
U1753,C16409,2,N,Negative
U0904,C07452,4,Y,Positive
U1037,C03650,1,Y,Negative
U0125,C02503,5,Y,Positive
U1890,C07189,3,N,Neutral
U0775,C14635,4,Y,Positive
U0894,C16983,4,Y,Positive
U0088,C14329,5,Y,Positive
U1166,C09244,5,Y,Positive
U1093,C06052,3,N,Neutral
U0965,C09609,4,Y,Positive
U0106,C09459,5,Y,Positive
U1742,C07745,1,Y,Negative
U0679,C09536,3,Y,Neutral
U0767,C06595,1,Y,Negative
U1880,C01810,5,Y,Positive
U0841,C07610,4,Y,Positive
U0049,C00540,2,N,Negative
U0766,C04153,1,Y,Negative
U0789,C02029,1,Y,Negative
U0399,C13448,4,Y,Positive
U0878,C03545,3,Y,Neutral
U1047,C16764,5,Y,Positive
U1294,C11480,2,N,Negative
U1561,C10498,3,N,Neutral
U0298,C16596,5,Y,Positive
U1592,C14717,4,Y,Positive
U1755,C01124,5,Y,Positive
U0687,C07138,5,Y,Positive
U0689,C02779,4,Y,Positive
U1925,C17676,2,Y,Negative
U1375,C14876,1,Y,Negative
U0790,C13534,5,Y,Positive
U1685,C03787,3,Y,Neutral
U1029,C11076,5,Y,Positive
U1255,C01809,4,Y,Positive
U1306,C09273,5,Y,Positive
U0722,C11488,5,Y,Positive
U1991,C13234,4,Y,Positive
U1322,C07141,1,N,Negative
U0762,C15887,5,Y,Positive
U1992,C10357,5,Y,Positive
U0536,C06785,1,Y,Negative
U1445,C02234,4,Y,Positive
U1862,C03546,1,N,Negative
U1642,C10351,3,Y,Neutral
U0914,C00063,2,N,Negative
U0916,C11750,4,Y,Positive
U0855,C15232,4,Y,Positive
U1891,C02018,3,Y,Neutral
U0983,C08038,2,N,Negative
U1963,C06581,1,Y,Negative
U1716,C13076,2,N,Negative
U1711,C17140,5,Y,Positive
U0201,C09147,5,Y,Positive
U1978,C08508,4,Y,Positive
U0712,C13406,1,Y,Negative
U0408,C13237,3,N,Neutral
U0689,C05839,5,Y,Positive
U1345,C01180,3,N,Neutral
U0535,C10763,4,Y,Positive
U1023,C06406,1,N,Negative
U1886,C02058,1,Y,Negative
U0177,C01934,1,N,Negative
U0701,C02305,2,N,Negative
U1904,C11263,1,Y,Negative
U0835,C08462,2,Y,Negative
U0980,C00707,1,Y,Negative
U0920,C04564,4,Y,Positive
U0833,C11239,4,Y,Positive
U1427,C06173,5,Y,Positive
U1021,C10022,3,Y,Neutral
U1643,C10749,3,Y,Neutral
U0518,C15280,4,Y,Positive
U0823,C15007,2,N,Negative
U1013,C17224,5,Y,Positive
U0575,C06431,3,N,Neutral
U1616,C13035,3,N,Neutral
U0074,C00465,1,Y,Negative
U1625,C06974,5,Y,Positive
U1805,C07595,5,Y,Positive
U1861,C04405,4,Y,Positive
U1825,C12455,4,Y,Positive
U0438,C10244,2,N,Negative
U1675,C05833,4,Y,Positive
U0479,C10040,2,N,Negative
U0375,C02168,2,Y,Negative
U0416,C09754,1,N,Negative
U0910,C12735,2,N,Negative
U1944,C04553,3,N,Neutral
U1229,C09730,3,Y,Neutral
U1102,C16856,3,Y,Neutral
U0788,C02806,1,N,Negative
U1285,C12285,1,N,Negative
U0214,C02319,5,Y,Positive
U1615,C06880,5,Y,Positive
U0419,C13626,5,Y,Positive
U0232,C14101,5,Y,Positive
U1190,C01470,3,Y,Neutral
U1879,C03274,3,N,Neutral
U0779,C13331,4,Y,Positive
U1151,C13294,1,N,Negative
U1132,C06264,5,Y,Positive
U0181,C03561,1,Y,Negative
U1292,C04189,3,Y,Neutral
U1916,C13282,2,Y,Negative
U1374,C07521,3,N,Neutral
U0115,C02967,5,Y,Positive
U0240,C10824,4,Y,Positive
U0356,C10206,2,Y,Negative
U0994,C07114,1,Y,Negative
U0833,C00837,1,Y,Negative
U1537,C14498,2,N,Negative
U1849,C03922,1,Y,Negative
U1424,C12878,3,Y,Neutral
U0472,C08677,1,N,Negative
U0892,C14711,5,Y,Positive
U1048,C12939,3,Y,Neutral
U0049,C09851,4,Y,Positive
U1454,C03036,4,Y,Positive
U0656,C11859,5,Y,Positive
U1369,C05989,3,N,Neutral
U0428,C04539,1,N,Negative
U0159,C07855,5,Y,Positive
U0945,C01137,5,Y,Positive
U0641,C04638,5,Y,Positive
U1368,C02060,2,N,Negative
U1380,C03309,3,Y,Neutral
U1988,C11225,4,Y,Positive
U1398,C09125,5,Y,Positive
U0026,C08309,4,Y,Positive
U1710,C14228,3,N,Neutral
U0263,C13271,5,Y,Positive
U0313,C04599,4,Y,Positive
U1996,C09650,1,N,Negative
U1087,C01522,3,N,Neutral
U0099,C10025,2,N,Negative
U0958,C10549,5,Y,Positive
U1006,C08053,1,N,Negative
U0499,C12328,2,Y,Negative
U0363,C05692,2,Y,Negative
U1016,C11136,2,Y,Negative
U0750,C04170,1,Y,Negative
U1437,C12904,3,N,Neutral
U0387,C12451,2,Y,Negative
U0105,C01285,3,Y,Neutral
U1687,C05164,3,N,Neutral
U0203,C12712,3,N,Neutral
U1627,C03780,2,N,Negative
U1124,C00102,1,Y,Negative
U1893,C15423,5,Y,Positive
U0295,C10257,5,Y,Positive
U0226,C16399,5,Y,Positive
U1508,C09298,3,Y,Neutral
U0252,C17668,3,N,Neutral
U1306,C10383,2,Y,Negative
U1948,C08284,5,Y,Positive
U0466,C03242,2,Y,Negative
U1796,C12823,4,Y,Positive
U1852,C07380,3,Y,Neutral
U0634,C12804,5,Y,Positive
U0586,C15269,5,Y,Positive
U0976,C13204,5,Y,Positive
U0950,C08739,4,Y,Positive
U1078,C14575,4,Y,Positive
U0242,C09884,5,Y,Positive
U1449,C09085,1,Y,Negative
U1387,C00980,2,Y,Negative
U1125,C02879,5,Y,Positive
U0111,C11011,1,N,Negative
U1208,C04969,2,Y,Negative
U0734,C16720,3,N,Neutral
U1315,C06506,1,N,Negative
U0028,C04750,3,Y,Neutral
U0455,C10054,1,N,Negative
U0942,C16700,5,Y,Positive
U1848,C05345,4,Y,Positive
U1940,C00866,3,Y,Neutral
U1777,C13097,3,N,Neutral
U0913,C04897,2,Y,Negative
U1992,C12646,4,Y,Positive
U0048,C06546,2,N,Negative
U1143,C10232,1,Y,Negative
U1865,C17677,3,Y,Neutral
U1920,C04815,3,N,Neutral
U0041,C03861,5,Y,Positive
U0322,C14961,4,Y,Positive
U0444,C03295,5,Y,Positive
U0664,C09699,4,Y,Positive
U1440,C03280,1,N,Negative
U1940,C14481,4,Y,Positive
U1917,C07222,4,Y,Positive
U1452,C00391,5,Y,Positive
U1274,C08223,5,Y,Positive
U1799,C06372,1,Y,Negative
U0231,C11172,1,Y,Negative
U1539,C15907,4,Y,Positive
U1730,C05396,5,Y,Positive
U0463,C09539,2,N,Negative
U1320,C14440,4,Y,Positive
U1988,C03980,2,N,Negative
U1289,C15744,5,Y,Positive
U1841,C08556,3,N,Neutral
U1673,C03703,1,Y,Negative
U1755,C09201,1,Y,Negative
U1528,C10834,1,Y,Negative
U0271,C00482,4,Y,Positive
U0666,C09241,4,Y,Positive
U0405,C07444,3,Y,Neutral
U1289,C09163,3,N,Neutral
U1290,C06509,4,Y,Positive
U0756,C12731,1,N,Negative
U0214,C08893,4,Y,Positive
U1785,C16149,1,Y,Negative
U0008,C06000,3,N,Neutral
U1007,C09792,1,N,Negative
U1742,C05202,3,Y,Neutral
U0767,C00215,5,Y,Positive
U0373,C00939,2,Y,Negative
U1154,C10103,3,Y,Neutral
U0703,C12068,4,Y,Positive
U1028,C10925,3,Y,Neutral
U1321,C08271,1,N,Negative
U1648,C02866,3,Y,Neutral
U1121,C05673,5,Y,Positive
U0241,C09091,3,N,Neutral
U1282,C06343,4,Y,Positive
U0632,C07297,4,Y,Positive
U0576,C08879,3,Y,Neutral
U1618,C07145,2,Y,Negative
U1367,C06066,5,Y,Positive
U0508,C05597,5,Y,Positive
U1436,C00381,4,Y,Positive
U0300,C12050,3,Y,Neutral
U0888,C01738,1,Y,Negative
U0782,C07708,1,Y,Negative
U0732,C03182,1,Y,Negative
U0237,C12839,4,Y,Positive
U0499,C04434,1,Y,Negative
U1936,C14640,3,Y,Neutral
U1160,C15580,5,Y,Positive
U0864,C09389,5,Y,Positive
U1596,C12108,4,Y,Positive
U1568,C07991,2,Y,Negative
U0622,C04169,5,Y,Positive
U0110,C04448,2,Y,Negative
U1100,C11788,3,Y,Neutral
U0964,C00362,3,N,Neutral
U1136,C02453,2,Y,Negative
U0295,C10192,3,N,Neutral
U1310,C00943,2,Y,Negative
U1433,C06540,4,Y,Positive
U0289,C12977,1,N,Negative
U1995,C01919,4,Y,Positive
U1184,C14630,2,Y,Negative
U0909,C13582,5,Y,Positive
U1027,C03208,4,Y,Positive
U1305,C06362,4,Y,Positive
U1206,C02285,2,N,Negative
U1206,C09384,4,Y,Positive
U1891,C06887,4,Y,Positive
U1470,C07056,5,Y,Positive
U1895,C07642,4,Y,Positive
U1172,C14425,2,Y,Negative
U0835,C16226,1,N,Negative
U1216,C13289,5,Y,Positive
U0516,C06145,4,Y,Positive
U0183,C03108,3,N,Neutral
U0408,C13918,5,Y,Positive
U0507,C01602,3,Y,Neutral
U1664,C08067,4,Y,Positive
U1785,C02987,4,Y,Positive
U1969,C04936,1,Y,Negative
U0473,C13680,3,Y,Neutral
U0475,C08935,5,Y,Positive
U1071,C02589,4,Y,Positive
U1915,C10118,1,Y,Negative
U1555,C09457,5,Y,Positive
U0016,C09241,2,Y,Negative
U0796,C05597,4,Y,Positive
U0309,C00673,3,N,Neutral
U1728,C00732,4,Y,Positive
U0846,C06918,2,Y,Negative
U1979,C07502,1,Y,Negative
U0453,C14343,2,Y,Negative
U1691,C15100,2,Y,Negative
U1390,C02206,4,Y,Positive
U0440,C16992,1,N,Negative
U1602,C03613,5,Y,Positive
U0338,C06694,1,Y,Negative
U0330,C12675,3,Y,Neutral
U1806,C09848,5,Y,Positive
U0892,C11975,4,Y,Positive
U0826,C02989,1,N,Negative
U0842,C09714,5,Y,Positive
U0888,C12367,4,Y,Positive
U0830,C13737,1,Y,Negative
U1397,C04013,4,Y,Positive
U1451,C12981,2,Y,Negative
U1136,C02071,2,N,Negative
U1615,C04627,1,N,Negative
U0025,C07618,1,Y,Negative
U1821,C05906,4,Y,Positive
U0375,C05726,4,Y,Positive
U0725,C03890,4,Y,Positive
U0050,C07685,3,Y,Neutral
U1048,C17720,4,Y,Positive
U1585,C11467,4,Y,Positive
U1819,C08143,4,Y,Positive
U0191,C06302,2,N,Negative
U0757,C13209,5,Y,Positive
U0300,C09392,3,N,Neutral
U1819,C15440,2,N,Negative
U0494,C02596,4,Y,Positive
U1577,C17103,5,Y,Positive
U0258,C11083,4,Y,Positive
U1679,C07980,5,Y,Positive
U0194,C13730,1,N,Negative
U1756,C09323,3,N,Neutral
U1404,C07167,2,Y,Negative
U1402,C15702,3,Y,Neutral
U0978,C11329,1,Y,Negative
U0955,C06675,2,Y,Negative
U1676,C08079,5,Y,Positive
U1702,C17570,3,Y,Neutral
U1336,C08547,5,Y,Positive
U0865,C08373,3,N,Neutral
U0213,C14920,5,Y,Positive
U1023,C15389,5,Y,Positive
U1158,C04884,3,N,Neutral
U0128,C07106,1,N,Negative
U1631,C15235,4,Y,Positive
U1761,C00980,2,N,Negative
U1809,C10690,4,Y,Positive
U1868,C14929,1,Y,Negative
U0819,C00920,3,Y,Neutral
U0897,C11766,1,N,Negative
U1097,C00608,2,Y,Negative
U0362,C07202,5,Y,Positive
U0955,C16016,1,Y,Negative
U1735,C08052,1,N,Negative
U0986,C15610,3,N,Neutral
U1144,C11032,5,Y,Positive
U0196,C12642,5,Y,Positive
U1196,C08094,3,Y,Neutral
U1528,C12807,5,Y,Positive
U1212,C08278,4,Y,Positive
U1343,C11711,1,Y,Negative
U0307,C11117,4,Y,Positive
U1682,C00531,4,Y,Positive
U1418,C02096,5,Y,Positive
U0853,C01850,1,Y,Negative
U0356,C13289,4,Y,Positive
U1791,C05196,1,Y,Negative
U0366,C02220,4,Y,Positive
U0456,C17550,1,Y,Negative
U0968,C00552,3,N,Neutral
U1572,C08094,4,Y,Positive
U0537,C12667,3,Y,Neutral
U0151,C04390,3,Y,Neutral
U0179,C06529,3,N,Neutral
U0517,C14623,2,Y,Negative
U0434,C12077,4,Y,Positive
U0402,C09024,3,Y,Neutral
U0165,C13766,1,Y,Negative
U1211,C17042,3,Y,Neutral
U0353,C14461,3,Y,Neutral
U0813,C03899,2,Y,Negative
U1055,C05863,5,Y,Positive
U1732,C09922,5,Y,Positive
U0564,C17641,3,N,Neutral
U0632,C12736,5,Y,Positive
U0716,C15889,3,Y,Neutral
U1729,C07864,4,Y,Positive
U0559,C08396,4,Y,Positive
U1088,C02113,5,Y,Positive
U1853,C06598,1,N,Negative
U0436,C13047,5,Y,Positive
U0147,C00385,3,N,Neutral
U1325,C04777,4,Y,Positive
U1031,C12976,5,Y,Positive
U0990,C01587,3,Y,Neutral
U1818,C14501,3,N,Neutral
U0419,C10114,1,Y,Negative
U0157,C11634,4,Y,Positive
U1041,C07610,4,Y,Positive
U1102,C02713,1,N,Negative
U0096,C08907,3,Y,Neutral
U0995,C11083,4,Y,Positive
U1266,C02799,4,Y,Positive
U1723,C01377,2,Y,Negative
U0527,C08321,4,Y,Positive
U0256,C11128,2,Y,Negative
U0460,C14501,1,Y,Negative
U0578,C06129,3,N,Neutral
U1528,C11582,3,N,Neutral
U0513,C14037,1,N,Negative
U0868,C00920,5,Y,Positive
U1566,C02899,3,Y,Neutral
U1495,C17302,2,Y,Negative
U1676,C01704,1,Y,Negative
U0481,C07472,5,Y,Positive
U1861,C03213,2,Y,Negative
U0342,C09034,1,Y,Negative
U0854,C05969,1,Y,Negative
U1686,C03287,3,Y,Neutral
U0991,C01656,5,Y,Positive
U1796,C14602,4,Y,Positive
U1504,C17782,1,Y,Negative
U1036,C17573,4,Y,Positive
U0676,C15091,5,Y,Positive
U1652,C06203,2,Y,Negative
U1304,C13760,5,Y,Positive
U1487,C06464,5,Y,Positive
U0473,C02620,3,N,Neutral
U0951,C10119,1,Y,Negative
U1439,C03610,3,Y,Neutral
U1478,C06756,3,N,Neutral
U0480,C15427,3,Y,Neutral
U1157,C11911,4,Y,Positive
U1465,C12554,1,N,Negative
U0282,C15766,4,Y,Positive
U1461,C13210,4,Y,Positive
U0497,C09426,1,N,Negative
U1963,C10550,2,N,Negative
U1316,C06118,3,Y,Neutral
U0744,C09332,1,N,Negative
U0510,C07795,2,N,Negative
U1684,C11713,2,Y,Negative
U0591,C07565,4,Y,Positive
U1913,C03201,2,Y,Negative
U1875,C08873,1,N,Negative
U0309,C07125,5,Y,Positive
U0278,C10805,2,Y,Negative
U1556,C05505,3,N,Neutral
U1087,C04919,5,Y,Positive
U1380,C15564,2,Y,Negative
U1107,C12736,1,Y,Negative
U1495,C16030,4,Y,Positive
U1498,C08422,4,Y,Positive
U1606,C03327,4,Y,Positive
U1417,C07763,3,Y,Neutral
U0291,C03767,1,Y,Negative
U1946,C00279,1,Y,Negative
U0171,C16021,5,Y,Positive
U1908,C06889,1,Y,Negative
U0792,C08276,2,Y,Negative
U1085,C12808,1,N,Negative
U1142,C09050,1,N,Negative
U0733,C14000,3,N,Neutral
U1060,C02411,3,Y,Neutral
U1075,C04958,4,Y,Positive
U0940,C10192,3,N,Neutral
U0292,C09991,1,N,Negative
U0197,C15574,3,Y,Neutral
U0077,C00534,1,N,Negative
U1566,C15091,4,Y,Positive
U0367,C16167,2,Y,Negative
U1179,C12117,2,Y,Negative
U0878,C14127,3,Y,Neutral
U0490,C16693,5,Y,Positive
U1829,C04753,5,Y,Positive
U0379,C03932,5,Y,Positive
U1334,C03002,4,Y,Positive
U0509,C03004,1,Y,Negative
U0461,C14188,1,N,Negative
U1591,C07161,4,Y,Positive
U0938,C16384,4,Y,Positive
U0387,C14945,1,Y,Negative
U1230,C00231,2,Y,Negative
U0786,C17018,5,Y,Positive
U1223,C13518,2,N,Negative
U0427,C17289,1,N,Negative
U0900,C13559,5,Y,Positive
U0962,C04710,3,Y,Neutral
U1030,C08773,4,Y,Positive
U1719,C17694,3,N,Neutral
U1492,C16021,4,Y,Positive
U0463,C13758,3,N,Neutral
U0302,C15044,2,Y,Negative
U1390,C09138,5,Y,Positive
U0469,C17480,4,Y,Positive
U1737,C07104,1,Y,Negative
U0573,C03418,5,Y,Positive
U1595,C14482,1,Y,Negative
U1314,C11998,3,Y,Neutral
U1813,C00757,3,Y,Neutral
U1839,C09501,3,Y,Neutral
U1096,C09625,4,Y,Positive
U1252,C06316,1,Y,Negative
U0608,C01176,4,Y,Positive
U0582,C12938,4,Y,Positive
U1144,C17146,3,Y,Neutral
U0858,C17277,4,Y,Positive
U0878,C14513,5,Y,Positive
U1810,C12283,1,N,Negative
U0020,C00909,3,Y,Neutral
U1215,C03019,5,Y,Positive
U1538,C11027,2,Y,Negative
U0472,C01214,2,Y,Negative
U0097,C03555,2,Y,Negative
U1988,C08621,1,Y,Negative
U1029,C16172,3,N,Neutral
U0234,C13127,4,Y,Positive
U0295,C01587,1,N,Negative
U1483,C12717,1,Y,Negative
U0750,C09115,1,N,Negative
U1649,C13117,2,N,Negative
U0848,C01644,2,Y,Negative
U1837,C08668,5,Y,Positive
U1158,C07926,4,Y,Positive
U1911,C06401,2,Y,Negative
U0133,C06037,1,Y,Negative
U1081,C05603,3,N,Neutral
U0351,C06742,4,Y,Positive
U1570,C00659,4,Y,Positive
U1889,C15422,4,Y,Positive
U1551,C12392,5,Y,Positive
U0510,C03893,4,Y,Positive
U1453,C03615,4,Y,Positive
U0134,C10578,2,Y,Negative
U0024,C00737,3,Y,Neutral
U0893,C13053,5,Y,Positive
U1688,C16651,2,Y,Negative
U0841,C07544,1,N,Negative
U1593,C05394,4,Y,Positive
U1565,C11903,5,Y,Positive
U1618,C06749,3,N,Neutral
U1079,C07588,5,Y,Positive
U0240,C12157,4,Y,Positive
U0979,C13798,2,Y,Negative
U0253,C17741,4,Y,Positive
U0956,C12831,5,Y,Positive
U0618,C10062,4,Y,Positive
U1297,C05023,2,Y,Negative
U0605,C03048,3,N,Neutral
U1726,C00315,4,Y,Positive
U1227,C00538,3,Y,Neutral
U1730,C03366,1,Y,Negative
U0534,C03786,1,Y,Negative
U0335,C10047,1,Y,Negative
U1631,C10213,5,Y,Positive
U0303,C16094,4,Y,Positive
U0360,C04584,1,N,Negative
U0163,C15369,4,Y,Positive
U1873,C08399,5,Y,Positive
U0759,C12030,1,N,Negative
U0046,C12441,4,Y,Positive
U1327,C05467,1,Y,Negative
U1949,C14312,4,Y,Positive
U0846,C01241,4,Y,Positive
U1008,C10194,4,Y,Positive
U1116,C11245,3,N,Neutral
U0913,C04671,1,N,Negative
U0490,C12932,5,Y,Positive
U1271,C15715,4,Y,Positive
U1413,C06501,1,Y,Negative
U1303,C09796,5,Y,Positive
U1670,C13888,5,Y,Positive
U1266,C07616,5,Y,Positive
U1227,C14024,1,Y,Negative
U0585,C09348,3,N,Neutral
U1755,C02908,1,Y,Negative
U0100,C10581,1,Y,Negative
U0989,C16158,4,Y,Positive
U0931,C16724,1,N,Negative
U1542,C08512,3,N,Neutral
U0233,C11866,4,Y,Positive
U0280,C00439,4,Y,Positive
U1705,C05025,1,Y,Negative
U0907,C14358,4,Y,Positive
U0345,C05308,1,N,Negative
U0916,C06555,1,N,Negative
U0805,C08509,1,Y,Negative
U0147,C05697,4,Y,Positive
U1299,C04755,4,Y,Positive
U1291,C13489,2,Y,Negative
U1695,C02116,1,N,Negative
U0145,C02152,3,N,Neutral
U1175,C17098,3,Y,Neutral
U0736,C13376,5,Y,Positive
U0265,C15226,5,Y,Positive
U1344,C14608,2,N,Negative
U0754,C16465,2,N,Negative
U1777,C01299,5,Y,Positive
U1028,C16455,3,Y,Neutral
U1805,C05247,2,N,Negative
U1565,C00783,3,Y,Neutral
U1510,C04786,2,Y,Negative
U1188,C09116,2,Y,Negative
U1223,C16573,5,Y,Positive
U1194,C00498,3,Y,Neutral
U1448,C03783,1,N,Negative
U1170,C08604,5,Y,Positive
U1579,C06085,5,Y,Positive
U0163,C02505,3,Y,Neutral
U1107,C16854,2,N,Negative
U0942,C13702,3,Y,Neutral
U1762,C05981,5,Y,Positive
U1648,C13557,4,Y,Positive
U0060,C06293,2,N,Negative
U1630,C16861,1,Y,Negative
U0875,C11878,2,N,Negative
U1907,C11135,1,Y,Negative
U0496,C11504,3,Y,Neutral
U1797,C04882,5,Y,Positive
U0397,C16825,4,Y,Positive
U0234,C15701,3,N,Neutral
U1503,C16252,2,N,Negative
U1079,C13490,1,Y,Negative
U1710,C14378,2,Y,Negative
U1860,C09836,4,Y,Positive
U0130,C00411,4,Y,Positive
U1801,C16886,4,Y,Positive
U1067,C17138,2,N,Negative
U1929,C04113,1,Y,Negative
U1957,C14497,2,N,Negative
U0952,C12180,3,N,Neutral
U0351,C00144,5,Y,Positive
U0091,C01952,1,Y,Negative
U1733,C02031,3,Y,Neutral
U0582,C02682,4,Y,Positive
U1489,C06528,5,Y,Positive
U0745,C02846,1,N,Negative
U1071,C02298,3,N,Neutral
U1739,C11898,1,Y,Negative
U0003,C08763,2,Y,Negative
U1405,C08809,4,Y,Positive
U1046,C01472,1,N,Negative
U1050,C01628,5,Y,Positive
U1856,C11751,3,N,Neutral
U0451,C07884,5,Y,Positive
U1492,C07158,4,Y,Positive
U0433,C02552,3,N,Neutral
U0572,C17618,4,Y,Positive
U1601,C04682,2,N,Negative
U0418,C17625,1,Y,Negative
U1987,C10002,4,Y,Positive
U0369,C03906,3,Y,Neutral
U0482,C16228,3,Y,Neutral
U1780,C07020,5,Y,Positive
U0300,C02429,2,Y,Negative
U0288,C13115,1,N,Negative
U1334,C11828,5,Y,Positive
U0852,C04251,5,Y,Positive
U1597,C01510,5,Y,Positive
U1930,C07838,1,Y,Negative
U1783,C09689,4,Y,Positive
U0262,C12841,5,Y,Positive
U1336,C08504,3,N,Neutral
U0664,C00666,3,Y,Neutral
U0186,C05690,5,Y,Positive
U0819,C05742,3,N,Neutral
U0261,C06802,4,Y,Positive
U1838,C03548,3,Y,Neutral
U1271,C05893,3,Y,Neutral
U0154,C11281,1,Y,Negative
U1786,C08647,2,N,Negative
U0844,C07066,1,Y,Negative
U0266,C16057,4,Y,Positive
U0995,C10048,4,Y,Positive
U0283,C13225,4,Y,Positive
U0490,C07190,1,N,Negative
U0618,C00989,5,Y,Positive
U1267,C15294,3,Y,Neutral
U1069,C12636,3,N,Neutral
U1290,C12760,2,Y,Negative
U0270,C11717,5,Y,Positive
U1039,C12524,2,N,Negative
U1287,C03883,3,N,Neutral
U1908,C03435,5,Y,Positive
U0259,C10739,1,Y,Negative
U0355,C04147,1,N,Negative
U0232,C06562,5,Y,Positive
U0316,C00446,2,N,Negative
U0471,C03975,3,Y,Neutral
U0972,C06404,4,Y,Positive
U1632,C08627,3,N,Neutral
U1007,C15035,2,Y,Negative
U0291,C14098,1,Y,Negative
U0974,C10817,3,N,Neutral
U1425,C11684,1,N,Negative
U0676,C06279,5,Y,Positive
U1323,C03820,4,Y,Positive
U1547,C00609,4,Y,Positive
U1113,C03283,4,Y,Positive
U0957,C06990,4,Y,Positive
U0478,C17611,5,Y,Positive
U1398,C13060,3,N,Neutral
U1176,C10746,1,Y,Negative
U1552,C07009,3,N,Neutral
U1317,C14603,1,N,Negative
U0206,C11212,3,N,Neutral
U1378,C08394,2,Y,Negative
U0878,C15095,4,Y,Positive
U1202,C12499,5,Y,Positive
U1423,C13850,1,Y,Negative
U0983,C02004,3,Y,Neutral
U1714,C15105,3,N,Neutral
U0913,C11021,2,N,Negative
U1318,C15417,3,N,Neutral
U0260,C17104,4,Y,Positive
U0302,C16660,4,Y,Positive
U0159,C15663,4,Y,Positive
U1850,C13438,4,Y,Positive
U1430,C01494,4,Y,Positive
U0120,C09638,5,Y,Positive
U1292,C00778,1,N,Negative
U1930,C05136,4,Y,Positive
U1176,C01186,4,Y,Positive
U1542,C01000,4,Y,Positive
U0539,C05225,1,Y,Negative
U1024,C02207,4,Y,Positive
U0554,C11073,3,Y,Neutral
U0265,C17363,5,Y,Positive
U1623,C12683,4,Y,Positive
U1938,C04696,4,Y,Positive
U0661,C07543,3,N,Neutral
U1856,C03459,1,Y,Negative
U1478,C01704,1,Y,Negative
U0782,C09399,2,N,Negative
U0320,C09746,1,N,Negative
U1513,C15674,4,Y,Positive
U1508,C00091,5,Y,Positive
U1642,C09356,2,Y,Negative
U1584,C15970,2,N,Negative
U0637,C06422,5,Y,Positive
U0855,C01688,5,Y,Positive
U1117,C01274,2,N,Negative
U1708,C15077,5,Y,Positive
U1474,C09141,3,Y,Neutral
U0887,C10492,4,Y,Positive
U1393,C07859,1,Y,Negative
U1680,C02844,3,N,Neutral
U1277,C15451,2,N,Negative
U0419,C01993,3,N,Neutral
U0289,C15568,5,Y,Positive
U1084,C09524,2,Y,Negative
U0556,C00192,3,N,Neutral
U0426,C09932,2,Y,Negative
U1768,C14711,3,Y,Neutral
U1096,C03789,2,Y,Negative
U0636,C09177,1,Y,Negative
U0531,C06905,1,N,Negative
U0523,C03658,2,N,Negative
U0677,C07123,1,Y,Negative
U1330,C09472,2,N,Negative
U1269,C04816,2,Y,Negative
U1204,C03246,5,Y,Positive
U0270,C11013,2,Y,Negative
U0750,C11980,5,Y,Positive
U0223,C15163,1,N,Negative
U1143,C02070,4,Y,Positive
U1330,C15941,4,Y,Positive
U1017,C09209,5,Y,Positive
U1310,C14581,4,Y,Positive
U1960,C14089,2,N,Negative
U1373,C10734,1,Y,Negative
U0628,C16228,4,Y,Positive
U1991,C03100,5,Y,Positive
U1285,C12439,5,Y,Positive
U0715,C15131,3,N,Neutral
U0426,C08968,3,N,Neutral
U1870,C03502,3,N,Neutral
U1811,C13750,3,Y,Neutral
U1677,C13520,4,Y,Positive
U1751,C02245,4,Y,Positive
U1055,C03713,4,Y,Positive
U1639,C15822,2,N,Negative
U1760,C14075,2,N,Negative
U1693,C07869,3,Y,Neutral
U1898,C09376,4,Y,Positive
U0141,C05756,3,Y,Neutral
U0864,C03349,1,N,Negative
U1718,C07046,2,N,Negative
U1296,C00013,1,Y,Negative
U1702,C17316,5,Y,Positive
U1125,C08131,2,N,Negative
U1314,C13008,1,N,Negative
U1280,C17223,4,Y,Positive
U0687,C04532,4,Y,Positive
U0757,C04187,4,Y,Positive
U1422,C11823,2,Y,Negative
U0593,C07833,4,Y,Positive
U0577,C09267,5,Y,Positive
U1315,C00318,5,Y,Positive
U0664,C10934,3,N,Neutral
U0407,C09824,5,Y,Positive
U1499,C12994,1,N,Negative
U1762,C15302,4,Y,Positive
U1273,C00702,4,Y,Positive
U1933,C04867,4,Y,Positive
U0126,C07800,1,Y,Negative
U1942,C06559,2,Y,Negative
U0874,C03440,4,Y,Positive
U0653,C02045,3,Y,Neutral
U0189,C15971,3,Y,Neutral
U1010,C06026,1,Y,Negative
U0586,C04865,3,N,Neutral
U1566,C15936,4,Y,Positive
U1493,C03486,2,N,Negative
U0133,C08169,2,N,Negative
U0157,C12172,2,Y,Negative
U1707,C16418,1,N,Negative
U0084,C05269,2,N,Negative
U1938,C08328,5,Y,Positive
U0675,C08425,1,N,Negative
U1731,C13079,2,Y,Negative
U1093,C09546,1,Y,Negative
U0901,C12475,1,N,Negative
U1498,C02038,1,Y,Negative
U0581,C01791,4,Y,Positive
U1330,C14172,1,Y,Negative
U0334,C13298,3,N,Neutral
U1795,C15426,1,Y,Negative
U0634,C15904,2,N,Negative
U1958,C07002,2,N,Negative
U1592,C16551,5,Y,Positive
U1595,C00660,2,N,Negative
U0976,C06759,1,N,Negative
U0391,C13507,1,N,Negative
U1856,C09131,4,Y,Positive
U0712,C03755,2,Y,Negative
U1721,C10278,2,Y,Negative
U0635,C06636,4,Y,Positive
U1895,C09480,3,N,Neutral
U0262,C02459,2,N,Negative
U1988,C15213,3,Y,Neutral
U0234,C02152,2,Y,Negative
U0320,C13437,3,N,Neutral
U1401,C02869,5,Y,Positive
U0906,C09149,2,N,Negative
U0388,C07362,5,Y,Positive
U1362,C02109,1,Y,Negative
U1296,C03534,3,N,Neutral
U1955,C04425,1,N,Negative
U1515,C14567,2,Y,Negative
U0776,C15832,5,Y,Positive
U0221,C15118,5,Y,Positive
U0598,C09247,4,Y,Positive
U0683,C17260,4,Y,Positive
U0812,C01922,2,N,Negative
U1597,C01085,2,Y,Negative
U0830,C10231,2,N,Negative
U0250,C12531,5,Y,Positive
U0519,C12419,5,Y,Positive
U0100,C15062,3,N,Neutral
U1084,C12834,1,Y,Negative
U0979,C09768,4,Y,Positive
U1256,C05454,2,N,Negative
U1740,C03183,5,Y,Positive
U0908,C14975,5,Y,Positive
U1749,C14009,5,Y,Positive
U0766,C09509,5,Y,Positive
U1547,C04715,3,Y,Neutral
U0283,C09966,5,Y,Positive
U1890,C13260,3,Y,Neutral
U0445,C14065,1,N,Negative
U1550,C05101,1,N,Negative
U1359,C03275,1,Y,Negative
U1932,C13967,5,Y,Positive
U1095,C07325,1,Y,Negative
U1997,C16364,5,Y,Positive
U1568,C09829,4,Y,Positive
U1580,C03246,3,Y,Neutral
U0549,C08217,4,Y,Positive
U1679,C09856,2,N,Negative
U0542,C11113,1,Y,Negative
U1111,C02490,3,N,Neutral
U1672,C11951,4,Y,Positive
U1318,C07105,1,Y,Negative
U1205,C11520,1,Y,Negative
U0991,C08662,3,Y,Neutral
U1284,C12005,3,N,Neutral
U1905,C07899,2,Y,Negative
U1306,C17521,3,Y,Neutral
U0112,C07587,1,Y,Negative
U0645,C14432,4,Y,Positive
U1402,C15126,4,Y,Positive
U1490,C15074,1,Y,Negative
U1989,C15160,4,Y,Positive
U0406,C10104,5,Y,Positive
U0124,C05220,1,Y,Negative
U1029,C16571,4,Y,Positive
U0600,C04192,2,Y,Negative
U0259,C09356,5,Y,Positive
U1678,C02292,2,Y,Negative
U0254,C13087,3,Y,Neutral
U0908,C09272,5,Y,Positive
U1963,C00424,2,N,Negative
U1989,C08477,2,Y,Negative
U0180,C15370,3,N,Neutral
U0743,C05854,4,Y,Positive
U0240,C17556,1,N,Negative
U1878,C04978,5,Y,Positive
U1705,C14147,2,Y,Negative
U0545,C11794,1,N,Negative
U1176,C00863,3,N,Neutral
U1661,C13646,4,Y,Positive
U1806,C00570,5,Y,Positive
U1917,C13589,5,Y,Positive
U1473,C07086,5,Y,Positive
U1372,C07503,3,N,Neutral
U1338,C03697,1,N,Negative
U0956,C15769,3,N,Neutral
U1462,C05038,5,Y,Positive
U0303,C08441,1,Y,Negative
U1049,C08472,4,Y,Positive
U1094,C09998,1,Y,Negative
U0320,C16860,2,N,Negative
U1732,C14388,4,Y,Positive
U1798,C06062,1,Y,Negative
U1248,C17415,2,Y,Negative
U0056,C12396,2,Y,Negative
U0828,C00175,1,Y,Negative
U1235,C15474,4,Y,Positive
U1266,C05117,4,Y,Positive
U1501,C12403,1,N,Negative
U1037,C04073,3,Y,Neutral
U1801,C05502,4,Y,Positive
U0611,C04535,5,Y,Positive
U1835,C15065,4,Y,Positive
U1284,C13749,3,Y,Neutral
U0680,C01309,4,Y,Positive
U1373,C03067,1,N,Negative
U1879,C15512,4,Y,Positive
U0042,C15241,3,Y,Neutral
U1441,C07613,3,Y,Neutral
U0926,C14639,2,N,Negative
U0316,C16847,5,Y,Positive
U0155,C16383,1,Y,Negative
U0302,C05217,2,N,Negative
U1940,C04162,3,N,Neutral
U1505,C06078,1,Y,Negative
U0289,C05541,2,Y,Negative
U0520,C02812,5,Y,Positive
U0934,C17468,4,Y,Positive
U0198,C02150,4,Y,Positive
U1714,C09586,4,Y,Positive
U0653,C05040,4,Y,Positive
U1751,C00745,1,N,Negative
U1580,C12974,2,N,Negative
U1428,C00016,5,Y,Positive
U1956,C06964,5,Y,Positive
U1646,C02729,1,N,Negative
U1138,C13592,5,Y,Positive
U1697,C16345,3,N,Neutral
U1287,C03413,1,Y,Negative
U0355,C08637,2,N,Negative
U1876,C07452,4,Y,Positive
U0652,C08637,3,N,Neutral
U0608,C07451,3,N,Neutral
U0383,C11768,1,Y,Negative
U1686,C09244,3,Y,Neutral
U0696,C17750,2,Y,Negative
U0791,C14870,4,Y,Positive
U1438,C08186,2,N,Negative
U0427,C16159,2,N,Negative
U1850,C16556,2,Y,Negative
U1788,C15984,5,Y,Positive
U0323,C08326,3,N,Neutral
U0711,C13261,3,Y,Neutral
U1245,C11473,3,Y,Neutral
U0764,C08699,5,Y,Positive
U0811,C07302,5,Y,Positive
U1529,C05740,1,N,Negative
U0453,C05507,1,Y,Negative
U1460,C12115,2,N,Negative
U0325,C03785,4,Y,Positive
U0024,C15333,3,Y,Neutral
U1030,C09652,3,Y,Neutral
U1503,C11380,5,Y,Positive
U0780,C08357,2,N,Negative
U0220,C12890,5,Y,Positive
U0523,C11614,2,N,Negative
U0519,C13729,3,N,Neutral
U0462,C00495,3,N,Neutral
U1921,C17568,2,Y,Negative
U1310,C08667,1,N,Negative
U1627,C12216,3,N,Neutral
U1653,C03064,5,Y,Positive
U1064,C17151,5,Y,Positive
U0856,C08934,1,N,Negative
U1713,C01705,4,Y,Positive
U0824,C08079,3,Y,Neutral
U0103,C05899,5,Y,Positive
U0054,C08283,1,Y,Negative
U1775,C10374,4,Y,Positive
U1702,C07439,3,Y,Neutral
U0509,C05510,3,Y,Neutral
U0706,C11059,5,Y,Positive
U1377,C06750,2,N,Negative
U1948,C07175,4,Y,Positive
U1422,C08935,5,Y,Positive
U0646,C03619,5,Y,Positive
U1996,C05868,2,N,Negative
U0371,C03495,2,Y,Negative
U1832,C05622,3,N,Neutral
U0296,C12922,2,N,Negative
U1579,C15642,5,Y,Positive
U0038,C15798,4,Y,Positive
U0978,C02679,5,Y,Positive
U0128,C09070,1,N,Negative
U1923,C15239,5,Y,Positive
U1582,C09994,4,Y,Positive
U1401,C05656,2,N,Negative
U0755,C08813,3,N,Neutral
U1200,C14780,5,Y,Positive
U0753,C11096,1,N,Negative
U0944,C10271,5,Y,Positive
U1957,C02823,5,Y,Positive
U0884,C06425,1,N,Negative
U1884,C01086,1,Y,Negative
U1003,C06935,4,Y,Positive
U1941,C17453,1,Y,Negative
U1272,C07355,3,N,Neutral
U0545,C02472,2,N,Negative
U0464,C08061,1,Y,Negative
U1165,C10297,1,N,Negative
U0046,C08504,3,Y,Neutral
U1042,C07901,3,Y,Neutral
U1111,C13273,5,Y,Positive
U0889,C07354,4,Y,Positive
U1452,C01806,4,Y,Positive
U0421,C12589,2,N,Negative
U1488,C09007,4,Y,Positive
U0844,C05448,1,N,Negative
U0725,C11607,4,Y,Positive
U1320,C05837,3,N,Neutral
U0424,C07553,5,Y,Positive
U0199,C14148,2,N,Negative
U0199,C14848,2,Y,Negative
U1781,C02700,2,Y,Negative
U1451,C07096,3,N,Neutral
U1217,C09407,5,Y,Positive
U1906,C10152,2,N,Negative
U1375,C04272,3,Y,Neutral
U0650,C14588,1,Y,Negative
U0529,C12067,2,Y,Negative
U1141,C14954,4,Y,Positive
U1304,C05894,2,Y,Negative
U0401,C12440,1,Y,Negative
U1773,C03840,5,Y,Positive
U0311,C01626,3,N,Neutral
U0470,C17401,1,N,Negative
U0966,C15086,3,Y,Neutral
U1423,C14618,3,N,Neutral
U1398,C11664,2,Y,Negative
U1062,C00323,5,Y,Positive
U0384,C10955,2,N,Negative
U1516,C13911,3,Y,Neutral
U0657,C16603,4,Y,Positive
U0615,C06513,3,Y,Neutral
U1291,C01111,5,Y,Positive
U0793,C13617,4,Y,Positive
U0361,C14155,1,N,Negative
U1653,C17619,4,Y,Positive
U1773,C06739,2,Y,Negative
U0198,C06836,2,N,Negative
U1292,C11693,1,Y,Negative
U0265,C16657,4,Y,Positive
U1890,C09249,5,Y,Positive
U0353,C03661,1,N,Negative
U1527,C14268,2,N,Negative
U0540,C16954,3,N,Neutral
U0707,C16927,1,Y,Negative
U0138,C00299,5,Y,Positive
U0821,C06390,4,Y,Positive
U1470,C07339,1,N,Negative
U1495,C04116,2,Y,Negative
U0554,C07318,3,Y,Neutral
U0496,C05897,1,Y,Negative
U0240,C00905,4,Y,Positive
U1728,C03038,5,Y,Positive
U1240,C11778,4,Y,Positive
U0407,C05780,3,N,Neutral
U0473,C03698,4,Y,Positive
U0364,C04460,5,Y,Positive
U0174,C17676,4,Y,Positive
U1614,C12631,5,Y,Positive
U0892,C02553,2,N,Negative
U0287,C11290,1,Y,Negative
U1686,C08505,5,Y,Positive
U1376,C02878,5,Y,Positive
U1503,C13814,1,Y,Negative
U0750,C01242,4,Y,Positive
U1296,C02611,2,N,Negative
U0661,C04342,4,Y,Positive
U1590,C05921,4,Y,Positive
U0663,C07636,3,N,Neutral
U1317,C00786,2,N,Negative
U1991,C15348,1,N,Negative
U0316,C08687,3,N,Neutral
U1004,C02045,1,N,Negative
U1489,C08622,1,Y,Negative
U0605,C15437,2,N,Negative
U1233,C10370,4,Y,Positive
U0588,C06961,1,N,Negative
U1324,C01270,5,Y,Positive
U0857,C15394,4,Y,Positive
U1503,C07134,3,N,Neutral
U0191,C00444,5,Y,Positive
U1476,C00067,4,Y,Positive
U1634,C13103,3,N,Neutral
U0116,C04410,4,Y,Positive
U1016,C04492,1,N,Negative
U0392,C13332,4,Y,Positive
U1848,C02307,5,Y,Positive
U0866,C15903,3,N,Neutral
U1129,C08391,4,Y,Positive
U1161,C16482,5,Y,Positive
U0205,C10743,5,Y,Positive
U1618,C04263,5,Y,Positive
U1711,C17068,4,Y,Positive
U0900,C16528,1,Y,Negative
U0678,C05834,2,N,Negative
U1413,C04026,3,Y,Neutral
U0939,C09948,1,Y,Negative
U1751,C01166,4,Y,Positive
U0736,C05011,4,Y,Positive
U0768,C01587,2,Y,Negative
U0512,C04616,4,Y,Positive
U1543,C07408,3,N,Neutral
U0409,C15371,4,Y,Positive
U0321,C03543,3,Y,Neutral
U1435,C16922,4,Y,Positive
U0964,C06317,1,N,Negative
U0272,C11589,3,N,Neutral
U0175,C09882,2,N,Negative
U1233,C02519,3,Y,Neutral
U0680,C15970,4,Y,Positive
U0417,C04970,1,N,Negative
U0774,C10990,2,Y,Negative
U0810,C02824,4,Y,Positive
U1537,C06442,3,Y,Neutral
U1738,C04086,4,Y,Positive
U0016,C16562,2,N,Negative
U0782,C02244,1,N,Negative
U1576,C13933,2,Y,Negative
U0644,C05569,4,Y,Positive
U1903,C00704,2,Y,Negative
U0331,C06868,3,N,Neutral
U1426,C03895,5,Y,Positive
U1403,C14746,3,N,Neutral
U1128,C06913,5,Y,Positive
U1574,C05015,1,N,Negative
U1063,C04015,2,Y,Negative
U1341,C15383,2,N,Negative
U1915,C08229,2,Y,Negative
U1248,C08600,5,Y,Positive
U0342,C12795,3,N,Neutral
U1052,C12276,5,Y,Positive
U0554,C06418,4,Y,Positive
U1360,C17217,3,N,Neutral
U1910,C06817,5,Y,Positive
U0588,C16928,2,N,Negative
U0545,C13547,2,Y,Negative
U1332,C17286,5,Y,Positive
U1166,C05822,3,N,Neutral
U0053,C13672,5,Y,Positive
U0406,C08693,2,Y,Negative
U0434,C05479,5,Y,Positive
U1146,C17265,1,N,Negative
U1853,C16521,1,Y,Negative
U0804,C03712,4,Y,Positive
U0218,C17463,2,N,Negative
U0262,C15496,2,N,Negative
U0003,C04251,2,Y,Negative
U0867,C08315,4,Y,Positive
U1088,C09611,4,Y,Positive
U0536,C08198,2,N,Negative
U0044,C12012,2,N,Negative
U1551,C04300,4,Y,Positive
U1764,C03112,3,N,Neutral
U0333,C11153,3,N,Neutral
U1139,C12656,2,N,Negative
U1532,C02327,5,Y,Positive
U0698,C13880,3,Y,Neutral
U1909,C09091,2,Y,Negative
U1230,C09999,4,Y,Positive
U0310,C01396,1,N,Negative
U1445,C13353,5,Y,Positive
U0906,C09744,4,Y,Positive
U0519,C02464,5,Y,Positive
U0179,C10113,4,Y,Positive
U1056,C08653,2,Y,Negative
U1090,C16864,1,N,Negative
U1020,C06147,3,Y,Neutral
U0731,C16814,3,N,Neutral
U0136,C14157,2,Y,Negative
U1782,C04972,2,N,Negative
U0520,C03632,5,Y,Positive
U0582,C05377,2,Y,Negative
U0247,C03996,1,N,Negative
U0762,C14286,1,Y,Negative
U1916,C00118,2,N,Negative
U0498,C17790,5,Y,Positive
U0143,C00635,5,Y,Positive
U1097,C15332,4,Y,Positive
U1123,C00308,3,Y,Neutral
U0373,C13314,5,Y,Positive
U0507,C01856,2,Y,Negative
U1751,C13819,1,Y,Negative
U0103,C15400,3,N,Neutral
U0524,C02806,5,Y,Positive
U1961,C01445,1,Y,Negative
U1743,C04478,5,Y,Positive
U0453,C16628,4,Y,Positive
U1500,C05432,3,N,Neutral
U1829,C16697,3,N,Neutral
U1955,C02983,5,Y,Positive
U1857,C03511,1,N,Negative
U1918,C05810,3,N,Neutral
U1245,C14069,1,Y,Negative
U1832,C12754,3,N,Neutral
U0722,C10578,4,Y,Positive
U0820,C04890,3,Y,Neutral
U0006,C15762,4,Y,Positive
U1619,C13260,5,Y,Positive
U1614,C07893,3,N,Neutral
U1107,C01567,1,Y,Negative
U1927,C11857,2,Y,Negative
U0593,C02770,1,Y,Negative
U0527,C09109,5,Y,Positive
U1176,C07421,1,N,Negative
U0401,C10199,1,N,Negative
U0436,C14458,1,Y,Negative
U1011,C14888,1,Y,Negative
U0825,C15491,2,Y,Negative
U1155,C08489,2,N,Negative
U1698,C08588,4,Y,Positive
U1574,C07153,1,Y,Negative
U0409,C16192,4,Y,Positive
U1600,C06218,5,Y,Positive
U1096,C08832,4,Y,Positive
U0544,C02258,5,Y,Positive
U0792,C02722,2,N,Negative
U1376,C17447,1,N,Negative
U0427,C08797,5,Y,Positive
U1673,C02877,3,N,Neutral
U1591,C15049,3,Y,Neutral
U0826,C16903,1,N,Negative
U0676,C02910,2,N,Negative
U1731,C06201,1,Y,Negative
U1317,C09079,2,N,Negative
U1917,C01625,2,N,Negative
U1483,C08671,3,Y,Neutral
U0858,C08062,2,N,Negative
U0606,C16178,5,Y,Positive
U1895,C03768,5,Y,Positive
U1546,C04580,3,Y,Neutral
U0150,C02318,5,Y,Positive
U0559,C08109,2,Y,Negative
U0774,C06457,2,N,Negative
U0987,C17709,5,Y,Positive
U0134,C09993,5,Y,Positive
U1054,C03530,2,Y,Negative
U0068,C08366,1,N,Negative
U1765,C10497,5,Y,Positive
U0729,C12387,3,Y,Neutral
U1972,C13964,2,N,Negative
U1063,C01025,2,N,Negative
U1937,C14199,3,Y,Neutral
U0928,C06855,2,Y,Negative
U0152,C11911,2,Y,Negative
U0150,C16445,2,N,Negative
U0409,C13997,3,Y,Neutral
U0123,C03459,4,Y,Positive
U0441,C10706,3,N,Neutral
U0534,C06032,2,N,Negative
U1945,C01316,4,Y,Positive
U0201,C02547,2,N,Negative
U1308,C15683,5,Y,Positive
U0362,C10716,2,Y,Negative
U0601,C13495,4,Y,Positive
U1544,C11632,2,N,Negative
U0643,C05156,5,Y,Positive
U1387,C14353,2,N,Negative
U0512,C15017,3,N,Neutral
U0560,C07060,5,Y,Positive
U0870,C04651,1,Y,Negative
U0680,C07449,2,N,Negative
U1130,C13275,3,N,Neutral
U0790,C02055,5,Y,Positive
U0313,C15055,1,Y,Negative
U1637,C15191,2,N,Negative
U0343,C16668,5,Y,Positive
U0681,C01189,5,Y,Positive
U1892,C07171,4,Y,Positive
U0537,C08689,4,Y,Positive
U0934,C08707,3,N,Neutral
U1943,C13208,3,Y,Neutral
U1566,C11205,2,N,Negative
U0563,C03289,2,Y,Negative
U0923,C15489,1,Y,Negative
U0496,C05956,5,Y,Positive
U1312,C06973,3,Y,Neutral
U0375,C01317,2,Y,Negative
U0385,C05506,3,Y,Neutral
U1865,C06437,4,Y,Positive
U1885,C15954,4,Y,Positive
U1291,C11799,1,N,Negative
U1040,C17155,1,Y,Negative
U1953,C01744,2,N,Negative
U0026,C12512,4,Y,Positive
U0052,C06454,1,Y,Negative
U1951,C15385,1,N,Negative
U0693,C17459,2,N,Negative
U1924,C05196,3,N,Neutral
U1530,C01009,3,N,Neutral
U1882,C15306,3,N,Neutral
U1590,C05644,2,Y,Negative
U1054,C00534,5,Y,Positive
U1924,C07178,5,Y,Positive
U0523,C16270,1,N,Negative
U0072,C15405,2,Y,Negative
U1294,C08358,3,Y,Neutral
U1355,C06915,1,N,Negative
U0246,C16720,5,Y,Positive
U0050,C13766,5,Y,Positive
U0725,C04498,5,Y,Positive
U0725,C12371,3,N,Neutral
U1474,C16927,3,Y,Neutral
U1032,C12466,3,N,Neutral
U0447,C06874,3,Y,Neutral
U0815,C17588,1,N,Negative
U1642,C03698,1,N,Negative
U0154,C05685,1,N,Negative
U1971,C15797,2,Y,Negative
U1412,C04500,4,Y,Positive
U1801,C03295,5,Y,Positive
U1555,C09829,4,Y,Positive
U1725,C04696,2,N,Negative
U0358,C17595,2,N,Negative
U1039,C03644,1,N,Negative
U1714,C01525,1,N,Negative
U1166,C14928,5,Y,Positive
U0998,C01311,1,N,Negative
U1865,C07469,4,Y,Positive
U1262,C02683,5,Y,Positive
U0462,C07364,1,Y,Negative
U0849,C07625,3,N,Neutral
U1656,C05878,2,Y,Negative
U0202,C04965,4,Y,Positive
U0122,C14762,3,Y,Neutral
U0113,C09859,3,Y,Neutral
U1088,C07336,2,Y,Negative
U1483,C07385,1,N,Negative
U1593,C05793,5,Y,Positive
U0842,C14980,1,Y,Negative
U0194,C00144,1,N,Negative
U0090,C01919,4,Y,Positive
U0497,C10534,4,Y,Positive
U0989,C01136,2,N,Negative
U1785,C14058,2,Y,Negative
U0025,C15664,3,Y,Neutral
U1720,C05484,4,Y,Positive
U0442,C03708,1,Y,Negative
U0758,C14248,4,Y,Positive
U0760,C01133,5,Y,Positive
U1622,C05451,4,Y,Positive
U0899,C15451,5,Y,Positive
U0010,C11742,3,N,Neutral
U0312,C15679,1,Y,Negative
U1791,C05714,3,Y,Neutral
U1307,C13266,1,N,Negative
U0433,C10941,5,Y,Positive
U0483,C08048,5,Y,Positive
U1647,C17655,4,Y,Positive
U0881,C16831,4,Y,Positive
U0753,C01283,2,N,Negative
U0718,C06353,1,N,Negative
U1277,C07663,3,Y,Neutral
U1044,C15176,5,Y,Positive
U0057,C17134,5,Y,Positive
U1985,C13495,3,N,Neutral
U1153,C10437,5,Y,Positive
U1108,C06581,4,Y,Positive
U1380,C06982,2,N,Negative
U1935,C13769,2,Y,Negative
U1785,C10290,1,Y,Negative
U1771,C03984,4,Y,Positive
U1761,C11728,2,N,Negative
U0821,C03150,3,Y,Neutral
U0165,C08021,1,Y,Negative
U1947,C07521,4,Y,Positive
U1819,C13979,1,Y,Negative
U0743,C05111,5,Y,Positive
U0539,C16091,3,N,Neutral
U1047,C05528,1,N,Negative
U1604,C06327,1,N,Negative
U0673,C11671,1,N,Negative
U1118,C05347,3,N,Neutral
U0743,C11744,2,N,Negative
U0098,C15983,5,Y,Positive
U0467,C14732,5,Y,Positive
U1663,C00321,5,Y,Positive
U1133,C06568,2,Y,Negative
U1488,C01149,1,N,Negative
U1305,C14207,1,Y,Negative
U1036,C04706,4,Y,Positive
U0926,C08862,5,Y,Positive
U1628,C15639,2,N,Negative
U1239,C15406,4,Y,Positive
U1377,C02318,2,N,Negative
U0171,C11482,1,Y,Negative
U1355,C16570,2,Y,Negative
U0586,C11299,3,N,Neutral
U1420,C01346,1,N,Negative
U0553,C14541,1,Y,Negative
U0793,C00797,4,Y,Positive
U0375,C16093,2,Y,Negative
U0946,C09450,3,N,Neutral
U1967,C01732,1,N,Negative
U0269,C14730,2,Y,Negative
U1798,C04248,4,Y,Positive
U1263,C07144,3,N,Neutral
U0123,C13164,5,Y,Positive
U0947,C14850,3,Y,Neutral
U1445,C05483,2,N,Negative
U0448,C12238,4,Y,Positive
U0701,C09090,4,Y,Positive
U1392,C17097,5,Y,Positive
U0305,C06605,4,Y,Positive
U0798,C07059,5,Y,Positive
U0587,C14195,3,N,Neutral
U1662,C03540,5,Y,Positive
U0103,C04140,2,Y,Negative
U0605,C10907,5,Y,Positive
U1781,C14949,4,Y,Positive
U0288,C10042,5,Y,Positive
U0488,C10072,2,N,Negative
U0988,C09234,1,Y,Negative
U0604,C10325,5,Y,Positive
U1706,C03885,1,N,Negative
U1179,C10283,3,N,Neutral
U1122,C01369,5,Y,Positive
U0485,C14008,3,N,Neutral
U1798,C08209,5,Y,Positive
U0433,C02831,5,Y,Positive
U1675,C10712,1,Y,Negative
U0761,C06848,1,Y,Negative
U1012,C08699,4,Y,Positive
U1856,C16473,1,Y,Negative
U1885,C07726,2,Y,Negative
U0479,C05965,2,N,Negative
U1171,C03350,1,Y,Negative
U0769,C15464,3,Y,Neutral
U1194,C09577,2,N,Negative
U0409,C05538,3,Y,Neutral
U0117,C07504,3,N,Neutral
U1458,C15959,3,N,Neutral
U1278,C13588,1,N,Negative
U1869,C02067,3,N,Neutral
U0307,C12346,1,N,Negative
U1889,C02281,1,Y,Negative
U0887,C17651,2,Y,Negative
U1871,C06997,2,N,Negative
U0006,C12251,2,N,Negative
U1786,C12021,2,Y,Negative
U1231,C15237,5,Y,Positive
U1240,C16780,3,N,Neutral
U1894,C01697,3,N,Neutral
U0795,C11600,5,Y,Positive
U1982,C01459,1,Y,Negative
U0896,C02676,2,Y,Negative
U1462,C12049,1,Y,Negative
U0085,C02858,1,N,Negative
U1752,C00080,5,Y,Positive
U0109,C03319,5,Y,Positive
U0766,C09445,2,Y,Negative
U0801,C00498,2,Y,Negative
U1086,C14631,2,N,Negative
U0980,C08527,1,N,Negative
U1765,C10659,5,Y,Positive
U0058,C08369,5,Y,Positive
U0597,C07378,5,Y,Positive
U0465,C11698,2,Y,Negative
U1537,C02519,5,Y,Positive
U1433,C08422,5,Y,Positive
U1555,C15186,3,N,Neutral
U1544,C10679,4,Y,Positive
U1977,C04484,3,Y,Neutral
U1510,C03685,2,Y,Negative
U0118,C09988,3,N,Neutral
U1252,C02484,3,Y,Neutral
U0336,C00516,1,Y,Negative
U0034,C11989,1,Y,Negative
U0519,C14531,3,N,Neutral
U1416,C06607,4,Y,Positive
U0562,C01844,3,Y,Neutral
U1033,C11067,3,Y,Neutral
U0481,C14243,4,Y,Positive
U0283,C15309,5,Y,Positive
U1432,C05262,1,Y,Negative
U0062,C03379,4,Y,Positive
U0765,C02818,3,Y,Neutral
U1804,C01051,4,Y,Positive
U0641,C03018,5,Y,Positive
U0403,C06453,3,N,Neutral
U0866,C08531,1,Y,Negative
U2000,C00446,2,N,Negative
U1102,C01789,3,Y,Neutral
U1927,C04817,4,Y,Positive
U0716,C12374,5,Y,Positive
U0120,C02763,4,Y,Positive
U1122,C08502,5,Y,Positive
U1200,C11704,1,N,Negative
U0283,C10890,1,Y,Negative
U0627,C11488,2,N,Negative
U1148,C06287,1,Y,Negative
U0462,C02853,3,Y,Neutral
U1066,C11554,1,Y,Negative
U0704,C13018,2,N,Negative
U0354,C12177,1,Y,Negative
U1932,C16291,3,N,Neutral
U0513,C01250,4,Y,Positive
U1284,C12899,3,Y,Neutral
U0165,C06240,1,Y,Negative
U0328,C12428,3,Y,Neutral
U0496,C03861,3,Y,Neutral
U1983,C06141,3,N,Neutral
U0441,C06713,4,Y,Positive
U0237,C14852,2,N,Negative
U1643,C10531,1,Y,Negative
U0442,C11005,1,N,Negative
U1650,C00246,3,N,Neutral
U0455,C09112,2,N,Negative
U1711,C12678,3,Y,Neutral
U0492,C10020,4,Y,Positive
U1783,C10494,3,Y,Neutral
U0014,C10647,4,Y,Positive
U1197,C12583,3,Y,Neutral
U1034,C04112,3,N,Neutral
U0075,C11557,2,N,Negative
U0801,C07714,4,Y,Positive
U1140,C04819,3,N,Neutral
U0530,C10891,1,N,Negative
U1362,C14210,5,Y,Positive
U1816,C04879,4,Y,Positive
U0640,C10506,4,Y,Positive
U1242,C09642,4,Y,Positive
U1185,C10570,2,Y,Negative
U1329,C05624,2,N,Negative
U0210,C04194,3,Y,Neutral
U1308,C05677,3,N,Neutral
U1277,C02452,3,Y,Neutral
U1163,C13359,3,N,Neutral
U1799,C14340,1,Y,Negative
U0779,C01394,2,N,Negative
U0964,C01592,2,Y,Negative
U1110,C04084,4,Y,Positive
U0194,C14919,5,Y,Positive
U1438,C11244,2,N,Negative
U0220,C05257,2,N,Negative
U1067,C12139,4,Y,Positive
U1029,C17342,5,Y,Positive
U0188,C12608,1,N,Negative
U0098,C06216,5,Y,Positive
U1574,C04811,3,Y,Neutral
U0199,C07290,4,Y,Positive
U0439,C12224,3,N,Neutral
U0372,C10511,2,Y,Negative
U0795,C09560,1,N,Negative
U1214,C11815,2,Y,Negative
U0255,C11856,3,N,Neutral
U1822,C16763,1,Y,Negative
U1926,C16925,5,Y,Positive
U0351,C07322,5,Y,Positive
U0298,C02721,5,Y,Positive
U0328,C04102,2,Y,Negative
U1755,C12585,5,Y,Positive
U0387,C06257,4,Y,Positive
U1039,C15454,1,N,Negative
U1359,C03435,5,Y,Positive
U0524,C04672,4,Y,Positive
U0383,C14343,5,Y,Positive
U1733,C01540,4,Y,Positive
U0410,C01985,1,N,Negative
U0253,C05787,4,Y,Positive
U1057,C09051,1,Y,Negative
U1397,C08087,1,Y,Negative
U1754,C13574,2,N,Negative
U0247,C11823,2,Y,Negative
U0723,C02904,5,Y,Positive
U1332,C02876,2,Y,Negative
U1611,C03269,5,Y,Positive
U1469,C14243,4,Y,Positive
U1948,C14684,5,Y,Positive
U0810,C10548,5,Y,Positive
U1383,C00435,2,N,Negative
U1585,C05847,5,Y,Positive
U1769,C12029,3,Y,Neutral
U1141,C09371,4,Y,Positive
U1550,C08822,5,Y,Positive
U0294,C13453,5,Y,Positive
U1442,C11043,2,Y,Negative
U0703,C10605,3,Y,Neutral
U1591,C10420,3,N,Neutral
U1534,C11352,2,Y,Negative
U1783,C10849,2,Y,Negative
U1236,C04613,5,Y,Positive
U0210,C11128,1,N,Negative
U1789,C07184,5,Y,Positive
U1794,C01769,5,Y,Positive
U1935,C16583,4,Y,Positive
U1187,C13620,3,N,Neutral
U0660,C02659,5,Y,Positive
U0880,C10702,3,Y,Neutral
U0552,C01793,4,Y,Positive
U0236,C12415,4,Y,Positive
U0265,C16532,4,Y,Positive
U1413,C00563,3,Y,Neutral
U1353,C05585,1,N,Negative
U1798,C01131,3,Y,Neutral
U1108,C01961,1,N,Negative
U0711,C07261,4,Y,Positive
U0196,C10259,2,Y,Negative
U0244,C09542,2,N,Negative
U1805,C11662,4,Y,Positive
U0775,C01063,3,Y,Neutral
U0637,C06002,5,Y,Positive
U0807,C05359,1,N,Negative
U1130,C08719,1,Y,Negative
U1959,C17360,4,Y,Positive
U1079,C15977,4,Y,Positive
U0148,C16654,5,Y,Positive
U1915,C01718,1,Y,Negative
U0034,C03965,2,N,Negative
U1468,C02295,4,Y,Positive
U1314,C11155,5,Y,Positive
U1096,C11271,4,Y,Positive
U1914,C15152,4,Y,Positive
U0600,C01182,1,N,Negative
U1547,C01239,2,Y,Negative
U1495,C03212,2,N,Negative
U0596,C15609,2,Y,Negative
U0629,C05656,2,Y,Negative
U0493,C17544,3,N,Neutral
U0330,C17110,2,N,Negative
U1302,C13746,4,Y,Positive
U1270,C05588,1,N,Negative
U0231,C03013,3,N,Neutral
U0568,C14837,1,Y,Negative
U0045,C15386,5,Y,Positive
U1563,C13952,2,N,Negative
U0500,C16606,2,N,Negative
U0592,C01526,1,N,Negative
U0767,C05713,2,N,Negative
U0405,C01285,2,N,Negative
U1868,C08316,1,Y,Negative
U1970,C15602,3,Y,Neutral
U1966,C05091,1,Y,Negative
U1234,C10919,4,Y,Positive
U1550,C10588,3,Y,Neutral
U0697,C13715,1,Y,Negative
U0957,C17179,1,N,Negative
U0955,C10647,5,Y,Positive
U1662,C14213,1,Y,Negative
U1906,C09072,3,Y,Neutral
U0132,C01284,1,Y,Negative
U0008,C16371,5,Y,Positive
U0035,C02533,1,N,Negative
U0286,C01780,1,Y,Negative
U1894,C02136,5,Y,Positive
U0084,C01716,3,Y,Neutral
U0086,C15814,1,Y,Negative
U0890,C16079,3,Y,Neutral
U0080,C01852,1,N,Negative
U1740,C12750,3,Y,Neutral
U1692,C10849,5,Y,Positive
U1253,C17254,5,Y,Positive
U0922,C05598,2,Y,Negative
U1584,C08684,1,Y,Negative
U0995,C02001,2,N,Negative
U1819,C04930,1,Y,Negative
U0960,C01111,5,Y,Positive
U1655,C10825,5,Y,Positive
U0869,C05599,1,N,Negative
U1484,C02629,3,N,Neutral
U0385,C12428,5,Y,Positive
U1284,C00176,2,Y,Negative
U1199,C11753,4,Y,Positive
U0503,C01196,2,Y,Negative
U0874,C04193,4,Y,Positive
U0111,C13926,1,N,Negative
U0856,C09089,2,Y,Negative
U0074,C16754,1,Y,Negative
U1988,C08069,2,N,Negative
U1900,C06107,4,Y,Positive
U0663,C03220,3,N,Neutral
U1112,C08647,5,Y,Positive
U0110,C06563,1,N,Negative
U1602,C10392,5,Y,Positive
U0680,C08360,5,Y,Positive
U0664,C02033,4,Y,Positive
U1525,C08640,2,N,Negative
U0372,C07667,4,Y,Positive
U1230,C03046,3,N,Neutral
U1455,C14466,5,Y,Positive
U0918,C06627,5,Y,Positive
U1154,C15068,1,N,Negative
U0838,C06898,5,Y,Positive
U1668,C03427,1,N,Negative
U0863,C07854,1,Y,Negative
U0923,C15474,5,Y,Positive
U1238,C06008,3,Y,Neutral
U0489,C08113,5,Y,Positive
U1731,C17049,1,N,Negative
U0022,C16581,3,N,Neutral
U0307,C16976,2,Y,Negative
U1402,C05378,2,Y,Negative
U1638,C16869,1,Y,Negative
U0779,C10680,3,N,Neutral
U0562,C12794,1,N,Negative
U0804,C13179,1,N,Negative
U0606,C10228,1,Y,Negative
U0534,C13168,2,N,Negative
U1396,C01069,2,Y,Negative
U0604,C17495,4,Y,Positive
U1478,C02136,5,Y,Positive
U1623,C01709,4,Y,Positive
U1140,C04080,1,N,Negative
U1333,C04451,5,Y,Positive
U1432,C05847,4,Y,Positive
U0701,C11619,2,Y,Negative
U0314,C11905,4,Y,Positive
U1411,C01714,1,Y,Negative
U0765,C03104,3,N,Neutral
U0025,C15929,2,Y,Negative
U1908,C14667,4,Y,Positive
U0580,C03392,5,Y,Positive
U1483,C12722,5,Y,Positive
U0202,C09485,2,N,Negative
U1628,C15677,2,Y,Negative
U0006,C14310,4,Y,Positive
U1755,C16603,1,Y,Negative
U1031,C00019,3,Y,Neutral
U0663,C04383,2,Y,Negative
U0536,C05365,2,N,Negative
U1007,C04078,4,Y,Positive
U1743,C11878,5,Y,Positive
U1008,C04745,2,Y,Negative
U1790,C13935,4,Y,Positive
U1315,C14932,2,N,Negative
U0891,C05609,2,N,Negative
U1767,C03459,3,N,Neutral
U0667,C09229,1,N,Negative
U1824,C12048,2,Y,Negative
U1344,C08601,2,N,Negative
U0402,C02930,1,Y,Negative
U0520,C15811,1,N,Negative
U1494,C02442,4,Y,Positive
U1565,C00067,1,Y,Negative
U1342,C01473,5,Y,Positive
U1705,C14182,1,Y,Negative
U1655,C07599,3,N,Neutral
U0171,C15639,4,Y,Positive
U0761,C01448,2,N,Negative
U0485,C16414,3,Y,Neutral
U0461,C06364,4,Y,Positive
U0333,C09807,5,Y,Positive
U1476,C09694,4,Y,Positive
U1751,C10719,4,Y,Positive
U1951,C00266,2,Y,Negative
U1477,C10104,3,Y,Neutral
U0519,C16240,2,Y,Negative
U0384,C12147,3,Y,Neutral
U1092,C01303,1,Y,Negative
U1329,C04440,2,N,Negative
U0997,C12643,5,Y,Positive
U0599,C06309,2,N,Negative
U0913,C01022,4,Y,Positive
U0098,C15258,3,N,Neutral
U1916,C10180,4,Y,Positive
U1008,C15153,2,Y,Negative
U0141,C12044,4,Y,Positive
U0677,C00064,1,Y,Negative
U1066,C17632,1,Y,Negative
U1453,C13912,2,Y,Negative
U0626,C09944,1,Y,Negative
U1524,C03169,2,N,Negative
U1101,C13027,1,Y,Negative
U0523,C01419,4,Y,Positive
U0552,C03369,2,Y,Negative
U0917,C13223,3,N,Neutral
U0093,C12055,3,N,Neutral
U0338,C10934,1,N,Negative
U0636,C05704,3,N,Neutral
U1859,C10757,4,Y,Positive
U1462,C02770,3,Y,Neutral
U0132,C05076,2,N,Negative
U0996,C09948,2,Y,Negative
U1069,C07817,2,Y,Negative
U0959,C14929,2,N,Negative
U1742,C03239,4,Y,Positive
U0646,C01658,1,Y,Negative
U0746,C04060,2,N,Negative
U1044,C07355,5,Y,Positive
U1408,C01672,2,N,Negative
U1164,C09459,3,N,Neutral
U1000,C00293,1,Y,Negative
U0658,C16074,2,N,Negative
U0271,C16951,4,Y,Positive
U0380,C11766,1,Y,Negative
U0970,C01866,3,N,Neutral
U1544,C11385,1,N,Negative
U1655,C07432,5,Y,Positive
U0413,C09193,3,Y,Neutral
U0735,C05541,3,N,Neutral
U0546,C15344,5,Y,Positive
U0677,C11847,3,N,Neutral
U1468,C14751,4,Y,Positive
U0730,C14343,1,Y,Negative
U1077,C08317,4,Y,Positive
U0562,C14174,3,Y,Neutral
U0732,C15088,4,Y,Positive
U0849,C06824,2,N,Negative
U1660,C03241,2,N,Negative
U1331,C13871,1,Y,Negative
U0039,C11113,2,N,Negative
U1153,C11613,1,N,Negative
U0467,C12232,1,N,Negative
U1284,C09313,1,Y,Negative
U1115,C06574,5,Y,Positive
U1044,C17404,3,N,Neutral
U0988,C14278,1,Y,Negative
U1231,C01754,1,Y,Negative
U0990,C09568,2,Y,Negative
U0576,C11495,2,Y,Negative
U1217,C07121,2,Y,Negative
U0418,C17518,4,Y,Positive
U0843,C12324,5,Y,Positive
U0215,C17476,4,Y,Positive
U0299,C05017,1,Y,Negative
U1856,C03734,1,N,Negative
U1120,C05597,3,Y,Neutral
U0965,C06326,4,Y,Positive
U0712,C12763,1,Y,Negative
U1071,C03144,1,Y,Negative
U0015,C15735,5,Y,Positive
U0375,C15899,4,Y,Positive
U1322,C14243,5,Y,Positive
U0909,C14648,1,N,Negative
U1000,C01691,4,Y,Positive
U1161,C09067,5,Y,Positive
U1413,C04235,3,Y,Neutral
U0794,C10401,5,Y,Positive
U0091,C00024,5,Y,Positive
U0200,C07777,2,N,Negative
U0391,C01594,3,N,Neutral
U0580,C01195,4,Y,Positive
U0481,C12493,4,Y,Positive
U1833,C08150,2,Y,Negative
U0613,C12125,4,Y,Positive
U0022,C15170,1,N,Negative
U0748,C00898,2,N,Negative
U1863,C09453,1,N,Negative
U1396,C13171,1,Y,Negative
U0566,C06171,3,N,Neutral
U1887,C14546,2,N,Negative
U1668,C17514,1,Y,Negative
U0722,C10821,1,N,Negative
U0556,C06863,3,N,Neutral
U1708,C06255,5,Y,Positive
U1105,C06400,1,N,Negative
U0405,C15539,5,Y,Positive
U1169,C10356,3,N,Neutral
U0209,C02214,4,Y,Positive
U0990,C08213,1,Y,Negative
U1804,C11662,1,Y,Negative
U1638,C05284,4,Y,Positive
U0250,C00333,3,N,Neutral
U1540,C04043,5,Y,Positive
U0964,C13030,1,N,Negative
U1410,C05241,4,Y,Positive
U0095,C05948,1,N,Negative
U1486,C07221,2,N,Negative
U0566,C17256,2,N,Negative
U1077,C10000,3,N,Neutral
U0604,C02021,1,N,Negative
U1875,C02053,5,Y,Positive
U1009,C15317,3,Y,Neutral
U1961,C12910,3,Y,Neutral
U0726,C12996,5,Y,Positive
U0467,C02283,5,Y,Positive
U1346,C15598,1,N,Negative
U1123,C08688,1,Y,Negative
U0831,C09225,1,Y,Negative
U0881,C04748,1,N,Negative
U1245,C08736,4,Y,Positive
U1573,C02914,3,Y,Neutral
U0439,C08743,4,Y,Positive
U1203,C10384,4,Y,Positive
U0110,C11711,4,Y,Positive
U1923,C07235,5,Y,Positive
U1918,C04586,5,Y,Positive
U1656,C09280,3,N,Neutral
U1795,C00447,5,Y,Positive
U0185,C07439,4,Y,Positive
U0333,C00661,3,Y,Neutral
U1921,C04155,2,N,Negative
U1156,C09345,1,N,Negative
U1344,C16829,4,Y,Positive
U1121,C03944,4,Y,Positive
U1597,C17579,1,Y,Negative
U0615,C04738,3,Y,Neutral
U0644,C17005,1,N,Negative
U1315,C08611,4,Y,Positive
U0812,C04434,2,Y,Negative
U0221,C07412,3,Y,Neutral
U1121,C14191,1,Y,Negative
U0551,C05304,4,Y,Positive
U0012,C00691,4,Y,Positive
U0402,C03540,1,Y,Negative
U0551,C01956,5,Y,Positive
U1788,C13541,3,Y,Neutral
U0707,C12416,2,N,Negative
U1116,C12167,1,N,Negative
U0374,C10352,3,Y,Neutral
U0025,C02171,3,N,Neutral
U0876,C04855,3,Y,Neutral
U0340,C15794,3,N,Neutral
U1623,C11197,4,Y,Positive
U0580,C15507,2,N,Negative
U0044,C15188,1,Y,Negative
U1182,C14326,1,Y,Negative
U0530,C12923,4,Y,Positive
U1067,C06394,5,Y,Positive
U1445,C11877,3,N,Neutral
U0915,C10358,4,Y,Positive
U1671,C00954,4,Y,Positive
U1464,C00216,1,N,Negative
U0467,C05001,4,Y,Positive
U1249,C11329,4,Y,Positive
U0624,C02751,2,Y,Negative
U0365,C13478,4,Y,Positive
U0334,C06748,1,Y,Negative
U0721,C16544,1,Y,Negative
U0866,C15002,5,Y,Positive
U1551,C09505,1,Y,Negative
U1534,C03568,5,Y,Positive
U0713,C15994,4,Y,Positive
U1285,C13859,5,Y,Positive
U0569,C08740,3,Y,Neutral
U0944,C13950,5,Y,Positive
U0128,C15664,4,Y,Positive
U1277,C07815,4,Y,Positive
U1889,C03423,1,Y,Negative
U1817,C10119,4,Y,Positive
U1979,C06333,1,Y,Negative
U1510,C12524,3,Y,Neutral
U1040,C12449,3,N,Neutral
U1734,C07922,3,Y,Neutral
U1021,C07534,4,Y,Positive
U1085,C06363,4,Y,Positive
U0329,C16727,4,Y,Positive
U0325,C16442,4,Y,Positive
U1917,C13855,4,Y,Positive
U0103,C13169,5,Y,Positive
U0620,C10899,1,N,Negative
U0577,C08362,2,Y,Negative
U0219,C16725,3,N,Neutral
U1216,C02978,2,Y,Negative
U0408,C04899,2,N,Negative
U1373,C08009,2,Y,Negative
U1207,C13193,3,N,Neutral
U0969,C16423,1,N,Negative
U0217,C14308,2,N,Negative
U0109,C16438,1,Y,Negative
U0918,C01935,3,Y,Neutral
U1863,C14997,2,N,Negative
U1299,C14673,5,Y,Positive
U0426,C08145,1,Y,Negative
U1207,C14859,1,N,Negative
U1484,C14267,3,N,Neutral
U1673,C09656,3,N,Neutral
U0207,C13589,1,Y,Negative
U0651,C09800,3,Y,Neutral
U1331,C06461,2,Y,Negative
U1438,C01722,3,Y,Neutral
U0828,C15090,2,Y,Negative
U1076,C09779,4,Y,Positive
U1181,C06268,2,N,Negative
U1960,C09513,5,Y,Positive
U1988,C12779,3,N,Neutral
U1371,C10361,2,N,Negative
U0757,C06656,2,Y,Negative
U1496,C05684,5,Y,Positive
U0755,C05860,3,N,Neutral
U0989,C05402,4,Y,Positive
U1612,C14400,2,Y,Negative
U0073,C00131,4,Y,Positive
U0435,C04204,2,Y,Negative
U0312,C01168,4,Y,Positive
U0173,C17034,5,Y,Positive
U0996,C06100,3,Y,Neutral
U0241,C10965,2,Y,Negative
U0566,C06926,2,Y,Negative
U1961,C07171,3,Y,Neutral
U0887,C14945,1,Y,Negative
U0545,C08433,2,N,Negative
U0333,C12592,4,Y,Positive
U0900,C03746,5,Y,Positive
U1632,C00130,3,Y,Neutral
U1710,C04470,3,N,Neutral
U0397,C17005,1,N,Negative
U1216,C07621,2,Y,Negative
U0919,C12626,2,Y,Negative
U1400,C04860,1,N,Negative
U0883,C16649,4,Y,Positive
U0422,C13872,4,Y,Positive
U0221,C03021,4,Y,Positive
U0450,C13801,4,Y,Positive
U1604,C13829,3,Y,Neutral
U1554,C16559,2,Y,Negative
U1252,C10774,2,Y,Negative
U1867,C04358,5,Y,Positive
U0240,C15900,2,N,Negative
U1482,C16858,1,Y,Negative
U1898,C16232,4,Y,Positive
U0622,C07929,5,Y,Positive
U0736,C10846,4,Y,Positive
U0257,C14654,5,Y,Positive
U1905,C12081,5,Y,Positive
U0022,C01816,1,N,Negative
U1025,C12554,2,N,Negative
U1933,C15194,1,Y,Negative
U1370,C07635,3,Y,Neutral
U1305,C16298,4,Y,Positive
U0755,C06687,5,Y,Positive
U1049,C12087,3,N,Neutral
U0257,C08055,5,Y,Positive
U0578,C11001,4,Y,Positive
U1260,C02997,2,Y,Negative
U1332,C01237,2,Y,Negative
U1003,C11294,1,N,Negative
U1246,C00458,3,N,Neutral
U0869,C08525,2,Y,Negative
U1368,C08666,5,Y,Positive
U0581,C08465,5,Y,Positive
U1768,C13158,5,Y,Positive
U0663,C14731,2,Y,Negative
U0715,C03947,1,Y,Negative
U0991,C16493,2,N,Negative
U1067,C10295,5,Y,Positive
U0703,C01271,3,N,Neutral
U1404,C16953,5,Y,Positive
U0384,C04105,1,Y,Negative
U0323,C12223,5,Y,Positive
U0765,C05309,2,Y,Negative
U0292,C14003,2,Y,Negative
U1828,C10668,1,N,Negative
U1021,C11949,5,Y,Positive
U1499,C07641,2,Y,Negative
U1439,C14015,4,Y,Positive
U0457,C10456,5,Y,Positive
U0935,C01173,5,Y,Positive
U1542,C15569,1,N,Negative
U1950,C02589,2,N,Negative
U1292,C15651,4,Y,Positive
U0632,C12892,3,Y,Neutral
U1202,C09902,5,Y,Positive
U0352,C12157,5,Y,Positive
U1430,C11605,1,N,Negative
U1341,C13115,2,Y,Negative
U0368,C16432,2,Y,Negative
U1687,C04674,1,Y,Negative
U1850,C06749,1,Y,Negative
U1347,C01514,4,Y,Positive
U0103,C11158,1,Y,Negative
U1577,C10564,3,N,Neutral
U0439,C09024,1,N,Negative
U0856,C11094,2,N,Negative
U0863,C03453,4,Y,Positive
U1151,C04044,3,N,Neutral
U1789,C07049,5,Y,Positive
U1160,C09288,5,Y,Positive
U0446,C12695,3,N,Neutral
U1738,C09174,2,Y,Negative
U0629,C05418,1,N,Negative
U0479,C08357,2,Y,Negative
U1370,C00574,5,Y,Positive
U0645,C11015,4,Y,Positive
U1080,C03054,1,N,Negative
U0122,C11249,1,Y,Negative
U0258,C17438,4,Y,Positive
U1150,C01125,1,Y,Negative
U1435,C00322,4,Y,Positive
U1643,C10668,2,N,Negative
U0719,C03783,5,Y,Positive
U1271,C03243,4,Y,Positive
U1281,C17458,5,Y,Positive
U0290,C05951,1,Y,Negative
U0227,C12124,4,Y,Positive
U1650,C00313,1,Y,Negative
U1384,C14980,5,Y,Positive
U1577,C11618,5,Y,Positive
U0199,C09816,2,N,Negative
U1881,C01036,3,N,Neutral
U0772,C08204,1,N,Negative
U1242,C15157,4,Y,Positive
U1874,C15586,2,Y,Negative
U1862,C01395,2,N,Negative
U0089,C15715,4,Y,Positive
U1683,C06239,4,Y,Positive
U1563,C01501,4,Y,Positive
U1045,C02976,1,Y,Negative
U1049,C12703,1,N,Negative
U0158,C07444,4,Y,Positive
U0885,C07704,4,Y,Positive
U0725,C09947,3,Y,Neutral
U1196,C01675,4,Y,Positive
U0279,C00096,4,Y,Positive
U1047,C03738,5,Y,Positive
U1350,C06351,5,Y,Positive
U0459,C11013,5,Y,Positive
U1279,C01504,5,Y,Positive
U1642,C06699,5,Y,Positive
U1866,C00578,2,Y,Negative
U1449,C05483,4,Y,Positive
U1135,C02883,5,Y,Positive
U0895,C10212,4,Y,Positive
U0940,C01710,5,Y,Positive
U0953,C07980,4,Y,Positive
U0458,C13599,1,Y,Negative
U0463,C05879,1,N,Negative
U0183,C02680,1,Y,Negative
U1858,C17252,3,N,Neutral
U1534,C08526,5,Y,Positive
U0722,C07126,3,Y,Neutral
U1785,C14922,5,Y,Positive
U0913,C03841,2,N,Negative
U0579,C00320,5,Y,Positive
U1234,C09747,2,Y,Negative
U0108,C03020,1,N,Negative
U1108,C14237,3,Y,Neutral
U1661,C13956,5,Y,Positive
U0876,C08820,3,N,Neutral
U1051,C07962,1,N,Negative
U0860,C02167,2,Y,Negative
U1514,C11438,5,Y,Positive
U1908,C00376,5,Y,Positive
U0407,C07857,4,Y,Positive
U1984,C13171,2,Y,Negative
U1658,C08516,3,N,Neutral
U1836,C00735,3,N,Neutral
U1633,C07052,3,N,Neutral
U1801,C11888,4,Y,Positive
U1154,C11288,1,Y,Negative
U1149,C10647,1,Y,Negative
U0814,C08461,5,Y,Positive
U1790,C16647,1,Y,Negative
U0289,C00928,2,Y,Negative
U1408,C08066,1,Y,Negative
U1921,C15698,1,Y,Negative
U1826,C10184,5,Y,Positive
U1380,C05540,4,Y,Positive
U0889,C05357,1,N,Negative
U1165,C16924,3,N,Neutral
U1591,C12443,5,Y,Positive
U0237,C04381,3,Y,Neutral
U0161,C06960,2,N,Negative
U1782,C12285,2,Y,Negative
U1186,C17332,3,Y,Neutral
U0815,C14078,4,Y,Positive
U1665,C15444,2,N,Negative
U1844,C16292,5,Y,Positive
U0023,C05677,1,N,Negative
U1943,C04716,3,N,Neutral
U1274,C14507,2,N,Negative
U0094,C03568,5,Y,Positive
U1202,C04531,4,Y,Positive
U1004,C02376,1,Y,Negative
U0171,C10991,1,N,Negative
U1430,C04685,1,Y,Negative
U1283,C06684,4,Y,Positive
U1766,C07439,2,N,Negative
U1749,C10310,3,N,Neutral
U0362,C04985,3,Y,Neutral
U1165,C11372,5,Y,Positive
U1127,C15901,2,Y,Negative
U0645,C12728,4,Y,Positive
U0159,C16809,2,Y,Negative
U0043,C07203,5,Y,Positive
U1961,C16950,1,Y,Negative
U1677,C13865,4,Y,Positive
U0407,C01373,1,Y,Negative
U0129,C16343,1,Y,Negative
U0135,C03510,5,Y,Positive
U0353,C09163,4,Y,Positive
U1740,C12977,1,Y,Negative
U1888,C05971,4,Y,Positive
U0084,C00653,2,N,Negative
U1268,C12037,5,Y,Positive
U1350,C00999,5,Y,Positive
U1262,C02540,5,Y,Positive
U0257,C16459,5,Y,Positive
U0273,C01784,4,Y,Positive
U1950,C00987,3,N,Neutral
U0213,C02214,1,N,Negative
U1484,C12934,2,N,Negative
U0411,C12486,4,Y,Positive
U1879,C13923,2,Y,Negative
U1401,C04093,3,N,Neutral
U1541,C13134,5,Y,Positive
U0464,C05247,3,N,Neutral
U0554,C14240,1,N,Negative
U1259,C10839,1,N,Negative
U1119,C17674,4,Y,Positive
U1125,C01405,5,Y,Positive
U1130,C14029,1,N,Negative
U0231,C03471,2,N,Negative
U0191,C12777,5,Y,Positive
U0473,C08952,3,N,Neutral
U0397,C00450,2,N,Negative
U1579,C15391,5,Y,Positive
U1026,C05610,3,N,Neutral
U0829,C08708,4,Y,Positive
U0933,C02647,3,Y,Neutral
U0216,C15186,2,Y,Negative
U0570,C11865,3,Y,Neutral
U1883,C07464,2,N,Negative
U0385,C09556,2,N,Negative
U1525,C11782,1,Y,Negative
U1134,C16602,5,Y,Positive
U1058,C04983,5,Y,Positive
U0656,C07977,4,Y,Positive
U0933,C07115,3,N,Neutral
U1289,C04310,5,Y,Positive
U0186,C11165,2,Y,Negative
U1671,C05412,2,Y,Negative
U1950,C04184,1,Y,Negative
U1037,C10929,1,Y,Negative
U1159,C12626,1,N,Negative
U0793,C07969,4,Y,Positive
U1368,C11894,4,Y,Positive
U1545,C06767,4,Y,Positive
U0156,C09965,5,Y,Positive
U0309,C14433,2,Y,Negative
U1877,C10378,4,Y,Positive
U0970,C03675,4,Y,Positive
U0034,C16184,4,Y,Positive
U0422,C11310,1,Y,Negative
U1346,C13905,2,Y,Negative
U0237,C06588,3,N,Neutral
U1865,C00951,1,Y,Negative
U0310,C06347,1,Y,Negative
U1074,C06848,2,N,Negative
U1766,C11621,5,Y,Positive
U1037,C09859,3,Y,Neutral
U1448,C13509,2,N,Negative
U0856,C05510,1,Y,Negative
U1107,C12457,2,Y,Negative
U0101,C10044,4,Y,Positive
U1353,C03328,5,Y,Positive
U0564,C11640,5,Y,Positive
U0614,C12079,4,Y,Positive
U0914,C05357,5,Y,Positive
U1272,C09284,1,N,Negative
U1916,C02014,1,N,Negative
U0686,C02303,2,N,Negative
U0407,C13120,3,N,Neutral
U0925,C13222,2,Y,Negative
U0646,C06037,3,Y,Neutral
U1202,C16560,5,Y,Positive
U0680,C09550,3,N,Neutral
U1285,C12971,4,Y,Positive
U1222,C11758,1,Y,Negative
U1027,C12186,2,Y,Negative
U0325,C17258,5,Y,Positive
U0606,C05352,4,Y,Positive
U1505,C04566,5,Y,Positive
U0397,C13250,3,N,Neutral
U0223,C15655,5,Y,Positive
U1263,C11804,1,Y,Negative
U0220,C12237,1,N,Negative
U1963,C11213,1,Y,Negative
U0136,C12172,5,Y,Positive
U0865,C03332,3,Y,Neutral
U0817,C16590,2,N,Negative
U1831,C11383,2,N,Negative
U1724,C17177,3,N,Neutral
U1945,C16883,1,N,Negative
U1110,C07881,2,Y,Negative
U0390,C11053,4,Y,Positive
U1430,C08871,5,Y,Positive
U1702,C05435,2,N,Negative
U0598,C05986,3,Y,Neutral
U1846,C00479,5,Y,Positive
U0761,C01529,1,Y,Negative
U0807,C16842,2,N,Negative
U0368,C09500,4,Y,Positive
U0484,C00987,5,Y,Positive
U1719,C09223,4,Y,Positive
U1125,C09365,4,Y,Positive
U0329,C06660,4,Y,Positive
U0146,C06709,1,N,Negative
U0688,C14705,3,Y,Neutral
U0480,C14672,2,Y,Negative
U1410,C13475,2,Y,Negative
U1796,C08239,3,N,Neutral
U0393,C04664,4,Y,Positive
U0068,C09800,2,N,Negative
U0666,C17484,4,Y,Positive
U0575,C04122,2,Y,Negative
U1445,C03306,3,Y,Neutral
U1403,C06677,1,N,Negative
U1367,C13172,1,Y,Negative
U1168,C08108,3,Y,Neutral
U0458,C02282,5,Y,Positive
U1245,C13962,5,Y,Positive
U0765,C07279,4,Y,Positive
U0319,C03534,2,N,Negative
U1964,C01865,2,N,Negative
U0103,C17715,5,Y,Positive
U0279,C14100,3,N,Neutral
U0314,C03280,3,N,Neutral
U1180,C09985,5,Y,Positive
U1413,C12213,5,Y,Positive
U0633,C00847,5,Y,Positive
U0924,C12714,1,Y,Negative
U0577,C14116,5,Y,Positive
U0374,C11605,3,Y,Neutral
U1544,C00281,5,Y,Positive
U1591,C17447,1,Y,Negative
U1773,C12293,3,Y,Neutral
U1362,C11959,3,N,Neutral
U1912,C04243,3,Y,Neutral
U1932,C04545,2,Y,Negative
U1292,C10996,5,Y,Positive
U0616,C06332,3,Y,Neutral
U0306,C05629,3,Y,Neutral
U1634,C14479,5,Y,Positive
U1878,C16534,3,N,Neutral
U0735,C14936,3,Y,Neutral
U0172,C02834,1,Y,Negative
U1806,C05751,3,N,Neutral
U1469,C12501,1,N,Negative
U1431,C17689,2,Y,Negative
U0281,C16243,5,Y,Positive
U1521,C09430,2,N,Negative
U1542,C10120,5,Y,Positive
U1029,C10304,2,N,Negative
U1622,C07191,4,Y,Positive
U1845,C01466,2,Y,Negative
U0979,C12860,2,N,Negative
U1205,C08195,1,N,Negative
U1926,C11475,3,Y,Neutral
U0211,C08367,3,Y,Neutral
U1175,C04556,2,N,Negative
U0143,C05107,2,Y,Negative
U1764,C17072,4,Y,Positive
U1635,C10213,5,Y,Positive
U1443,C02426,4,Y,Positive
U0024,C17679,4,Y,Positive
U1999,C08234,4,Y,Positive
U0450,C16743,2,Y,Negative
U1148,C03705,3,Y,Neutral
U0541,C05398,1,Y,Negative
U0625,C13724,4,Y,Positive
U0422,C05409,3,N,Neutral
U1645,C02814,4,Y,Positive
U0901,C03696,1,N,Negative
U1085,C04245,3,N,Neutral
U1951,C07531,3,Y,Neutral
U1051,C09561,4,Y,Positive
U0112,C05291,4,Y,Positive
U1949,C08412,1,N,Negative
U1344,C01101,2,Y,Negative
U1763,C16714,3,Y,Neutral
U0780,C02912,3,Y,Neutral
U0097,C15872,2,Y,Negative
U0568,C01692,5,Y,Positive
U0628,C07787,1,N,Negative
U1791,C05327,5,Y,Positive
U1462,C07876,3,N,Neutral
U1077,C15865,5,Y,Positive
U1765,C16115,4,Y,Positive
U0295,C00502,5,Y,Positive
U0713,C02569,1,N,Negative
U0601,C11599,2,Y,Negative
U1620,C17586,2,Y,Negative
U0269,C11294,4,Y,Positive
U1787,C08257,5,Y,Positive
U0873,C08375,5,Y,Positive
U0376,C00911,1,Y,Negative
U0020,C17109,4,Y,Positive
U1360,C15758,2,N,Negative
U0033,C05566,2,N,Negative
U0948,C07379,2,N,Negative
U0364,C00603,5,Y,Positive
U1741,C16233,5,Y,Positive
U1594,C00338,3,Y,Neutral
U0424,C05462,1,Y,Negative
U1673,C05761,2,Y,Negative
U1216,C01455,4,Y,Positive
U1351,C09245,5,Y,Positive
U0933,C08659,4,Y,Positive
U1998,C02044,1,Y,Negative
U0315,C11736,5,Y,Positive
U1769,C09642,4,Y,Positive
U0919,C07676,1,N,Negative
U0220,C06428,1,Y,Negative
U0715,C06056,2,N,Negative
U1434,C11158,1,Y,Negative
U1719,C08282,5,Y,Positive
U1353,C07262,4,Y,Positive
U1004,C00894,5,Y,Positive
U0630,C08735,3,N,Neutral
U1988,C01993,2,Y,Negative
U1243,C16635,1,Y,Negative
U1586,C17207,1,N,Negative
U1451,C02753,3,N,Neutral
U0731,C00439,4,Y,Positive
U1343,C00551,1,Y,Negative
U0969,C15597,5,Y,Positive
U1443,C02427,1,Y,Negative
U0279,C11822,2,N,Negative
U0712,C01151,2,Y,Negative
U1801,C06424,4,Y,Positive
U1674,C04776,3,Y,Neutral
U0326,C06881,3,Y,Neutral
U0438,C17251,4,Y,Positive
U0544,C17780,3,N,Neutral
U1418,C14105,1,Y,Negative
U1970,C17637,2,N,Negative
U1111,C10683,4,Y,Positive
U0299,C03097,3,Y,Neutral
U0030,C05716,4,Y,Positive
U0520,C12027,5,Y,Positive
U1671,C17219,2,Y,Negative
U0633,C13452,2,N,Negative
U1275,C14428,3,Y,Neutral
U0080,C05705,3,N,Neutral
U0434,C09820,3,Y,Neutral
U0622,C10105,4,Y,Positive
U1011,C15758,1,N,Negative
U1498,C14883,5,Y,Positive
U1178,C01340,3,N,Neutral
U1403,C05697,2,Y,Negative
U0879,C07413,3,Y,Neutral
U1617,C10600,3,N,Neutral
U0467,C16416,3,Y,Neutral
U0998,C04757,3,Y,Neutral
U0398,C14105,3,N,Neutral
U0178,C03419,3,Y,Neutral
U1898,C12126,2,N,Negative
U0097,C02082,4,Y,Positive
U1284,C06610,4,Y,Positive
U0901,C17766,4,Y,Positive
U1196,C00413,2,Y,Negative
U0575,C03608,3,Y,Neutral
U1567,C02964,5,Y,Positive
U1716,C15724,4,Y,Positive
U1069,C01917,1,N,Negative
U0303,C07261,1,Y,Negative
U0285,C13669,3,Y,Neutral
U0327,C03917,1,N,Negative
U0692,C10391,4,Y,Positive
U1213,C03397,3,N,Neutral
U1705,C04024,2,Y,Negative
U1432,C13624,4,Y,Positive
U0941,C04752,3,N,Neutral
U1117,C10663,3,N,Neutral
U0701,C15152,2,Y,Negative
U1118,C03478,1,N,Negative
U1677,C01341,2,N,Negative
U1917,C15085,2,Y,Negative
U1208,C07135,4,Y,Positive
U0261,C13576,1,Y,Negative
U1061,C09281,5,Y,Positive
U1270,C00657,1,N,Negative
U0011,C14288,2,Y,Negative
U0217,C12753,2,Y,Negative
U1631,C16296,5,Y,Positive
U1989,C09523,2,Y,Negative
U1474,C10408,3,N,Neutral
U0364,C11449,4,Y,Positive
U0867,C14467,4,Y,Positive
U1642,C15843,1,Y,Negative
U1172,C16658,5,Y,Positive
U1978,C17136,5,Y,Positive
U1139,C05556,5,Y,Positive
U1244,C05998,2,N,Negative
U0170,C08495,4,Y,Positive
U0699,C02421,2,Y,Negative
U1996,C10616,3,N,Neutral
U0300,C01687,5,Y,Positive
U0006,C16828,4,Y,Positive
U0261,C00100,1,Y,Negative
U0605,C00812,2,Y,Negative
U0780,C10226,5,Y,Positive
U1245,C16866,3,N,Neutral
U0105,C17523,4,Y,Positive
U1837,C04414,4,Y,Positive
U1840,C03988,4,Y,Positive
U0977,C14629,2,Y,Negative
U0512,C02431,5,Y,Positive
U0632,C06691,3,Y,Neutral
U0177,C06778,4,Y,Positive
U0025,C08279,3,N,Neutral
U1847,C10417,4,Y,Positive
U0473,C01138,2,N,Negative
U0725,C07016,2,Y,Negative
U1274,C10569,3,N,Neutral
U0934,C11043,3,Y,Neutral
U0794,C17328,4,Y,Positive
U1275,C02292,1,Y,Negative
U0049,C12769,1,N,Negative
U1579,C06907,2,Y,Negative
U0821,C09854,3,N,Neutral
U1841,C04928,4,Y,Positive
U1007,C16495,4,Y,Positive
U1202,C15669,5,Y,Positive
U0546,C08882,3,Y,Neutral
U0237,C01299,5,Y,Positive
U1091,C15086,4,Y,Positive
U0464,C06303,3,N,Neutral
U0147,C06040,3,Y,Neutral
U0022,C00293,2,Y,Negative
U1425,C03655,4,Y,Positive
U1399,C09383,4,Y,Positive
U0554,C17242,2,N,Negative
U1659,C04751,2,N,Negative
U1551,C13166,1,N,Negative
U1381,C07971,3,Y,Neutral
U1631,C16807,5,Y,Positive
U1263,C06196,2,N,Negative
U0250,C07374,4,Y,Positive
U0689,C09109,5,Y,Positive
U0253,C01975,3,Y,Neutral
U0426,C03574,5,Y,Positive
U0085,C01891,5,Y,Positive
U0290,C13544,1,N,Negative
U0351,C08391,5,Y,Positive
U0138,C15145,4,Y,Positive
U0459,C14914,2,N,Negative
U0699,C00025,1,Y,Negative
U1638,C14564,5,Y,Positive
U0245,C02981,5,Y,Positive
U0673,C14174,1,Y,Negative
U1581,C07436,2,N,Negative
U1229,C01082,5,Y,Positive
U1797,C12261,1,Y,Negative
U1008,C14754,1,N,Negative
U0760,C15893,4,Y,Positive
U1957,C15065,1,Y,Negative
U0384,C13164,2,Y,Negative
U1420,C02630,2,Y,Negative
U0645,C10384,5,Y,Positive
U1183,C05729,1,Y,Negative
U1925,C07846,4,Y,Positive
U1194,C10701,2,N,Negative
U1653,C09314,2,N,Negative
U1928,C00395,1,N,Negative
U1645,C06482,2,N,Negative
U1347,C14596,5,Y,Positive
U1127,C04391,4,Y,Positive
U0268,C03836,4,Y,Positive
U1558,C04470,4,Y,Positive
U1179,C06076,4,Y,Positive
U0683,C13622,5,Y,Positive
U1455,C02373,4,Y,Positive
U0548,C07753,1,N,Negative
U0125,C14579,4,Y,Positive
U0722,C01054,5,Y,Positive
U1223,C13033,2,Y,Negative
U0579,C00083,4,Y,Positive
U1832,C13849,5,Y,Positive
U0408,C03905,2,N,Negative
U1185,C12601,5,Y,Positive
U0602,C05369,2,Y,Negative
U0161,C01552,1,Y,Negative
U0165,C09701,1,N,Negative
U0236,C01965,1,Y,Negative
U0124,C09679,2,N,Negative
U1644,C07493,2,Y,Negative
U1661,C00686,2,N,Negative
U0820,C04859,5,Y,Positive
U1672,C06623,5,Y,Positive
U1608,C14400,2,N,Negative
U0742,C05489,5,Y,Positive
U0698,C06806,1,Y,Negative
U0088,C07872,1,Y,Negative
U0605,C11185,1,Y,Negative
U0147,C05213,5,Y,Positive
U1661,C06079,2,N,Negative
U0266,C02429,3,N,Neutral
U0766,C15694,3,N,Neutral
U0788,C08719,4,Y,Positive
U1010,C04854,2,Y,Negative
U0356,C14864,4,Y,Positive
U0042,C13820,5,Y,Positive
U1087,C12281,4,Y,Positive
U1190,C10223,5,Y,Positive
U1613,C09770,4,Y,Positive
U0232,C03101,5,Y,Positive
U1567,C02261,4,Y,Positive
U1910,C00043,3,Y,Neutral
U1258,C08467,3,N,Neutral
U1039,C14572,3,Y,Neutral
U0038,C02042,2,Y,Negative
U0496,C00125,1,N,Negative
U0458,C17456,3,N,Neutral
U0915,C06679,2,Y,Negative
U0792,C09414,4,Y,Positive
U1618,C07786,3,N,Neutral
U0248,C00767,2,N,Negative
U1772,C15068,1,Y,Negative
U0902,C14861,2,Y,Negative
U0179,C10121,2,Y,Negative
U0725,C08055,5,Y,Positive
U0362,C11431,4,Y,Positive
U1446,C07257,5,Y,Positive
U0152,C14975,2,Y,Negative
U1571,C17395,4,Y,Positive
U0189,C03840,3,N,Neutral
U1002,C12729,5,Y,Positive
U1960,C04591,3,N,Neutral
U0395,C12337,2,Y,Negative
U0868,C11785,5,Y,Positive
U0630,C16983,3,Y,Neutral
U0838,C10899,2,Y,Negative
U1492,C15793,3,Y,Neutral
U0608,C05173,5,Y,Positive
U0348,C03122,2,N,Negative
U1209,C00289,3,N,Neutral
U0074,C01408,2,N,Negative
U1809,C00317,1,Y,Negative
U0874,C02632,1,N,Negative
U0312,C03267,3,N,Neutral
U0283,C16018,4,Y,Positive
U1696,C04627,3,N,Neutral
U0039,C08805,5,Y,Positive
U0920,C06579,3,N,Neutral
U0350,C14190,1,N,Negative
U1164,C02188,5,Y,Positive
U0686,C05522,5,Y,Positive
U1196,C06351,3,Y,Neutral
U1741,C06921,5,Y,Positive
U0346,C14769,1,N,Negative
U0032,C17061,3,N,Neutral
U0304,C14751,5,Y,Positive
U1582,C13915,4,Y,Positive
U1467,C09437,3,Y,Neutral
U1841,C16095,2,N,Negative
U0980,C16916,3,Y,Neutral
U1960,C12643,5,Y,Positive
U1511,C06340,3,Y,Neutral
U1868,C13586,5,Y,Positive
U1490,C02756,3,N,Neutral
U0582,C12358,3,Y,Neutral
U0742,C14421,5,Y,Positive
U0794,C01613,5,Y,Positive
U0279,C06474,2,Y,Negative
U0538,C04080,3,Y,Neutral
U0489,C01271,1,N,Negative
U0580,C05767,4,Y,Positive
U1674,C08986,1,N,Negative
U0594,C16548,1,N,Negative
U0526,C02523,3,Y,Neutral
U1399,C10306,1,Y,Negative
U0410,C01212,4,Y,Positive
U1356,C13301,5,Y,Positive
U1452,C16396,3,Y,Neutral
U0614,C03146,3,Y,Neutral
U0643,C04859,4,Y,Positive
U1253,C10125,5,Y,Positive
U1961,C01314,5,Y,Positive
U0685,C13933,4,Y,Positive
U1028,C07640,3,Y,Neutral
U0490,C01738,2,N,Negative
U0908,C14711,1,Y,Negative
U1122,C02953,2,Y,Negative
U0562,C12777,3,Y,Neutral
U1195,C13513,2,N,Negative
U1357,C06924,4,Y,Positive
U0572,C02573,3,N,Neutral
U0982,C17177,2,Y,Negative
U1108,C15534,1,Y,Negative
U1129,C11953,3,N,Neutral
U1145,C12209,4,Y,Positive
U1661,C04300,1,Y,Negative
U1281,C01697,2,N,Negative
U1225,C11825,1,Y,Negative
U0278,C00229,4,Y,Positive
U1896,C04389,4,Y,Positive
U1967,C01361,5,Y,Positive
U0865,C14792,2,Y,Negative
U0839,C04431,2,Y,Negative
U0650,C13998,3,Y,Neutral
U0520,C00265,5,Y,Positive
U0814,C14345,5,Y,Positive
U1552,C07587,3,Y,Neutral
U0996,C09555,4,Y,Positive
U1437,C11079,5,Y,Positive
U0057,C05658,5,Y,Positive
U1914,C06526,5,Y,Positive
U0424,C03083,4,Y,Positive
U0080,C14276,5,Y,Positive
U0435,C09054,4,Y,Positive
U1951,C16702,1,Y,Negative
U1692,C08072,4,Y,Positive
U1225,C04774,4,Y,Positive
U0969,C15386,1,Y,Negative
U1293,C00226,1,N,Negative
U1829,C05665,2,N,Negative
U1985,C03502,4,Y,Positive
U0030,C12409,3,N,Neutral
U0184,C00754,2,N,Negative
U1110,C11606,1,N,Negative
U0148,C06351,3,N,Neutral
U0585,C08426,5,Y,Positive
U1870,C17200,3,Y,Neutral
U1654,C13371,1,Y,Negative
U1929,C04600,4,Y,Positive
U0644,C13977,1,Y,Negative
U1041,C15021,4,Y,Positive
U1122,C12391,5,Y,Positive
U0201,C01744,5,Y,Positive
U1422,C02658,5,Y,Positive
U1783,C05989,5,Y,Positive
U0903,C00886,3,N,Neutral
U1361,C15809,2,Y,Negative
U0945,C08742,5,Y,Positive
U0924,C01898,2,N,Negative
U1965,C04887,2,N,Negative
U0634,C11593,2,N,Negative
U0849,C07469,5,Y,Positive
U0450,C11291,5,Y,Positive
U0805,C12979,5,Y,Positive
U0594,C04542,5,Y,Positive
U1353,C11891,5,Y,Positive
U0256,C11275,5,Y,Positive
U1991,C02344,1,N,Negative
U0603,C06736,5,Y,Positive
U0235,C16840,3,Y,Neutral
U1070,C06576,3,N,Neutral
U0579,C17418,4,Y,Positive
U0832,C10981,4,Y,Positive
U0337,C05767,5,Y,Positive
U0208,C02136,2,N,Negative
U1387,C06451,3,Y,Neutral
U1647,C14623,3,Y,Neutral
U1113,C01418,2,N,Negative
U1283,C10869,5,Y,Positive
U0449,C06632,4,Y,Positive
U0750,C04447,4,Y,Positive
U0869,C05114,2,N,Negative
U0617,C17617,1,N,Negative
U0318,C15157,3,Y,Neutral
U0120,C08998,3,N,Neutral
U1688,C04711,4,Y,Positive
U0268,C10234,4,Y,Positive
U1980,C14488,1,Y,Negative
U0058,C17077,3,N,Neutral
U0063,C09895,3,Y,Neutral
U0253,C05711,4,Y,Positive
U0610,C04963,1,Y,Negative
U0963,C12003,3,Y,Neutral
U1786,C00251,1,N,Negative
U0489,C16870,2,Y,Negative
U0548,C14372,2,Y,Negative
U1158,C06311,1,N,Negative
U0221,C11566,2,Y,Negative
U0563,C15732,2,N,Negative
U1211,C06904,2,N,Negative
U1039,C02305,3,N,Neutral
U0740,C06930,1,N,Negative
U1315,C15458,3,Y,Neutral
U0358,C10594,5,Y,Positive
U0670,C11137,5,Y,Positive
U0759,C06168,1,Y,Negative
U1902,C09356,4,Y,Positive
U0319,C16863,5,Y,Positive
U1763,C09630,1,N,Negative
U1506,C01468,1,Y,Negative
U0324,C08721,5,Y,Positive
U0041,C05470,1,Y,Negative
U0109,C03583,4,Y,Positive
U0694,C16601,4,Y,Positive
U0580,C01344,1,N,Negative
U0293,C16515,1,Y,Negative
U0323,C07251,5,Y,Positive
U1511,C09211,1,Y,Negative
U0464,C13919,3,N,Neutral
U1082,C17121,5,Y,Positive
U0974,C03367,3,Y,Neutral
U0929,C03711,2,N,Negative
U0461,C07513,4,Y,Positive
U0128,C08301,4,Y,Positive
U0717,C05645,3,Y,Neutral
U1891,C13466,2,Y,Negative
U1064,C05317,3,Y,Neutral
U1135,C11660,4,Y,Positive
U1980,C13622,3,N,Neutral
U1688,C06284,2,N,Negative
U1684,C01660,1,N,Negative
U0562,C11738,2,Y,Negative
U1292,C16311,4,Y,Positive
U0535,C10232,1,N,Negative
U1702,C15440,4,Y,Positive
U1284,C08344,4,Y,Positive
U1901,C12965,3,N,Neutral
U0087,C04209,2,Y,Negative
U1376,C01420,1,N,Negative
U1568,C11326,1,N,Negative
U0331,C14161,1,N,Negative
U0790,C13588,3,N,Neutral
U1720,C09071,1,N,Negative
U0842,C09611,2,N,Negative
U1142,C16746,4,Y,Positive
U1106,C06844,3,N,Neutral
U0862,C17017,3,N,Neutral
U1281,C06794,2,Y,Negative
U1083,C12615,4,Y,Positive
U0312,C05460,4,Y,Positive
U1474,C10055,5,Y,Positive
U0992,C06940,2,Y,Negative
U0183,C09494,5,Y,Positive
U1059,C11509,4,Y,Positive
U1630,C13180,1,Y,Negative
U1883,C10539,5,Y,Positive
U0133,C08813,4,Y,Positive
U0540,C14574,5,Y,Positive
U0720,C03071,1,N,Negative
U0522,C06613,5,Y,Positive
U1378,C15851,2,Y,Negative
U1826,C09708,1,Y,Negative
U1307,C02613,4,Y,Positive
U1922,C13918,1,N,Negative
U0036,C14216,5,Y,Positive
U1505,C12600,4,Y,Positive
U0021,C08866,5,Y,Positive
U1324,C12420,2,Y,Negative
U1951,C02886,3,N,Neutral
U1221,C16120,1,Y,Negative
U1387,C07873,2,N,Negative
U1610,C03365,5,Y,Positive
U1841,C09082,5,Y,Positive
U1615,C11236,5,Y,Positive
U0771,C01466,5,Y,Positive
U0717,C00035,3,N,Neutral
U1521,C14555,2,N,Negative
U0850,C10268,5,Y,Positive
U1135,C06537,5,Y,Positive
U1455,C07677,5,Y,Positive
U1243,C04324,3,N,Neutral
U1594,C08386,4,Y,Positive
U1956,C06476,1,Y,Negative
U0950,C01807,3,N,Neutral
U1534,C15896,2,Y,Negative
U0071,C14994,4,Y,Positive
U1438,C11489,1,Y,Negative
U1995,C15844,2,Y,Negative
U0796,C03496,5,Y,Positive
U0619,C13263,5,Y,Positive
U0948,C14317,1,Y,Negative
U1669,C16464,5,Y,Positive
U0916,C11343,5,Y,Positive
U0448,C12244,4,Y,Positive
U1467,C02681,4,Y,Positive
U0080,C16403,1,Y,Negative
U1017,C15178,2,Y,Negative
U1618,C13171,3,Y,Neutral
U1236,C13303,2,N,Negative
U0504,C06598,1,N,Negative
U0471,C14875,1,N,Negative
U0485,C06605,1,Y,Negative
U1741,C05232,1,Y,Negative
U0442,C09757,2,Y,Negative
U1154,C11432,2,Y,Negative
U0645,C04116,3,N,Neutral
U1351,C05259,3,Y,Neutral
U0824,C11583,3,N,Neutral
U1534,C09531,4,Y,Positive
U0954,C06414,5,Y,Positive
U1772,C10405,4,Y,Positive
U0031,C12969,5,Y,Positive
U1113,C05420,3,Y,Neutral
U1045,C13664,2,Y,Negative
U1373,C06499,3,Y,Neutral
U1437,C13718,4,Y,Positive
U1985,C15879,4,Y,Positive
U1221,C11656,3,Y,Neutral
U0951,C08377,3,N,Neutral
U1258,C05636,3,N,Neutral
U0236,C17716,5,Y,Positive
U1388,C16853,4,Y,Positive
U1634,C05163,2,Y,Negative
U0263,C16593,1,Y,Negative
U1351,C03124,1,N,Negative
U1421,C17042,1,Y,Negative
U1172,C03644,4,Y,Positive
U0147,C04515,4,Y,Positive
U1235,C14520,2,Y,Negative
U0037,C17500,1,Y,Negative
U1188,C10688,1,Y,Negative
U1701,C09940,3,Y,Neutral
U1212,C17068,3,N,Neutral
U1538,C01392,1,Y,Negative
U0541,C08299,3,N,Neutral
U0291,C17444,1,Y,Negative
U1584,C07246,2,N,Negative
U0734,C15690,1,Y,Negative
U1386,C12285,2,Y,Negative
U0346,C07048,2,N,Negative
U0403,C06873,5,Y,Positive
U1882,C00164,1,Y,Negative
U0871,C15354,3,Y,Neutral
U0744,C12688,1,N,Negative
U1596,C15225,1,Y,Negative
U1553,C09305,3,N,Neutral
U0839,C07130,4,Y,Positive
U1793,C00859,3,N,Neutral
U1237,C15844,1,N,Negative
U1330,C03216,4,Y,Positive
U1244,C16064,1,Y,Negative
U1937,C07989,3,Y,Neutral
U0182,C06948,3,Y,Neutral
U1456,C02986,2,Y,Negative
U0873,C13226,1,N,Negative
U0433,C07424,5,Y,Positive
U0097,C00424,5,Y,Positive
U0893,C14633,5,Y,Positive
U1205,C03455,5,Y,Positive
U1460,C03089,2,Y,Negative
U1054,C04251,2,Y,Negative
U0823,C15879,3,N,Neutral
U1557,C12223,2,N,Negative
U0261,C07683,2,Y,Negative
U1229,C07062,3,N,Neutral
U0182,C05673,2,N,Negative
U0487,C10110,5,Y,Positive
U0687,C05413,3,N,Neutral
U1855,C11223,2,Y,Negative
U0270,C06395,5,Y,Positive
U1156,C03706,3,N,Neutral
U0632,C17728,2,Y,Negative
U1900,C07312,2,Y,Negative
U0159,C12982,2,N,Negative
U0285,C13863,4,Y,Positive
U1558,C15887,5,Y,Positive
U1828,C07415,4,Y,Positive
U0639,C07196,2,Y,Negative
U0185,C02346,1,N,Negative
U1330,C12433,2,Y,Negative
U1975,C12517,2,Y,Negative
U1821,C03414,5,Y,Positive
U0306,C15996,2,N,Negative
U2000,C17640,4,Y,Positive
U1651,C15336,4,Y,Positive
U1709,C17354,3,N,Neutral
U1540,C14497,1,N,Negative
U0526,C03530,4,Y,Positive
U1872,C00476,1,Y,Negative
U1288,C15526,1,Y,Negative
U1178,C03715,4,Y,Positive
U1136,C11624,3,N,Neutral
U0747,C13895,2,Y,Negative
U1503,C06879,5,Y,Positive
U1753,C01045,3,Y,Neutral
U1910,C16749,3,Y,Neutral
U0576,C11169,5,Y,Positive
U0455,C09054,5,Y,Positive
U0905,C00031,2,N,Negative
U1284,C04736,2,Y,Negative
U1373,C06032,2,N,Negative
U1585,C08351,4,Y,Positive
U0473,C05586,1,Y,Negative
U0037,C04172,5,Y,Positive
U1248,C08448,4,Y,Positive
U1060,C16554,2,Y,Negative
U0638,C11421,3,Y,Neutral
U1106,C03934,3,N,Neutral
U0854,C02593,2,N,Negative
U1040,C02575,4,Y,Positive
U0713,C11832,4,Y,Positive
U0383,C11338,1,N,Negative
U1391,C15785,2,Y,Negative
U1087,C07681,2,Y,Negative
U1959,C01774,5,Y,Positive
U1921,C12106,1,N,Negative
U0846,C02312,4,Y,Positive
U1380,C03316,1,N,Negative
U1239,C05961,4,Y,Positive
U0755,C16337,5,Y,Positive
U1719,C03345,2,Y,Negative
U1733,C05370,5,Y,Positive
U1987,C01511,5,Y,Positive
U0556,C09823,4,Y,Positive
U1113,C04339,1,Y,Negative
U1623,C17195,4,Y,Positive
U1132,C07971,2,Y,Negative
U1393,C03530,3,Y,Neutral
U1912,C17583,2,Y,Negative
U0219,C14360,5,Y,Positive
U0501,C09607,3,N,Neutral
U1661,C02300,1,N,Negative
U1653,C07582,2,N,Negative
U0958,C08119,1,Y,Negative
U1879,C11204,5,Y,Positive
U0721,C13976,3,N,Neutral
U0718,C14114,2,Y,Negative
U0740,C15710,4,Y,Positive
U0044,C11894,2,Y,Negative
U1446,C04545,5,Y,Positive
U1394,C05978,5,Y,Positive
U0958,C12416,1,N,Negative
U1068,C16613,4,Y,Positive
U1098,C04120,3,Y,Neutral
U0079,C02493,4,Y,Positive
U1275,C11512,3,Y,Neutral
U0261,C09572,2,Y,Negative
U1638,C04667,1,N,Negative
U1989,C08405,5,Y,Positive
U1790,C02671,4,Y,Positive
U1420,C09626,4,Y,Positive
U1271,C06459,1,Y,Negative
U0817,C05541,2,N,Negative
U1448,C11855,3,Y,Neutral
U1132,C05615,2,Y,Negative
U1321,C02758,2,N,Negative
U0261,C04714,5,Y,Positive
U0346,C02341,5,Y,Positive
U1327,C02844,4,Y,Positive
U0933,C01200,4,Y,Positive
U1425,C04222,1,N,Negative
U0059,C17231,5,Y,Positive
U1257,C06921,1,Y,Negative
U1628,C13686,5,Y,Positive
U1769,C14110,4,Y,Positive
U0763,C01568,1,Y,Negative
U0110,C14891,3,Y,Neutral
U1987,C00890,5,Y,Positive
U0725,C01227,5,Y,Positive
U0826,C00176,5,Y,Positive
U1721,C15440,2,Y,Negative
U0056,C08543,4,Y,Positive
U1517,C14284,4,Y,Positive
U1038,C16899,4,Y,Positive
U0928,C11057,2,N,Negative
U0147,C13274,5,Y,Positive
U1924,C15800,4,Y,Positive
U1101,C06413,4,Y,Positive
U0551,C16666,1,N,Negative
U0724,C05009,3,N,Neutral
U1348,C11578,2,Y,Negative
U1216,C11069,4,Y,Positive
U1247,C07915,5,Y,Positive
U0645,C12809,4,Y,Positive
U0136,C06592,1,Y,Negative
U0039,C01234,5,Y,Positive
U0260,C04166,1,N,Negative
U0902,C12072,2,N,Negative
U1110,C03428,5,Y,Positive
U1235,C12772,2,N,Negative
U1017,C03832,1,Y,Negative
U1248,C12807,4,Y,Positive
U0459,C17288,3,N,Neutral
U0386,C10331,5,Y,Positive
U0892,C13283,3,N,Neutral
U0362,C16966,2,N,Negative
U1484,C04874,2,Y,Negative
U0393,C15652,4,Y,Positive
U1303,C01096,3,Y,Neutral
U0593,C09727,4,Y,Positive
U1731,C11819,5,Y,Positive
U0795,C17176,2,Y,Negative
U0610,C14034,4,Y,Positive
U1716,C08577,3,Y,Neutral
U1373,C15697,3,N,Neutral
U1522,C16510,5,Y,Positive
U0003,C08089,1,Y,Negative
U1744,C15321,5,Y,Positive
U0819,C08068,1,N,Negative
U0679,C02502,5,Y,Positive
U1515,C09756,1,Y,Negative
U0518,C15057,5,Y,Positive
U0134,C05842,2,Y,Negative
U1011,C06410,5,Y,Positive
U0028,C01327,2,Y,Negative
U1100,C09892,1,N,Negative
U0093,C09355,4,Y,Positive
U1420,C15407,1,N,Negative
U1672,C03570,1,N,Negative
U0896,C08610,1,N,Negative
U0302,C08838,5,Y,Positive
U1629,C07120,5,Y,Positive
U0588,C12363,4,Y,Positive
U0659,C16604,1,N,Negative
U1925,C06586,1,N,Negative
U1714,C06190,5,Y,Positive
U0928,C00933,2,Y,Negative
U0485,C09916,1,N,Negative
U1043,C08298,2,Y,Negative
U1380,C14199,1,Y,Negative
U1184,C16165,4,Y,Positive
U1396,C17032,3,Y,Neutral
U1205,C02357,1,Y,Negative
U1787,C10061,4,Y,Positive
U1739,C03639,2,Y,Negative
U0670,C15639,3,Y,Neutral
U1791,C03555,5,Y,Positive
U0552,C02725,2,N,Negative
U1503,C03059,4,Y,Positive
U0307,C10514,3,N,Neutral
U0834,C08851,1,Y,Negative
U1807,C07813,4,Y,Positive
U1127,C10228,1,N,Negative
U1870,C13938,5,Y,Positive
U1789,C09107,4,Y,Positive
U1011,C05800,4,Y,Positive
U1634,C10116,3,Y,Neutral
U0538,C05742,1,N,Negative
U0087,C02942,3,N,Neutral
U1419,C07846,2,N,Negative
U1505,C05154,3,N,Neutral
U0225,C17089,1,N,Negative
U0242,C03997,3,N,Neutral
U1351,C15623,5,Y,Positive
U0875,C02763,5,Y,Positive
U1393,C02136,3,N,Neutral
U1002,C17455,3,Y,Neutral
U1108,C09359,1,N,Negative
U1296,C03199,4,Y,Positive
U1750,C07750,4,Y,Positive
U0857,C06789,5,Y,Positive
U0273,C03068,4,Y,Positive
U0472,C12928,2,Y,Negative
U0418,C11645,2,Y,Negative
U1606,C00180,3,N,Neutral
U1596,C14878,5,Y,Positive
U1217,C03223,2,Y,Negative
U1610,C15492,4,Y,Positive
U0169,C01953,1,N,Negative
U1991,C01070,5,Y,Positive
U0759,C15470,1,N,Negative
U1225,C13229,1,N,Negative
U1502,C08436,1,N,Negative
U1670,C04721,1,Y,Negative
U0592,C06364,2,N,Negative
U1912,C06069,5,Y,Positive
U0038,C08124,5,Y,Positive
U0337,C13676,3,N,Neutral
U1965,C16023,2,Y,Negative
U0605,C09433,1,N,Negative
U1316,C05812,4,Y,Positive
U0555,C03323,1,Y,Negative
U1360,C09405,1,Y,Negative
U1999,C12772,4,Y,Positive
U1390,C03668,3,Y,Neutral
U1435,C09196,1,Y,Negative
U1544,C05096,5,Y,Positive
U0778,C10886,3,N,Neutral
U1222,C06926,3,N,Neutral
U1691,C06150,4,Y,Positive
U1686,C08355,3,Y,Neutral
U0165,C09763,1,N,Negative
U1870,C13262,2,Y,Negative
U0490,C17275,1,Y,Negative
U1400,C15788,4,Y,Positive
U1405,C04869,5,Y,Positive
U0021,C04737,2,N,Negative
U0951,C10950,5,Y,Positive
U0077,C14344,4,Y,Positive
U1742,C12620,5,Y,Positive
U1672,C09488,4,Y,Positive
U1199,C11570,4,Y,Positive
U1925,C15246,1,N,Negative
U1663,C07206,4,Y,Positive
U0194,C03399,2,N,Negative
U1886,C00539,2,N,Negative
U1596,C16124,2,N,Negative
U0484,C08093,5,Y,Positive
U1496,C09962,4,Y,Positive
U0301,C06008,2,N,Negative
U0531,C16587,4,Y,Positive
U1373,C11166,4,Y,Positive
U0778,C03785,5,Y,Positive
U0818,C03106,5,Y,Positive
U0304,C10347,4,Y,Positive
U1656,C13645,4,Y,Positive
U0035,C01717,3,Y,Neutral
U0178,C17633,3,N,Neutral
U1301,C10764,2,N,Negative
U0450,C08720,5,Y,Positive
U1984,C03953,5,Y,Positive
U1290,C07268,1,N,Negative
U0922,C15424,2,Y,Negative
U1076,C03934,1,N,Negative
U1612,C15416,1,N,Negative
U0310,C13963,2,Y,Negative
U1611,C03600,2,Y,Negative
U1241,C11395,4,Y,Positive
U0319,C12316,2,N,Negative
U1030,C02521,4,Y,Positive
U1183,C04566,2,Y,Negative
U0979,C13665,1,Y,Negative
U1625,C04778,3,N,Neutral
U0631,C08789,3,N,Neutral
U1941,C16074,5,Y,Positive
U1976,C15606,4,Y,Positive
U1755,C10753,3,N,Neutral
U0082,C10539,5,Y,Positive
U0488,C16854,3,Y,Neutral
U1489,C04507,2,Y,Negative
U1339,C08147,3,N,Neutral
U1231,C02766,4,Y,Positive
U0074,C01945,5,Y,Positive
U0680,C01919,1,N,Negative
U0238,C12708,2,N,Negative
U1016,C17594,1,Y,Negative
U1325,C16904,3,N,Neutral
U0332,C07948,4,Y,Positive
U1061,C17586,4,Y,Positive
U0397,C15769,4,Y,Positive
U1068,C17096,2,N,Negative
U1187,C14160,5,Y,Positive
U0501,C15416,1,Y,Negative
U0490,C14934,4,Y,Positive
U0415,C04683,4,Y,Positive
U1438,C07475,3,Y,Neutral
U0767,C14980,4,Y,Positive
U0408,C15425,3,N,Neutral
U1929,C00876,3,Y,Neutral
U1522,C11889,2,N,Negative
U1397,C03467,5,Y,Positive
U0518,C07176,3,Y,Neutral
U1286,C03228,1,Y,Negative
U1115,C06378,5,Y,Positive
U1321,C13905,3,Y,Neutral
U0144,C10051,3,N,Neutral
U1988,C05917,2,Y,Negative
U1154,C00219,3,Y,Neutral
U1979,C15595,5,Y,Positive
U0999,C11363,1,Y,Negative
U1025,C16938,3,Y,Neutral
U0590,C03616,2,N,Negative
U0082,C14001,2,N,Negative
U0259,C13174,1,N,Negative
U1270,C01537,1,N,Negative
U1687,C06387,3,Y,Neutral
U1236,C10817,3,N,Neutral
U0860,C12378,1,Y,Negative
U1470,C15716,5,Y,Positive
U0987,C00541,3,Y,Neutral
U1380,C01510,3,Y,Neutral
U1899,C14431,1,Y,Negative
U1836,C04118,4,Y,Positive
U0459,C04895,3,Y,Neutral
U1398,C00246,2,Y,Negative
U1158,C12355,1,N,Negative
U1758,C08645,4,Y,Positive
U1097,C11366,4,Y,Positive
U1861,C13092,2,N,Negative
U0279,C09245,4,Y,Positive
U0363,C04332,5,Y,Positive
U0055,C17560,3,Y,Neutral
U0102,C06913,4,Y,Positive
U0630,C09291,4,Y,Positive
U0540,C17057,3,N,Neutral
U1734,C11252,1,Y,Negative
U0073,C06234,5,Y,Positive
U0244,C07871,1,N,Negative
U0544,C03147,1,N,Negative
U0880,C11235,4,Y,Positive
U0001,C13915,5,Y,Positive
U1685,C14331,4,Y,Positive
U1553,C16801,3,N,Neutral
U0889,C09414,4,Y,Positive
U1731,C06245,5,Y,Positive
U1862,C11751,3,Y,Neutral
U0437,C10606,1,N,Negative
U1504,C10471,3,Y,Neutral
U0685,C02543,1,N,Negative
U1429,C10942,3,N,Neutral
U1518,C13482,1,Y,Negative
U0426,C00416,3,Y,Neutral
U0817,C05360,2,Y,Negative
U1663,C08765,3,Y,Neutral
U0149,C01382,5,Y,Positive
U0183,C15227,3,N,Neutral
U1654,C00096,1,Y,Negative
U1294,C14459,4,Y,Positive
U1785,C17212,5,Y,Positive
U1601,C17750,3,N,Neutral
U1508,C16368,1,N,Negative
U0076,C03916,4,Y,Positive
U0722,C05705,3,Y,Neutral
U1258,C05515,4,Y,Positive
U1148,C07304,3,Y,Neutral
U0241,C14005,5,Y,Positive
U0946,C08672,3,N,Neutral
U0998,C11763,1,Y,Negative
U1189,C09539,1,Y,Negative
U1861,C02374,4,Y,Positive
U0935,C04362,5,Y,Positive
U0661,C02835,4,Y,Positive
U0280,C11745,1,N,Negative
U0504,C10357,5,Y,Positive
U0404,C14809,4,Y,Positive
U1603,C17634,3,Y,Neutral
U1300,C14616,3,N,Neutral
U0345,C11055,1,N,Negative
U1189,C11314,3,N,Neutral
U0858,C09503,3,N,Neutral
U0087,C02637,3,N,Neutral
U1334,C08943,2,Y,Negative
U0041,C12230,4,Y,Positive
U1435,C09157,1,Y,Negative
U0205,C07764,5,Y,Positive
U1129,C15533,2,N,Negative
U0454,C02874,2,N,Negative
U1343,C02847,2,Y,Negative
U0570,C07354,5,Y,Positive
U1141,C07601,3,N,Neutral
U0448,C16503,1,N,Negative
U1042,C09542,3,Y,Neutral
U1414,C15494,5,Y,Positive
U0273,C04875,1,Y,Negative
U0941,C11217,3,N,Neutral
U1173,C13850,5,Y,Positive
U1223,C05863,1,Y,Negative
U0289,C14589,5,Y,Positive
U0984,C15261,5,Y,Positive
U0360,C06122,5,Y,Positive
U0733,C05944,1,Y,Negative
U0027,C05909,2,N,Negative
U0589,C07200,3,N,Neutral
U0508,C13141,2,N,Negative
U1720,C16969,4,Y,Positive
U1134,C08867,2,Y,Negative
U1051,C01454,5,Y,Positive
U1538,C16757,1,N,Negative
U1850,C04353,1,N,Negative
U1413,C07156,2,Y,Negative
U0421,C05265,1,Y,Negative
U1434,C00589,1,N,Negative
U1009,C06898,2,N,Negative
U1947,C01416,5,Y,Positive
U1450,C09446,1,Y,Negative
U0596,C06731,2,N,Negative
U0726,C11846,1,Y,Negative
U0178,C17326,3,N,Neutral
U1126,C15030,4,Y,Positive
U0933,C05630,1,N,Negative
U0337,C04175,3,N,Neutral
U0804,C06862,5,Y,Positive
U1294,C04731,1,N,Negative
U0470,C02492,1,Y,Negative
U0555,C04972,1,Y,Negative
U1302,C14820,5,Y,Positive
U1494,C14327,4,Y,Positive
U1123,C06172,4,Y,Positive
U0624,C01623,5,Y,Positive
U0741,C15612,3,Y,Neutral
U0940,C12627,2,N,Negative
U1570,C11712,4,Y,Positive
U0249,C07273,1,N,Negative
U1442,C16486,1,N,Negative
U1385,C08054,2,Y,Negative
U0182,C05705,2,Y,Negative
U1253,C03429,3,Y,Neutral
U1061,C01034,5,Y,Positive
U1786,C04018,3,N,Neutral
U1235,C17145,5,Y,Positive
U1813,C09462,5,Y,Positive
U1159,C11640,3,N,Neutral
U0634,C11190,1,N,Negative
U0342,C14097,5,Y,Positive
U1577,C13354,2,Y,Negative
U0029,C13043,1,N,Negative
U1963,C09536,5,Y,Positive
U0669,C04579,4,Y,Positive
U0065,C07254,1,N,Negative
U0989,C12351,3,N,Neutral
U1177,C07605,2,Y,Negative
U0093,C14865,5,Y,Positive
U0321,C09247,4,Y,Positive
U1041,C06192,4,Y,Positive
U1843,C02296,4,Y,Positive
U1843,C15774,4,Y,Positive
U0183,C00119,5,Y,Positive
U1476,C00182,5,Y,Positive
U1326,C10551,2,Y,Negative
U1659,C14222,4,Y,Positive
U0910,C00343,4,Y,Positive
U0118,C16706,2,Y,Negative
U0911,C06101,4,Y,Positive
U0954,C11796,1,Y,Negative
U0036,C10985,4,Y,Positive
U0348,C02120,1,Y,Negative
U0215,C07409,2,Y,Negative
U0828,C13596,5,Y,Positive
U0905,C12113,2,Y,Negative
U0748,C16792,4,Y,Positive
U1771,C15168,3,Y,Neutral
U0125,C16414,4,Y,Positive
U1298,C09823,4,Y,Positive
U0563,C02667,4,Y,Positive
U0568,C01987,2,N,Negative
U0210,C09386,5,Y,Positive
U1211,C02873,1,N,Negative
U1142,C07003,2,Y,Negative
U1414,C07652,3,Y,Neutral
U0111,C07409,4,Y,Positive
U1675,C07358,1,N,Negative
U1352,C03604,5,Y,Positive
U0513,C05213,3,Y,Neutral
U1750,C05533,4,Y,Positive
U1867,C01389,5,Y,Positive
U0840,C08957,1,N,Negative
U0688,C03395,2,N,Negative
U1634,C14849,5,Y,Positive
U0707,C00786,2,N,Negative
U1960,C07829,5,Y,Positive
U1171,C17085,3,N,Neutral
U1984,C02837,5,Y,Positive
U1042,C06301,1,Y,Negative
U1745,C15127,3,Y,Neutral
U0047,C08347,3,Y,Neutral
U1042,C10839,4,Y,Positive
U0035,C00424,4,Y,Positive
U0079,C09455,1,Y,Negative
U0225,C14638,2,N,Negative
U0767,C11849,4,Y,Positive
U1817,C00948,2,Y,Negative
U0677,C05648,2,N,Negative
U1343,C08652,5,Y,Positive
U1574,C05466,1,N,Negative
U1145,C02038,5,Y,Positive
U0321,C05907,2,N,Negative
U0756,C16829,1,Y,Negative
U0136,C01170,5,Y,Positive
U1018,C12419,3,N,Neutral
U1025,C06921,1,N,Negative
U0400,C15896,3,Y,Neutral
U1775,C04918,4,Y,Positive
U1610,C02168,5,Y,Positive
U0810,C06020,2,N,Negative
U0042,C03578,2,Y,Negative
U0229,C12604,5,Y,Positive
U1742,C16834,5,Y,Positive
U0281,C04994,3,Y,Neutral
U1983,C02459,2,N,Negative
U0810,C13501,3,Y,Neutral
U1136,C02150,2,Y,Negative
U0719,C16218,3,Y,Neutral
U0984,C08066,3,Y,Neutral
U1736,C16051,3,Y,Neutral
U0013,C14633,1,N,Negative
U0285,C07754,3,N,Neutral
U1215,C07557,1,Y,Negative
U0953,C00546,2,Y,Negative
U1904,C03874,5,Y,Positive
U1529,C01921,1,N,Negative
U1011,C09183,1,N,Negative
U1290,C09654,5,Y,Positive
U0446,C03159,4,Y,Positive
U1398,C03103,4,Y,Positive
U1367,C12526,3,N,Neutral
U1471,C11650,5,Y,Positive
U0665,C13927,1,Y,Negative
U1645,C14491,4,Y,Positive
U1824,C13084,2,N,Negative
U1625,C08404,4,Y,Positive
U1292,C10505,2,Y,Negative
U1695,C05731,5,Y,Positive
U1022,C03128,3,Y,Neutral
U0524,C02971,3,N,Neutral
U1979,C11457,5,Y,Positive
U0664,C13101,4,Y,Positive
U1012,C08367,1,N,Negative
U1082,C03740,3,N,Neutral
U0124,C11690,5,Y,Positive
U0279,C00330,3,N,Neutral
U0851,C17130,5,Y,Positive
U1302,C16908,3,N,Neutral
U0366,C13008,2,N,Negative
U1214,C10016,1,Y,Negative
U0841,C17054,2,N,Negative
U1552,C16035,5,Y,Positive
U0297,C07298,3,N,Neutral
U1922,C08524,3,Y,Neutral
U0597,C13285,1,N,Negative
U0755,C02467,5,Y,Positive
U0759,C03987,1,Y,Negative
U0985,C16629,5,Y,Positive
U1653,C03014,1,Y,Negative
U0297,C12109,1,Y,Negative
U1265,C03447,5,Y,Positive
U0251,C00052,5,Y,Positive
U0488,C09701,5,Y,Positive
U1372,C03005,4,Y,Positive
U1001,C07177,1,Y,Negative
U0269,C15921,1,N,Negative
U0615,C11373,2,Y,Negative
U0702,C10032,5,Y,Positive
U1784,C12242,3,Y,Neutral
U1673,C07951,3,Y,Neutral
U1936,C03566,5,Y,Positive
U0929,C00017,5,Y,Positive
U0980,C01321,1,N,Negative
U0927,C00570,1,N,Negative
U1764,C09396,4,Y,Positive
U0526,C16204,1,Y,Negative
U1243,C04878,3,N,Neutral
U0369,C13078,5,Y,Positive
U0763,C15514,1,Y,Negative
U1785,C02766,5,Y,Positive
U1071,C01845,4,Y,Positive
U1118,C04511,5,Y,Positive
U1583,C11871,4,Y,Positive
U0847,C08668,4,Y,Positive
U1673,C03688,5,Y,Positive
U1923,C16890,2,Y,Negative
U0960,C12244,2,N,Negative
U0532,C03060,5,Y,Positive
U0149,C10290,2,Y,Negative
U1245,C12484,5,Y,Positive
U0829,C07978,5,Y,Positive
U0882,C09408,5,Y,Positive
U1239,C03575,4,Y,Positive
U0059,C06110,3,Y,Neutral
U1190,C17287,5,Y,Positive
U1949,C13010,2,Y,Negative
U1965,C05023,4,Y,Positive
U1445,C12526,2,Y,Negative
U1063,C08939,5,Y,Positive
U0474,C16819,4,Y,Positive
U0811,C16127,1,Y,Negative
U0981,C05304,4,Y,Positive
U1400,C02599,3,Y,Neutral
U1573,C13169,4,Y,Positive
U0945,C11998,1,N,Negative
U0207,C02506,1,N,Negative
U1598,C00099,4,Y,Positive
U0216,C06688,2,N,Negative
U0641,C05339,4,Y,Positive
U0892,C15936,1,N,Negative
U0210,C17081,5,Y,Positive
U0600,C13072,2,N,Negative
U0662,C14576,2,N,Negative
U1865,C11416,5,Y,Positive
U0430,C01953,4,Y,Positive
U1615,C02204,3,Y,Neutral
U1710,C02115,1,Y,Negative
U0651,C04675,1,Y,Negative
U1496,C02486,2,N,Negative
U0223,C09147,4,Y,Positive
U1387,C16934,3,N,Neutral
U1494,C07937,2,Y,Negative
U1544,C03537,5,Y,Positive
U1273,C01769,2,Y,Negative
U0781,C03638,1,Y,Negative
U0737,C05146,2,Y,Negative
U0048,C09664,1,N,Negative
U0721,C14771,3,N,Neutral
U0297,C11205,1,N,Negative
U0636,C12350,5,Y,Positive
U1546,C01747,3,Y,Neutral
U1095,C03614,1,Y,Negative
U1463,C01709,3,N,Neutral
U0682,C00256,2,Y,Negative
U1252,C14714,5,Y,Positive
U0982,C16089,2,N,Negative
U0120,C02800,4,Y,Positive
U1042,C07259,1,Y,Negative
U0672,C02029,1,Y,Negative
U1291,C09022,4,Y,Positive
U1401,C04197,4,Y,Positive
U1365,C05764,5,Y,Positive
U0686,C14523,5,Y,Positive
U0336,C14809,2,Y,Negative
U1931,C10471,1,N,Negative
U1915,C04837,4,Y,Positive
U1288,C13310,5,Y,Positive
U1854,C01090,5,Y,Positive
U1331,C14198,4,Y,Positive
U0619,C14210,5,Y,Positive
U1935,C12917,5,Y,Positive
U1008,C14157,2,N,Negative
U1286,C13479,3,N,Neutral
U0272,C06861,1,Y,Negative
U0163,C01298,3,N,Neutral
U0052,C09946,2,Y,Negative
U1852,C08647,1,N,Negative
U1339,C16214,1,Y,Negative
U0985,C15165,5,Y,Positive
U1623,C16155,3,N,Neutral
U1035,C16510,4,Y,Positive
U1895,C16065,5,Y,Positive
U0220,C11535,1,N,Negative
U0739,C12593,4,Y,Positive
U1541,C08588,4,Y,Positive
U1783,C10711,3,Y,Neutral
U0277,C17613,1,Y,Negative
U1440,C01975,3,N,Neutral
U0051,C05296,5,Y,Positive
U0578,C00338,3,N,Neutral
U1563,C06292,3,Y,Neutral
U0434,C06994,5,Y,Positive
U1741,C13855,1,N,Negative
U0424,C14019,1,N,Negative
U0911,C01161,3,Y,Neutral
U1057,C00964,1,N,Negative
U1540,C02373,1,Y,Negative
U1997,C12931,2,Y,Negative
U0903,C08287,3,Y,Neutral
U0968,C01737,5,Y,Positive
U0533,C08006,3,N,Neutral
U1418,C01345,1,N,Negative
U0599,C06086,4,Y,Positive
U0463,C01274,3,Y,Neutral
U0049,C13183,3,N,Neutral
U0518,C12321,3,N,Neutral
U0940,C03665,5,Y,Positive
U0249,C02799,1,N,Negative
U0591,C08245,1,N,Negative
U1058,C02208,4,Y,Positive
U0447,C16834,1,Y,Negative
U1714,C01580,5,Y,Positive
U1758,C01348,5,Y,Positive
U0633,C03402,5,Y,Positive
U0010,C09910,2,Y,Negative
U0804,C04418,4,Y,Positive
U1619,C15087,3,N,Neutral
U1042,C13502,1,N,Negative
U1883,C09784,5,Y,Positive
U0406,C13874,2,Y,Negative
U1373,C00829,1,Y,Negative
U0233,C15244,4,Y,Positive
U1261,C10964,3,Y,Neutral
U1303,C11186,1,N,Negative
U0438,C00071,5,Y,Positive
U1945,C09895,4,Y,Positive
U1462,C11418,3,Y,Neutral
U0284,C10841,3,N,Neutral
U1851,C09973,1,Y,Negative
U0164,C09567,1,N,Negative
U1171,C16402,2,N,Negative
U0748,C11697,3,N,Neutral
U0228,C08709,4,Y,Positive
U1621,C07633,4,Y,Positive
U0604,C13925,5,Y,Positive
U0526,C15597,3,Y,Neutral
U0406,C12468,3,Y,Neutral
U0440,C12570,3,N,Neutral
U1688,C01082,2,Y,Negative
U0959,C00018,5,Y,Positive
U1254,C11716,1,N,Negative
U1708,C07117,3,N,Neutral
U1010,C16904,1,Y,Negative
U0101,C15580,1,N,Negative
U1637,C15718,4,Y,Positive
U1334,C10792,2,Y,Negative
U1882,C08557,2,N,Negative
U0603,C13416,4,Y,Positive
U0572,C02700,5,Y,Positive
U1274,C03717,1,Y,Negative
U0479,C13399,4,Y,Positive
U0068,C10624,4,Y,Positive
U1591,C00003,2,N,Negative
U0982,C00444,5,Y,Positive
U0934,C13061,5,Y,Positive
U0937,C13936,2,N,Negative
U0421,C06476,5,Y,Positive
U1700,C07820,5,Y,Positive
U0097,C03107,2,N,Negative
U0758,C06204,1,Y,Negative
U1749,C14879,2,Y,Negative
U1050,C13457,1,N,Negative
U0435,C10011,4,Y,Positive
U1872,C16090,3,N,Neutral
U0829,C14958,3,Y,Neutral
U1142,C16649,1,Y,Negative
U0838,C01707,5,Y,Positive
U0103,C03136,2,N,Negative
U0157,C16011,2,Y,Negative
U1170,C01609,5,Y,Positive
U1229,C02904,4,Y,Positive
U0149,C03386,5,Y,Positive
U0984,C08815,2,N,Negative
U1877,C07283,3,N,Neutral
U0416,C05009,3,Y,Neutral
U0831,C17371,5,Y,Positive
U0843,C17733,5,Y,Positive
U0135,C06726,3,Y,Neutral
U1983,C00769,3,N,Neutral
U1600,C01256,1,N,Negative
U0436,C05553,5,Y,Positive
U0324,C03790,2,Y,Negative
U1163,C07660,5,Y,Positive
U1914,C07212,5,Y,Positive
U1650,C14023,4,Y,Positive
U1960,C16273,3,Y,Neutral
U0483,C11629,1,Y,Negative
U0792,C01860,3,Y,Neutral
U0860,C17302,1,N,Negative
U1596,C06964,5,Y,Positive
U0166,C09555,5,Y,Positive
U1068,C17643,2,N,Negative
U0256,C07157,4,Y,Positive
U0018,C06032,5,Y,Positive
U1620,C05293,1,Y,Negative
U0972,C06512,4,Y,Positive
U0437,C02623,2,N,Negative
U1782,C09310,1,N,Negative
U1788,C16686,1,Y,Negative
U1959,C15871,5,Y,Positive
U1424,C03263,2,Y,Negative
U1884,C13601,3,Y,Neutral
U0056,C01865,4,Y,Positive
U0689,C02538,1,Y,Negative
U0424,C11332,1,N,Negative
U1853,C05702,1,N,Negative
U1657,C02896,3,Y,Neutral
U0417,C10861,4,Y,Positive
U0182,C05347,5,Y,Positive
U0921,C15883,2,Y,Negative
U1884,C09548,1,N,Negative
U0053,C14914,5,Y,Positive
U0382,C08409,1,N,Negative
U1734,C08424,3,N,Neutral
U1800,C12264,5,Y,Positive
U0048,C04584,5,Y,Positive
U0100,C15550,4,Y,Positive
U0204,C03772,3,Y,Neutral
U0780,C17323,2,N,Negative
U0973,C12439,4,Y,Positive
U0766,C01543,2,Y,Negative
U1893,C17520,4,Y,Positive
U0095,C12640,4,Y,Positive
U1069,C09490,4,Y,Positive
U0454,C01535,5,Y,Positive
U0199,C17785,5,Y,Positive
U1332,C08687,1,N,Negative
U1579,C11458,3,Y,Neutral
U0129,C17468,3,N,Neutral
U1908,C12185,2,N,Negative
U1371,C14466,5,Y,Positive
U0495,C05437,3,N,Neutral
U1333,C11276,5,Y,Positive
U0145,C09710,3,Y,Neutral
U1074,C13537,5,Y,Positive
U1739,C16284,1,Y,Negative
U0865,C01951,5,Y,Positive
U1865,C12229,5,Y,Positive
U0682,C02026,1,N,Negative
U1672,C06557,5,Y,Positive
U1918,C15827,1,N,Negative
U1283,C17487,5,Y,Positive
U1717,C16131,4,Y,Positive
U0067,C05712,3,Y,Neutral
U0112,C05190,2,N,Negative
U1912,C16622,3,N,Neutral
U0863,C14560,3,N,Neutral
U0256,C08818,2,N,Negative
U0921,C08783,3,Y,Neutral
U0157,C13265,2,Y,Negative
U0795,C02279,1,Y,Negative
U1290,C04524,2,N,Negative
U0112,C11336,5,Y,Positive
U0747,C03655,3,N,Neutral
U1367,C03751,1,N,Negative
U1955,C15774,3,N,Neutral
U0305,C14760,5,Y,Positive
U1567,C10076,3,Y,Neutral
U1670,C04021,1,Y,Negative
U0079,C04860,5,Y,Positive
U1813,C09546,1,Y,Negative
U0774,C00660,4,Y,Positive
U1119,C17422,3,Y,Neutral
U0310,C17060,1,Y,Negative
U0081,C03011,1,Y,Negative
U1203,C03631,3,Y,Neutral
U0561,C06538,2,Y,Negative
U1310,C03894,3,Y,Neutral
U0506,C01606,5,Y,Positive
U0491,C13041,1,Y,Negative
U1659,C10451,3,N,Neutral
U1759,C06154,1,Y,Negative
U0715,C15545,5,Y,Positive
U1956,C15030,3,Y,Neutral
U0724,C10169,5,Y,Positive
U1787,C07419,2,Y,Negative
U1897,C02397,1,Y,Negative
U1498,C12564,1,N,Negative
U1398,C17691,4,Y,Positive
U1202,C06819,5,Y,Positive
U1340,C12374,3,N,Neutral
U0429,C02257,3,Y,Neutral
U1490,C06540,2,Y,Negative
U0231,C17598,2,N,Negative
U1738,C07650,4,Y,Positive
U0674,C04965,5,Y,Positive
U1092,C07899,3,Y,Neutral
U0957,C16550,4,Y,Positive
U0569,C15294,2,N,Negative
U0466,C06284,4,Y,Positive
U1397,C15413,3,Y,Neutral
U1192,C16432,3,N,Neutral
U1149,C14463,2,N,Negative
U0424,C06604,4,Y,Positive
U1512,C06540,5,Y,Positive
U1619,C00031,4,Y,Positive
U0027,C11115,4,Y,Positive
U1081,C02209,4,Y,Positive
U0993,C00822,3,Y,Neutral
U1966,C12054,4,Y,Positive
U0035,C14194,1,N,Negative
U1773,C12032,2,N,Negative
U0470,C05892,1,Y,Negative
U0720,C11045,5,Y,Positive
U0853,C12599,5,Y,Positive
U0933,C17701,4,Y,Positive
U1810,C09155,2,N,Negative
U1230,C12583,1,Y,Negative
U1222,C16627,3,Y,Neutral
U0533,C15725,5,Y,Positive
U1052,C09313,2,Y,Negative
U0339,C07969,5,Y,Positive
U1958,C05920,5,Y,Positive
U1075,C09166,3,Y,Neutral
U1911,C09572,2,N,Negative
U0478,C03997,3,Y,Neutral
U1347,C06561,1,Y,Negative
U0803,C11110,3,N,Neutral
U0491,C04181,4,Y,Positive
U1554,C07004,4,Y,Positive
U0699,C11472,1,Y,Negative
U0682,C16605,1,N,Negative
U1151,C00481,2,Y,Negative
U1042,C02281,5,Y,Positive
U1273,C08810,4,Y,Positive
U0389,C07792,2,Y,Negative
U1054,C17602,4,Y,Positive
U1815,C11703,3,Y,Neutral
U0077,C03498,3,N,Neutral
U1765,C06399,3,Y,Neutral
U1402,C03352,4,Y,Positive
U1645,C14240,1,N,Negative
U0028,C13340,2,N,Negative
U1493,C06415,4,Y,Positive
U0593,C16691,4,Y,Positive
U1447,C01373,3,Y,Neutral
U1383,C04418,3,N,Neutral
U1111,C08895,2,N,Negative
U0168,C12272,3,N,Neutral
U0879,C12068,1,N,Negative
U0931,C05678,3,N,Neutral
U0510,C03057,1,N,Negative
U1953,C08135,1,N,Negative
U0666,C05502,3,Y,Neutral
U0537,C09673,4,Y,Positive
U0450,C16804,3,Y,Neutral
U0842,C02776,1,N,Negative
U0911,C00261,3,Y,Neutral
U1847,C03815,2,N,Negative
U0515,C13937,2,N,Negative
U1029,C05835,1,Y,Negative
U0945,C06944,1,N,Negative
U0388,C04168,5,Y,Positive
U1084,C04115,5,Y,Positive
U0319,C00039,5,Y,Positive
U1451,C06517,1,Y,Negative
U0611,C03041,1,Y,Negative
U1356,C02315,4,Y,Positive
U1685,C13539,5,Y,Positive
U1177,C17303,1,N,Negative
U1259,C12192,2,N,Negative
U0055,C17628,3,Y,Neutral
U1777,C11558,1,Y,Negative
U1917,C07750,2,Y,Negative
U0884,C15521,5,Y,Positive
U1219,C12777,2,N,Negative
U0599,C13481,5,Y,Positive
U0224,C17615,2,Y,Negative
U1223,C06204,2,Y,Negative
U1674,C10533,4,Y,Positive
U1846,C01333,1,N,Negative
U0014,C00067,2,Y,Negative
U0928,C15033,1,N,Negative
U0700,C06820,2,N,Negative
U0280,C08722,5,Y,Positive
U0981,C13188,1,N,Negative
U1306,C01223,5,Y,Positive
U1689,C12281,3,N,Neutral
U1238,C03208,2,N,Negative
U0875,C09075,3,N,Neutral
U1804,C05028,4,Y,Positive
U0810,C14416,1,N,Negative
U1570,C17258,1,Y,Negative
U0159,C13263,5,Y,Positive
U1248,C13992,3,N,Neutral
U0038,C08353,5,Y,Positive
U0794,C05855,1,N,Negative
U0199,C05291,2,Y,Negative
U1703,C11148,4,Y,Positive
U1657,C17417,2,N,Negative
U0636,C01015,3,N,Neutral
U0654,C00719,4,Y,Positive
U1230,C10852,4,Y,Positive
U0017,C00128,3,N,Neutral
U1444,C04223,1,N,Negative
U1967,C06879,3,N,Neutral
U0396,C09443,3,N,Neutral
U0885,C06393,2,N,Negative
U0894,C14521,3,N,Neutral
U1016,C04535,3,Y,Neutral
U0428,C16588,5,Y,Positive
U1549,C02330,2,Y,Negative
U0943,C04179,5,Y,Positive
U1648,C09898,3,N,Neutral
U0602,C04773,5,Y,Positive
U0725,C10368,3,Y,Neutral
U1969,C08881,2,N,Negative
U0228,C00689,3,N,Neutral
U0443,C17743,3,Y,Neutral
U1390,C08964,3,Y,Neutral
U1675,C01178,5,Y,Positive
U1264,C10161,3,N,Neutral
U0736,C15596,3,Y,Neutral
U1725,C04565,1,Y,Negative
U1061,C03761,2,Y,Negative
U1487,C17331,4,Y,Positive
U0620,C11440,1,N,Negative
U1036,C06636,1,N,Negative
U1229,C10284,3,Y,Neutral
U1484,C14450,2,Y,Negative
U1456,C05805,3,N,Neutral
U1293,C07681,4,Y,Positive
U0788,C17115,3,N,Neutral
U1507,C00926,4,Y,Positive
U1109,C09532,1,Y,Negative
U1555,C00855,1,N,Negative
U1953,C16399,2,N,Negative
U1947,C03570,1,Y,Negative
U0661,C03481,2,Y,Negative
U1356,C12698,4,Y,Positive
U1701,C16983,1,Y,Negative
U1732,C10704,4,Y,Positive
U0079,C14405,5,Y,Positive
U1137,C10248,4,Y,Positive
U0300,C01331,4,Y,Positive
U1227,C13333,2,Y,Negative
U0369,C15322,4,Y,Positive
U1849,C10678,4,Y,Positive
U0056,C17441,3,N,Neutral
U1494,C10726,3,N,Neutral
U1124,C14205,4,Y,Positive
U0236,C02234,5,Y,Positive
U0531,C09152,3,Y,Neutral
U1144,C03793,2,Y,Negative
U0324,C11994,1,N,Negative
U1432,C06128,3,Y,Neutral
U0160,C02809,1,Y,Negative
U1703,C13461,2,N,Negative
U1260,C11340,4,Y,Positive
U0528,C13423,4,Y,Positive
U1412,C04866,2,Y,Negative
U0669,C09399,4,Y,Positive
U1632,C00671,3,N,Neutral
U1555,C01048,2,Y,Negative
U0077,C14893,2,Y,Negative
U0651,C08957,2,N,Negative
U0877,C03367,3,Y,Neutral
U1763,C01308,1,Y,Negative
U1579,C07589,2,N,Negative
U1666,C08390,1,N,Negative
U0482,C05130,5,Y,Positive
U0559,C07358,1,Y,Negative
U0520,C16482,1,N,Negative
U0786,C07012,1,N,Negative
U1025,C08164,5,Y,Positive
U1754,C03712,5,Y,Positive
U1862,C05362,1,N,Negative
U1441,C02836,1,N,Negative
U0445,C10826,1,Y,Negative
U0383,C00104,3,N,Neutral
U0392,C03291,2,Y,Negative
U1334,C12435,1,Y,Negative
U0655,C15069,3,N,Neutral
U0378,C11881,2,Y,Negative
U0586,C06498,2,Y,Negative
U1341,C06316,3,Y,Neutral
U0739,C07572,5,Y,Positive
U0076,C03312,1,Y,Negative
U1409,C03346,2,Y,Negative
U0983,C14481,5,Y,Positive
U1790,C12286,4,Y,Positive
U0906,C03434,4,Y,Positive
U0868,C15456,3,N,Neutral
U1608,C09935,1,Y,Negative
U1247,C13694,5,Y,Positive
U1399,C12157,5,Y,Positive
U1524,C04284,4,Y,Positive
U0966,C02602,1,Y,Negative
U1670,C16264,1,Y,Negative
U0656,C04081,3,N,Neutral
U1048,C12750,4,Y,Positive
U0672,C14378,1,Y,Negative
U1269,C08310,5,Y,Positive
U0413,C00097,1,Y,Negative
U0003,C11394,3,N,Neutral
U0846,C10878,3,Y,Neutral
U0471,C11260,4,Y,Positive
U1072,C11940,1,N,Negative
U1967,C02420,4,Y,Positive
U1613,C02490,5,Y,Positive
U0844,C13600,2,Y,Negative
U0280,C09310,4,Y,Positive
U1058,C12439,3,Y,Neutral
U0941,C00180,5,Y,Positive
U1992,C14825,5,Y,Positive
U1331,C02949,5,Y,Positive
U1507,C14004,1,Y,Negative
U1324,C10783,2,Y,Negative
U0786,C14077,5,Y,Positive
U0359,C07412,5,Y,Positive
U0382,C09161,1,N,Negative
U1806,C11551,4,Y,Positive
U0986,C01698,2,N,Negative
U1636,C09109,4,Y,Positive
U0962,C04092,2,Y,Negative
U0109,C17054,2,Y,Negative
U0166,C08261,1,Y,Negative
U0040,C00931,4,Y,Positive
U0849,C07138,2,Y,Negative
U1245,C13334,2,Y,Negative
U0645,C09690,1,N,Negative
U1050,C14403,4,Y,Positive
U0689,C08728,3,Y,Neutral
U0571,C06137,5,Y,Positive
U0923,C17753,3,N,Neutral
U0518,C14464,4,Y,Positive
U0039,C03586,5,Y,Positive
U0928,C06246,1,N,Negative
U1011,C07488,2,N,Negative
U1224,C12837,2,N,Negative
U1736,C15669,1,N,Negative
U1794,C00007,1,N,Negative
U1883,C09521,2,Y,Negative
U0217,C12919,3,Y,Neutral
U0491,C08082,5,Y,Positive
U1912,C01859,4,Y,Positive
U0893,C09378,5,Y,Positive
U0465,C14457,2,Y,Negative
U0544,C17408,5,Y,Positive
U1254,C16669,5,Y,Positive
U0529,C08887,4,Y,Positive
U1797,C14304,3,N,Neutral
U1701,C04442,1,Y,Negative
U1118,C06137,5,Y,Positive
U1978,C04126,5,Y,Positive
U1333,C15765,2,N,Negative
U0434,C02613,1,N,Negative
U1126,C04769,4,Y,Positive
U1714,C01497,5,Y,Positive
U0666,C01090,4,Y,Positive
U0441,C05413,4,Y,Positive
U1490,C16330,3,N,Neutral
U0702,C09501,1,Y,Negative
U1478,C10939,1,Y,Negative
U0606,C07030,3,N,Neutral
U0285,C00237,4,Y,Positive
U1752,C06568,4,Y,Positive
U1308,C04538,3,Y,Neutral
U0900,C05937,5,Y,Positive
U1709,C01911,2,Y,Negative
U1070,C05656,1,Y,Negative
U0251,C17592,3,N,Neutral
U0789,C01027,3,N,Neutral
U0664,C13934,2,N,Negative
U0253,C16714,4,Y,Positive
U0456,C00480,3,N,Neutral
U0913,C17557,4,Y,Positive
U0142,C15500,5,Y,Positive
U0977,C04243,4,Y,Positive
U1009,C16890,2,N,Negative
U0747,C13684,1,Y,Negative
U0096,C16377,5,Y,Positive
U1299,C03602,5,Y,Positive
U0482,C17413,4,Y,Positive
U0194,C09922,4,Y,Positive
U1986,C04653,3,Y,Neutral
U0014,C09341,4,Y,Positive
U0821,C00784,2,N,Negative
U0669,C01828,4,Y,Positive
U1153,C01149,4,Y,Positive
U0336,C00260,5,Y,Positive
U0156,C02510,5,Y,Positive
U1394,C17680,4,Y,Positive
U0581,C07545,1,Y,Negative
U0574,C07090,3,Y,Neutral
U1646,C14479,1,Y,Negative
U0399,C07188,4,Y,Positive
U0616,C15707,1,N,Negative
U1792,C15955,3,Y,Neutral
U0115,C04739,1,N,Negative
U0803,C00970,2,N,Negative
U1582,C09944,3,Y,Neutral
U1077,C06214,3,N,Neutral
U0547,C14527,2,Y,Negative
U0025,C17549,4,Y,Positive
U1185,C08947,1,N,Negative
U1776,C05389,4,Y,Positive
U1697,C04579,2,N,Negative
U0595,C05086,2,Y,Negative
U0889,C15464,3,Y,Neutral
U0834,C17318,4,Y,Positive
U1877,C12326,2,Y,Negative
U0752,C13636,3,N,Neutral
U1812,C06421,5,Y,Positive
U1805,C05467,2,N,Negative
U0932,C13290,5,Y,Positive
U1060,C10791,4,Y,Positive
U1849,C02808,2,Y,Negative
U0324,C05290,1,Y,Negative
U1048,C07487,4,Y,Positive
U0549,C17095,1,Y,Negative
U0516,C02202,5,Y,Positive
U0615,C11328,3,N,Neutral
U0886,C08554,2,N,Negative
U1950,C14186,2,Y,Negative
U1363,C08403,4,Y,Positive
U0273,C13054,1,N,Negative
U0103,C09502,3,Y,Neutral
U0531,C09983,2,Y,Negative
U0828,C04329,5,Y,Positive
U1538,C12515,3,N,Neutral
U0541,C04529,5,Y,Positive
U1631,C07100,5,Y,Positive
U1766,C09221,3,Y,Neutral
U0483,C01651,2,Y,Negative
U0496,C17206,4,Y,Positive
U1713,C14354,3,Y,Neutral
U0578,C12736,4,Y,Positive
U0330,C06990,2,Y,Negative
U0334,C14151,3,N,Neutral
U0427,C14039,3,Y,Neutral
U0538,C06983,2,Y,Negative
U0089,C13399,5,Y,Positive
U1452,C03921,4,Y,Positive
U0021,C02508,5,Y,Positive
U0025,C09630,5,Y,Positive
U0335,C00582,4,Y,Positive
U1006,C14409,5,Y,Positive
U0687,C04504,5,Y,Positive
U1567,C15172,3,N,Neutral
U1420,C17254,1,Y,Negative
U0752,C04600,3,N,Neutral
U1301,C15763,4,Y,Positive
U0211,C14847,5,Y,Positive
U0019,C00288,1,N,Negative
U0042,C09950,4,Y,Positive
U0017,C05957,5,Y,Positive
U0848,C13179,4,Y,Positive
U1796,C09055,3,N,Neutral
U0953,C07905,4,Y,Positive
U0095,C01711,1,N,Negative
U1802,C16522,5,Y,Positive
U1536,C01696,5,Y,Positive
U1054,C06052,1,N,Negative
U1415,C07218,2,N,Negative
U1262,C01747,1,N,Negative
U0384,C14795,4,Y,Positive
U1107,C12375,2,Y,Negative
U0874,C17414,1,N,Negative
U0025,C13183,4,Y,Positive
U0854,C04168,2,N,Negative
U0032,C05626,1,Y,Negative
U0024,C01282,4,Y,Positive
U1494,C16352,2,Y,Negative
U0446,C02656,4,Y,Positive
U1054,C11696,5,Y,Positive
U1571,C17661,5,Y,Positive
U0907,C13973,2,N,Negative
U1500,C10046,5,Y,Positive
U0859,C11517,2,N,Negative
U1240,C02665,1,Y,Negative
U1460,C12294,3,Y,Neutral
U0178,C15192,5,Y,Positive
U1143,C00130,4,Y,Positive
U0575,C02736,2,N,Negative
U1960,C02270,3,Y,Neutral
U1173,C07817,1,Y,Negative
U0327,C15161,4,Y,Positive
U1776,C02909,3,N,Neutral
U1875,C02485,2,N,Negative
U1439,C09920,3,Y,Neutral
U1572,C11428,2,N,Negative
U0288,C03809,2,Y,Negative
U1359,C17745,2,Y,Negative
U1356,C10504,2,Y,Negative
U1369,C02774,3,N,Neutral
U0414,C11553,4,Y,Positive
U1099,C14172,3,N,Neutral
U1443,C02668,4,Y,Positive
U1790,C07789,3,Y,Neutral
U0176,C02329,5,Y,Positive
U0558,C16296,4,Y,Positive
U1091,C11791,4,Y,Positive
U0575,C17752,2,Y,Negative
U0219,C09504,2,Y,Negative
U0442,C03326,3,N,Neutral
U0548,C05166,2,Y,Negative
U0610,C12586,5,Y,Positive
U1483,C14439,2,N,Negative
U1254,C07869,5,Y,Positive
U1981,C06033,5,Y,Positive
U0265,C08198,3,Y,Neutral
U1364,C13069,4,Y,Positive
U0332,C06529,3,Y,Neutral
U1097,C03815,4,Y,Positive
U1245,C06629,4,Y,Positive
U0841,C08387,4,Y,Positive
U1110,C01998,4,Y,Positive
U1831,C00002,3,N,Neutral
U0625,C01919,2,Y,Negative
U1535,C05705,3,N,Neutral
U0798,C01245,3,Y,Neutral
U1980,C07660,5,Y,Positive
U1764,C13094,2,Y,Negative
U0543,C05665,3,N,Neutral
U0429,C13895,5,Y,Positive
U0750,C05230,4,Y,Positive
U0480,C07255,1,N,Negative
U0504,C13637,2,N,Negative
U1545,C01940,2,N,Negative
U1751,C06350,2,Y,Negative
U0377,C07088,2,Y,Negative
U1704,C14578,5,Y,Positive
U0234,C02226,4,Y,Positive
U0930,C06209,2,Y,Negative
U0353,C01468,4,Y,Positive
U0881,C08877,1,N,Negative
U1618,C04362,3,Y,Neutral
U0216,C11373,5,Y,Positive
U1649,C04755,4,Y,Positive
U1729,C03095,1,Y,Negative
U1844,C07905,2,N,Negative
U0656,C08172,3,Y,Neutral
U1621,C11634,4,Y,Positive
U0438,C08402,1,N,Negative
U0809,C00018,2,N,Negative
U0542,C00187,1,N,Negative
U0303,C16448,3,N,Neutral
U0909,C05635,4,Y,Positive
U0011,C10177,3,Y,Neutral
U1333,C11929,1,Y,Negative
U1472,C08698,2,N,Negative
U1729,C05105,3,N,Neutral
U0813,C11872,4,Y,Positive
U0267,C12377,5,Y,Positive
U0927,C12763,5,Y,Positive
U1803,C06643,1,Y,Negative
U0461,C03277,4,Y,Positive
U1397,C06413,2,Y,Negative
U0759,C16570,4,Y,Positive
U1062,C17682,2,N,Negative
U0950,C02007,1,Y,Negative
U1432,C00972,2,N,Negative
U0885,C15458,3,N,Neutral
U1251,C14736,1,Y,Negative
U0451,C17048,2,Y,Negative
U0637,C10856,2,Y,Negative
U1332,C09190,4,Y,Positive
U1067,C09501,2,Y,Negative
U1976,C11970,1,N,Negative
U1360,C02461,3,N,Neutral
U0563,C01854,1,Y,Negative
U1056,C00848,2,Y,Negative
U1651,C13952,5,Y,Positive
U0205,C08230,3,N,Neutral
U0327,C08376,1,N,Negative
U0028,C04377,1,Y,Negative
U1601,C17223,4,Y,Positive
U0218,C16819,4,Y,Positive
U1159,C00276,5,Y,Positive
U0642,C06827,3,N,Neutral
U0981,C09050,2,Y,Negative
U1083,C14939,2,Y,Negative
U0651,C13962,5,Y,Positive
U1930,C09678,5,Y,Positive
U0449,C04395,2,N,Negative
U0894,C07035,3,N,Neutral
U0255,C13354,3,N,Neutral
U0964,C01004,2,Y,Negative
U0974,C07258,3,Y,Neutral
U1064,C11926,4,Y,Positive
U1311,C04359,1,N,Negative
U0629,C04492,2,Y,Negative
U1051,C04447,3,Y,Neutral
U0949,C02357,3,Y,Neutral
U0594,C02751,2,N,Negative
U0180,C11624,5,Y,Positive
U0373,C10996,4,Y,Positive
U1147,C06003,4,Y,Positive
U0823,C11568,1,Y,Negative
U0523,C13252,1,N,Negative
U1714,C14479,1,Y,Negative
U0870,C03558,5,Y,Positive
U1113,C02204,5,Y,Positive
U0044,C00930,1,Y,Negative
U0609,C09887,1,N,Negative
U0830,C00168,3,Y,Neutral
U1857,C17130,1,N,Negative
U1236,C04678,5,Y,Positive
U0817,C01685,5,Y,Positive
U0988,C06908,1,N,Negative
U1796,C06596,3,Y,Neutral
U0004,C06425,2,Y,Negative
U0830,C01261,5,Y,Positive
U0080,C03563,3,N,Neutral
U0932,C03273,3,N,Neutral
U0187,C08289,3,Y,Neutral
U0679,C09441,5,Y,Positive
U0265,C11102,2,N,Negative
U1326,C03989,1,Y,Negative
U0950,C09333,2,Y,Negative
U0685,C16179,2,Y,Negative
U1627,C15611,2,N,Negative
U1695,C02209,3,Y,Neutral
U0342,C16772,4,Y,Positive
U1871,C04900,4,Y,Positive
U0560,C07937,3,N,Neutral
U1958,C00487,5,Y,Positive
U0072,C14049,1,Y,Negative
U1903,C06173,1,N,Negative
U0824,C00877,5,Y,Positive
U0747,C15762,4,Y,Positive
U0808,C05465,5,Y,Positive
U1020,C06697,4,Y,Positive
U1429,C08721,1,Y,Negative
U1383,C14526,2,N,Negative
U0295,C12604,3,N,Neutral
U0944,C10889,3,Y,Neutral
U0482,C08496,2,Y,Negative
U0454,C14909,1,Y,Negative
U1872,C06991,4,Y,Positive
U0648,C06794,5,Y,Positive
U1446,C00452,5,Y,Positive
U0499,C07483,3,Y,Neutral
U0409,C14397,3,N,Neutral
U0520,C17420,2,N,Negative
U0824,C02764,5,Y,Positive
U1291,C17261,3,Y,Neutral
U1057,C07283,3,N,Neutral
U1717,C16878,3,Y,Neutral
U1182,C04338,3,Y,Neutral
U0598,C05813,3,Y,Neutral
U1986,C09102,4,Y,Positive
U0333,C15480,2,N,Negative
U0036,C12680,2,Y,Negative
U0335,C05647,3,N,Neutral
U1760,C14750,2,N,Negative
U1812,C10271,4,Y,Positive
U1919,C05074,2,Y,Negative
U1664,C14020,3,N,Neutral
U1834,C14142,5,Y,Positive
U0605,C07592,3,Y,Neutral
U0806,C14755,1,Y,Negative
U1846,C12776,4,Y,Positive
U1776,C16845,1,N,Negative
U0029,C09484,1,N,Negative
U1789,C05793,5,Y,Positive
U0721,C07145,2,N,Negative
U1523,C08316,5,Y,Positive
U0278,C15354,1,N,Negative
U0922,C07703,5,Y,Positive
U1250,C15579,4,Y,Positive
U1717,C10632,2,Y,Negative
U0001,C09458,3,N,Neutral
U0706,C10682,1,Y,Negative
U1355,C02521,4,Y,Positive
U1509,C17426,4,Y,Positive
U1244,C12403,2,N,Negative
U0850,C05024,2,Y,Negative
U0513,C10743,1,Y,Negative
U0653,C15505,2,Y,Negative
U0052,C03089,2,N,Negative
U0213,C09236,2,N,Negative
U0837,C15106,4,Y,Positive
U1927,C00580,1,N,Negative
U1561,C08157,5,Y,Positive
U1548,C06457,2,Y,Negative
U1783,C00352,5,Y,Positive
U1227,C16764,1,Y,Negative
U0311,C05645,5,Y,Positive
U0511,C13539,5,Y,Positive
U1127,C12017,2,Y,Negative
U1972,C03968,5,Y,Positive
U1957,C07794,2,Y,Negative
U0679,C05335,1,N,Negative
U0815,C00287,2,N,Negative
U1222,C08750,1,N,Negative
U0163,C04939,3,N,Neutral
U1265,C12066,5,Y,Positive
U1781,C06567,1,Y,Negative
U1516,C02691,4,Y,Positive
U1987,C00897,2,N,Negative
U1482,C07180,1,N,Negative
U1505,C02883,3,Y,Neutral
U0385,C05424,2,N,Negative
U0848,C06940,5,Y,Positive
U1250,C14604,2,N,Negative
U1320,C01142,5,Y,Positive
U1391,C15422,4,Y,Positive
U1791,C07421,1,Y,Negative
U0048,C06970,1,Y,Negative
U0983,C11217,1,N,Negative
U0913,C07735,3,Y,Neutral
U1029,C11944,3,Y,Neutral
U1937,C16164,5,Y,Positive
U0399,C05669,3,N,Neutral
U1526,C15410,4,Y,Positive
U0200,C09867,1,N,Negative
U1980,C13275,5,Y,Positive
U0817,C13739,5,Y,Positive
U0006,C16844,2,N,Negative
U1439,C07296,2,Y,Negative
U0548,C10689,2,Y,Negative
U1580,C04861,3,N,Neutral
U0598,C09626,4,Y,Positive
U0791,C10109,4,Y,Positive
U0297,C00187,5,Y,Positive
U1629,C16903,2,Y,Negative
U0102,C10293,5,Y,Positive
U1675,C04724,4,Y,Positive
U1710,C17170,2,N,Negative
U0081,C07351,2,Y,Negative
U0465,C12276,4,Y,Positive
U0455,C11952,3,Y,Neutral
U0726,C04168,5,Y,Positive
U1447,C14298,5,Y,Positive
U1034,C05616,4,Y,Positive
U0399,C16305,4,Y,Positive
U0273,C11516,3,N,Neutral
U1786,C00213,3,N,Neutral
U0246,C02050,3,Y,Neutral
U1337,C11590,3,N,Neutral
U0463,C07806,4,Y,Positive
U0729,C03729,2,Y,Negative
U0714,C08291,1,Y,Negative
U1672,C17410,4,Y,Positive
U0308,C17709,5,Y,Positive
U0072,C02113,3,Y,Neutral
U0449,C02713,5,Y,Positive
U1549,C12853,2,Y,Negative
U1965,C13882,2,N,Negative
U0941,C03540,1,N,Negative
U0093,C01190,3,Y,Neutral
U0843,C12009,3,N,Neutral
U0891,C06834,2,Y,Negative
U1788,C08134,5,Y,Positive
U1008,C06677,1,N,Negative
U1829,C11795,1,Y,Negative
U0161,C09316,2,Y,Negative
U1487,C11409,1,N,Negative
U0588,C12450,2,Y,Negative
U0882,C05518,4,Y,Positive
U1464,C03723,5,Y,Positive
U1160,C11197,4,Y,Positive
U0909,C12837,5,Y,Positive
U1990,C08966,3,N,Neutral
U0067,C12502,1,Y,Negative
U1992,C17734,2,N,Negative
U1517,C12056,3,N,Neutral
U1859,C00490,2,N,Negative
U1901,C10505,5,Y,Positive
U0294,C00788,1,Y,Negative
U0554,C00106,4,Y,Positive
U0490,C10551,3,Y,Neutral
U0158,C08788,5,Y,Positive
U1099,C08913,3,N,Neutral
U1207,C00329,3,Y,Neutral
U1520,C16626,1,N,Negative
U0768,C11046,5,Y,Positive
U1750,C05898,2,N,Negative
U1559,C15035,1,Y,Negative
U0046,C05794,5,Y,Positive
U0121,C01464,3,Y,Neutral
U0543,C12892,4,Y,Positive
U0395,C08043,5,Y,Positive
U0338,C07539,2,N,Negative
U1340,C14583,2,N,Negative
U1930,C06075,1,N,Negative
U1539,C07272,1,N,Negative
U0897,C15459,4,Y,Positive
U1126,C03541,2,Y,Negative
U0003,C00623,5,Y,Positive
U0310,C10784,2,Y,Negative
U0122,C02938,4,Y,Positive
U1199,C05273,5,Y,Positive
U0702,C03863,4,Y,Positive
U0367,C00191,4,Y,Positive
U1880,C02811,1,N,Negative
U1356,C16423,3,Y,Neutral
U0656,C02598,5,Y,Positive
U0118,C03201,4,Y,Positive
U0023,C17751,5,Y,Positive
U0053,C16858,1,Y,Negative
U1876,C06214,4,Y,Positive
U1903,C09458,5,Y,Positive
U1006,C12477,1,Y,Negative
U0583,C07737,5,Y,Positive
U0336,C12855,4,Y,Positive
U1027,C13741,2,N,Negative
U1512,C17090,3,Y,Neutral
U1913,C02803,3,N,Neutral
U0401,C04775,2,Y,Negative
U1731,C04102,1,N,Negative
U1307,C05426,5,Y,Positive
U1051,C07050,4,Y,Positive
U1331,C07855,1,N,Negative
U1010,C13575,5,Y,Positive
U0072,C10066,5,Y,Positive
U1622,C13567,5,Y,Positive
U0125,C15663,3,Y,Neutral
U0384,C10147,1,N,Negative
U0370,C06145,4,Y,Positive
U1651,C07568,3,N,Neutral
U1428,C14622,1,N,Negative
U0353,C00318,4,Y,Positive
U0447,C08233,1,N,Negative
U0958,C06892,2,Y,Negative
U1930,C05700,3,Y,Neutral
U1075,C10564,1,Y,Negative
U1701,C08538,5,Y,Positive
U1808,C07880,2,N,Negative
U1612,C10494,2,Y,Negative
U1561,C02886,1,Y,Negative
U1402,C14160,1,N,Negative
U0678,C08794,4,Y,Positive
U0676,C11889,4,Y,Positive
U1686,C09648,3,Y,Neutral
U0727,C06200,1,Y,Negative
U0928,C02548,1,Y,Negative
U0740,C06326,3,N,Neutral
U1499,C11924,1,N,Negative
U1844,C09394,4,Y,Positive
U0476,C14937,3,N,Neutral
U1924,C15016,1,N,Negative
U0569,C09157,5,Y,Positive
U0580,C11003,3,N,Neutral
U1011,C02148,4,Y,Positive
U1257,C15534,2,N,Negative
U1941,C03526,2,N,Negative
U1923,C08352,1,N,Negative
U1013,C17731,3,Y,Neutral
U0267,C02516,4,Y,Positive
U1440,C10463,4,Y,Positive
U0775,C15939,5,Y,Positive
U1204,C13629,4,Y,Positive
U0245,C13724,4,Y,Positive
U0481,C01894,3,N,Neutral
U0508,C02722,3,N,Neutral
U1465,C00388,5,Y,Positive
U1852,C09247,5,Y,Positive
U0435,C04173,3,Y,Neutral
U1840,C04384,1,Y,Negative
U1503,C16932,1,N,Negative
U1754,C06733,4,Y,Positive
U1723,C01826,4,Y,Positive
U1213,C12657,3,N,Neutral
U1397,C12431,2,Y,Negative
U0559,C07194,1,Y,Negative
U0801,C03763,2,N,Negative
U1993,C01170,4,Y,Positive
U0895,C08636,4,Y,Positive
U1829,C01802,1,Y,Negative
U1251,C00602,4,Y,Positive
U0625,C05143,1,Y,Negative
U0783,C16026,4,Y,Positive
U1914,C16373,3,Y,Neutral
U1331,C00625,2,N,Negative
U0735,C08802,1,Y,Negative
U0449,C14658,3,N,Neutral
U0909,C15795,2,N,Negative
U0100,C14586,1,Y,Negative
U0327,C17538,5,Y,Positive
U1542,C08621,3,N,Neutral
U1955,C04523,2,N,Negative
U1743,C06741,2,N,Negative
U0586,C04365,1,Y,Negative
U0034,C10103,2,Y,Negative
U1675,C07942,2,Y,Negative
U0802,C04939,4,Y,Positive
U1174,C04762,5,Y,Positive
U1252,C03403,1,N,Negative
U1275,C08414,2,N,Negative
U1968,C05033,1,N,Negative
U0825,C13382,3,N,Neutral
U1458,C08091,3,Y,Neutral
U0449,C01457,4,Y,Positive
U0772,C17329,2,Y,Negative
U0989,C15005,4,Y,Positive
U1273,C15263,2,N,Negative
U1026,C13979,4,Y,Positive
U1448,C06053,5,Y,Positive
U0570,C02205,2,N,Negative
U0542,C10447,3,N,Neutral
U0770,C07475,3,N,Neutral
U0665,C06395,4,Y,Positive
U0084,C03221,3,N,Neutral
U0280,C07068,2,Y,Negative
U0991,C12251,2,Y,Negative
U1493,C14652,5,Y,Positive
U1064,C14791,3,N,Neutral
U1255,C08638,5,Y,Positive
U1477,C15118,3,N,Neutral
U1381,C15786,1,N,Negative
U0345,C10707,1,N,Negative
U1128,C04868,1,Y,Negative
U1732,C07813,2,N,Negative
U0939,C01611,5,Y,Positive
U0447,C08320,1,Y,Negative
U0952,C05433,2,Y,Negative
U0157,C04395,2,N,Negative
U1662,C10554,4,Y,Positive
U0887,C03049,4,Y,Positive
U1252,C04497,1,N,Negative
U0905,C12916,4,Y,Positive
U1495,C12338,2,Y,Negative
U1987,C15458,4,Y,Positive
U0927,C03845,1,Y,Negative
U1902,C02058,5,Y,Positive
U1006,C05763,3,Y,Neutral
U0714,C14517,1,N,Negative
U0253,C16776,3,Y,Neutral
U1219,C09275,2,N,Negative
U0971,C14367,2,Y,Negative
U1503,C12899,5,Y,Positive
U1903,C07732,1,Y,Negative
U1538,C14767,2,Y,Negative
U1393,C16325,1,Y,Negative
U1533,C11814,1,N,Negative
U1854,C08521,1,Y,Negative
U0668,C01529,3,N,Neutral
U1863,C16198,2,N,Negative
U1422,C10735,5,Y,Positive
U0981,C07433,2,N,Negative
U1021,C03351,4,Y,Positive
U1579,C13667,5,Y,Positive
U1790,C13737,1,Y,Negative
U0112,C15972,3,N,Neutral
U1745,C00384,5,Y,Positive
U1203,C07377,3,N,Neutral
U0258,C09952,5,Y,Positive
U0600,C00708,1,Y,Negative
U1837,C13867,4,Y,Positive
U0839,C15203,4,Y,Positive
U0288,C05071,5,Y,Positive
U0712,C16736,4,Y,Positive
U0748,C09236,3,Y,Neutral
U0934,C12118,3,N,Neutral
U1887,C12367,4,Y,Positive
U0161,C02390,5,Y,Positive
U1188,C13223,1,N,Negative
U1951,C02865,4,Y,Positive
U1029,C09863,3,N,Neutral
U0664,C17751,4,Y,Positive
U1795,C01027,4,Y,Positive
U0503,C07755,1,Y,Negative
U1865,C02665,5,Y,Positive
U1611,C08025,5,Y,Positive
U0218,C04787,5,Y,Positive
U1788,C08787,1,Y,Negative
U1307,C01256,2,Y,Negative
U1577,C17507,3,Y,Neutral
U0648,C03332,3,N,Neutral
U1821,C15297,4,Y,Positive
U1185,C04152,5,Y,Positive
U1801,C07551,2,Y,Negative
U0741,C02388,3,Y,Neutral
U0733,C09055,5,Y,Positive
U1673,C09086,1,N,Negative
U1711,C06738,5,Y,Positive
U1388,C01377,5,Y,Positive
U1503,C04796,5,Y,Positive
U1891,C07372,1,N,Negative
U0839,C16684,5,Y,Positive
U0464,C04234,4,Y,Positive
U1490,C02492,3,Y,Neutral
U1836,C03109,5,Y,Positive
U0920,C10609,5,Y,Positive
U1441,C11437,3,N,Neutral
U1715,C14861,4,Y,Positive
U0384,C13243,1,Y,Negative
U1057,C13624,3,Y,Neutral
U0399,C01082,4,Y,Positive
U1494,C01305,3,N,Neutral
U1029,C09050,5,Y,Positive
U1810,C17475,1,N,Negative
U0196,C05311,3,N,Neutral
U0132,C01486,1,Y,Negative
U0406,C15795,4,Y,Positive
U0050,C16241,4,Y,Positive
U0272,C14558,1,N,Negative
U0914,C09876,3,N,Neutral
U1684,C13121,5,Y,Positive
U0521,C03818,5,Y,Positive
U0194,C10982,5,Y,Positive
U1877,C06497,1,N,Negative
U0761,C10854,5,Y,Positive
U0922,C04462,5,Y,Positive
U0107,C03593,5,Y,Positive
U1925,C02680,3,N,Neutral
U1746,C16256,3,N,Neutral
U0123,C00913,5,Y,Positive
U0190,C11538,4,Y,Positive
U0014,C04283,4,Y,Positive
U0103,C07800,4,Y,Positive
U0675,C10783,5,Y,Positive
U0177,C01614,2,N,Negative
U1574,C00912,2,N,Negative
U1316,C14703,1,N,Negative
U1261,C05915,1,N,Negative
U0913,C15251,1,N,Negative
U1585,C16127,5,Y,Positive
U0969,C06868,4,Y,Positive
U1952,C07333,2,N,Negative
U1376,C04979,2,Y,Negative
U0476,C12360,3,Y,Neutral
U1105,C12935,3,N,Neutral
U0971,C11793,1,N,Negative
U0988,C05094,2,N,Negative
U0968,C04645,2,N,Negative
U1772,C13121,2,N,Negative
U1570,C05592,3,N,Neutral
U0309,C10234,2,N,Negative
U1964,C10679,4,Y,Positive
U1135,C10374,4,Y,Positive
U0554,C00916,2,N,Negative
U1258,C12281,4,Y,Positive
U1392,C00137,4,Y,Positive
U1810,C05377,4,Y,Positive
U0118,C08296,4,Y,Positive
U0760,C10730,1,N,Negative
U0923,C05563,5,Y,Positive
U0873,C02252,1,Y,Negative
U0925,C13089,1,Y,Negative
U1040,C14908,4,Y,Positive
U0749,C11135,4,Y,Positive
U0321,C13350,5,Y,Positive
U0949,C05350,1,Y,Negative
U0114,C07554,4,Y,Positive
U0345,C10671,1,Y,Negative
U1315,C10366,1,N,Negative
U0438,C02701,5,Y,Positive
U0368,C12142,3,N,Neutral
U0792,C12466,5,Y,Positive
U0606,C15019,4,Y,Positive
U0568,C15422,4,Y,Positive
U0358,C16194,5,Y,Positive
U1229,C04167,4,Y,Positive
U1626,C14445,2,Y,Negative
U0312,C14118,1,N,Negative
U0214,C12919,1,N,Negative
U1509,C06237,5,Y,Positive
U1556,C15981,3,Y,Neutral
U0362,C11935,3,Y,Neutral
U0761,C09482,5,Y,Positive
U1409,C07634,5,Y,Positive
U1902,C15474,3,N,Neutral
U1902,C10237,5,Y,Positive
U0071,C08741,5,Y,Positive
U0778,C05034,4,Y,Positive
U1217,C17263,1,Y,Negative
U1296,C02971,1,N,Negative
U1385,C01288,3,N,Neutral
U1827,C12506,4,Y,Positive
U1331,C10725,3,N,Neutral
U1480,C07206,2,Y,Negative
U0699,C14201,5,Y,Positive
U1936,C05239,5,Y,Positive
U0660,C04917,4,Y,Positive
U0742,C11543,1,N,Negative
U1104,C15472,4,Y,Positive
U1400,C09053,1,N,Negative
U1436,C08414,4,Y,Positive
U1740,C12620,3,Y,Neutral
U1197,C14448,4,Y,Positive
U0982,C03741,2,N,Negative
U1203,C07257,5,Y,Positive
U1009,C07123,2,Y,Negative
U0221,C04096,1,N,Negative
U1697,C05822,3,N,Neutral
U1901,C16979,5,Y,Positive
U1887,C12060,3,Y,Neutral
U1068,C15557,4,Y,Positive
U0502,C07828,3,N,Neutral
U1436,C02395,1,N,Negative
U1492,C06115,3,Y,Neutral
U0912,C01061,5,Y,Positive
U1104,C10611,5,Y,Positive
U1474,C00242,3,Y,Neutral
U0606,C01650,5,Y,Positive
U0715,C00740,3,N,Neutral
U1504,C03593,3,N,Neutral
U0015,C09584,5,Y,Positive
U0392,C09187,1,N,Negative
U1353,C02744,1,Y,Negative
U0903,C03248,1,Y,Negative
U0387,C07572,5,Y,Positive
U1112,C07718,4,Y,Positive
U0309,C00393,4,Y,Positive
U0385,C10458,1,Y,Negative
U0905,C07735,4,Y,Positive
U1655,C08176,1,N,Negative
U1166,C15130,4,Y,Positive
U0516,C13816,5,Y,Positive
U1760,C00142,2,N,Negative
U1609,C13732,2,N,Negative
U1668,C13954,2,N,Negative
U1898,C04986,1,Y,Negative
U1977,C03464,4,Y,Positive
U0458,C00484,3,Y,Neutral
U1326,C01384,2,Y,Negative
U1010,C04338,3,Y,Neutral
U1961,C00276,1,N,Negative
U1199,C06166,1,N,Negative
U1328,C01124,3,N,Neutral
U0887,C14037,3,N,Neutral
U1491,C00453,1,N,Negative
U0524,C12602,4,Y,Positive
U0539,C02975,3,N,Neutral
U1687,C00528,4,Y,Positive
U1152,C02654,1,Y,Negative
U0646,C00572,1,Y,Negative
U1338,C02882,3,N,Neutral
U1395,C07913,1,N,Negative
U0835,C15150,2,Y,Negative
U0754,C07270,2,N,Negative
U1182,C02856,4,Y,Positive
U1766,C07436,4,Y,Positive
U1217,C02340,4,Y,Positive
U1695,C15365,3,N,Neutral
U0442,C12946,1,Y,Negative
U1436,C01923,5,Y,Positive
U1516,C07560,5,Y,Positive
U0166,C13356,3,Y,Neutral
U1061,C07172,3,N,Neutral
U1823,C03627,2,N,Negative
U0709,C08841,1,N,Negative
U0562,C04367,1,Y,Negative
U0971,C06231,1,Y,Negative
U1039,C01257,2,N,Negative
U0166,C04164,4,Y,Positive
U0482,C00574,3,N,Neutral
U0661,C01668,5,Y,Positive
U1026,C17742,3,Y,Neutral
U0367,C13115,2,N,Negative
U1100,C17188,2,Y,Negative
U1688,C12691,1,N,Negative
U0428,C05717,4,Y,Positive
U1287,C16201,5,Y,Positive
U1613,C08295,3,Y,Neutral
U1184,C09264,1,Y,Negative
U0544,C03498,1,Y,Negative
U0879,C13844,3,N,Neutral
U0342,C17206,5,Y,Positive
U0245,C05657,1,Y,Negative
U1231,C16145,5,Y,Positive
U0117,C00451,4,Y,Positive
U1918,C01994,3,Y,Neutral
U1579,C12365,4,Y,Positive
U1220,C07105,2,Y,Negative
U1042,C03633,1,Y,Negative
U0404,C11981,5,Y,Positive
U0474,C11020,4,Y,Positive
U1101,C16600,4,Y,Positive
U0437,C13331,1,N,Negative
U1039,C00322,2,N,Negative
U1295,C14184,4,Y,Positive
U0243,C16305,4,Y,Positive
U0446,C01573,2,Y,Negative
U0094,C16684,3,N,Neutral
U1628,C05506,3,Y,Neutral
U0639,C07916,1,Y,Negative
U0809,C05524,5,Y,Positive
U0993,C06129,1,Y,Negative
U0976,C03046,5,Y,Positive
U0300,C10279,5,Y,Positive
U1092,C00320,1,N,Negative
U1512,C00077,5,Y,Positive
U1076,C04101,4,Y,Positive
U0429,C13268,3,Y,Neutral
U0416,C08189,2,N,Negative
U1712,C09124,3,Y,Neutral
U1181,C15023,5,Y,Positive
U1771,C08776,1,Y,Negative
U1092,C08696,1,Y,Negative
U0594,C17214,1,N,Negative
U0295,C10870,3,N,Neutral
U0280,C02443,1,N,Negative
U0814,C10084,4,Y,Positive
U0411,C04037,1,Y,Negative
U0982,C11042,3,Y,Neutral
U1023,C02411,5,Y,Positive
U0416,C16401,4,Y,Positive
U1494,C16558,1,N,Negative
U0410,C10042,3,Y,Neutral
U1887,C05574,4,Y,Positive
U0246,C16169,3,N,Neutral
U1524,C08283,3,Y,Neutral
U1586,C00866,4,Y,Positive
U1480,C16193,1,N,Negative
U1640,C08228,5,Y,Positive
U1321,C17412,3,N,Neutral
U0052,C09702,3,N,Neutral
U1904,C04217,4,Y,Positive
U0309,C15624,1,N,Negative
U0913,C08012,2,N,Negative
U0340,C08948,3,N,Neutral
U0624,C16543,3,N,Neutral
U1232,C09478,2,N,Negative
U1485,C09969,1,Y,Negative
U1165,C09709,4,Y,Positive
U0343,C02304,4,Y,Positive
U1166,C13692,3,Y,Neutral
U1028,C07059,2,Y,Negative
U1574,C07948,2,Y,Negative
U1446,C16737,1,N,Negative
U0847,C09049,4,Y,Positive
U1124,C16072,4,Y,Positive
U1643,C11379,4,Y,Positive
U0605,C02857,2,N,Negative
U0035,C09394,2,Y,Negative
U1186,C09173,1,Y,Negative
U0994,C07058,4,Y,Positive
U1391,C12023,2,Y,Negative
U1424,C00096,4,Y,Positive
U1022,C15085,1,N,Negative
U1708,C06210,5,Y,Positive
U0895,C06975,5,Y,Positive
U1937,C09541,5,Y,Positive
U0160,C03924,3,N,Neutral
U1881,C11189,3,Y,Neutral
U1433,C05327,1,N,Negative
U0290,C15524,3,Y,Neutral
U0861,C09104,1,Y,Negative
U1127,C12023,2,N,Negative
U0357,C13412,4,Y,Positive
U1467,C14284,5,Y,Positive
U1705,C13952,1,Y,Negative
U0464,C06182,2,Y,Negative
U0385,C15970,4,Y,Positive
U1810,C04913,4,Y,Positive
U0246,C07639,2,Y,Negative
U0665,C03423,3,N,Neutral
U1885,C13315,2,Y,Negative
U0282,C11381,2,N,Negative
U1527,C05173,3,N,Neutral
U0614,C14933,5,Y,Positive
U0374,C05709,5,Y,Positive
U1402,C15899,5,Y,Positive
U0738,C16471,3,N,Neutral
U1096,C13185,5,Y,Positive
U1635,C12986,3,Y,Neutral
U0544,C13651,3,Y,Neutral
U1670,C13929,5,Y,Positive
U1650,C07547,3,Y,Neutral
U1254,C12428,4,Y,Positive
U0319,C07957,2,N,Negative
U1623,C05787,1,Y,Negative
U1896,C13204,5,Y,Positive
U1151,C02631,1,N,Negative
U0050,C00178,3,N,Neutral
U0304,C10735,3,Y,Neutral
U1902,C05730,3,Y,Neutral
U0184,C00789,3,N,Neutral
U0877,C15498,4,Y,Positive
U1879,C15104,2,Y,Negative
U0561,C17321,2,Y,Negative
U0566,C04842,5,Y,Positive
U0677,C09552,1,Y,Negative
U0327,C07598,3,N,Neutral
U1184,C09551,2,N,Negative
U1877,C12645,5,Y,Positive
U1770,C15731,4,Y,Positive
U1153,C00087,2,N,Negative
U0121,C03750,5,Y,Positive
U0541,C13725,3,N,Neutral
U0041,C08743,4,Y,Positive
U0687,C17505,3,Y,Neutral
U0053,C00207,4,Y,Positive
U0855,C12382,5,Y,Positive
U1759,C16697,5,Y,Positive
U1469,C04917,1,N,Negative
U0993,C11831,5,Y,Positive
U1431,C02949,1,Y,Negative
U0835,C04208,5,Y,Positive
U0299,C17608,3,Y,Neutral
U1921,C10183,1,N,Negative
U1977,C15176,2,Y,Negative
U0455,C09461,2,Y,Negative
U0246,C03003,5,Y,Positive
U1556,C01248,1,Y,Negative
U0922,C09255,4,Y,Positive
U1434,C13842,2,N,Negative
U1089,C04271,4,Y,Positive
U1290,C17617,3,Y,Neutral
U0972,C05138,3,Y,Neutral
U1610,C07411,1,Y,Negative
U0708,C14652,1,Y,Negative
U1870,C15892,2,Y,Negative
U1720,C13679,3,N,Neutral
U1322,C08837,2,N,Negative
U1345,C05853,1,Y,Negative
U1011,C06602,3,N,Neutral
U1378,C14739,4,Y,Positive
U0349,C01344,2,N,Negative
U0189,C06959,1,Y,Negative
U0732,C13360,3,Y,Neutral
U1588,C15705,1,Y,Negative
U1195,C01852,4,Y,Positive
U1591,C12317,1,Y,Negative
U1992,C10189,3,Y,Neutral
U1127,C07264,4,Y,Positive
U1853,C07882,3,N,Neutral
U0742,C08658,2,Y,Negative
U1964,C05636,2,N,Negative
U0818,C10358,4,Y,Positive
U1402,C12240,3,N,Neutral
U0288,C15155,1,N,Negative
U1181,C06164,1,N,Negative
U1231,C08249,3,Y,Neutral
U0326,C03057,2,Y,Negative
U0582,C06679,1,Y,Negative
U0816,C05317,5,Y,Positive
U1716,C15955,3,N,Neutral
U1324,C04144,4,Y,Positive
U0864,C14214,1,N,Negative
U1616,C13269,1,Y,Negative
U0950,C08319,2,N,Negative
U0245,C14633,4,Y,Positive
U1861,C01430,5,Y,Positive
U0114,C13798,4,Y,Positive
U1049,C05798,3,Y,Neutral
U0309,C10200,5,Y,Positive
U0292,C06836,4,Y,Positive
U1898,C09151,3,N,Neutral
U0236,C15523,3,Y,Neutral
U0331,C05922,1,N,Negative
U0818,C14914,4,Y,Positive
U0050,C17272,4,Y,Positive
U0745,C02170,1,N,Negative
U1166,C13523,3,Y,Neutral
U0152,C03300,2,Y,Negative
U1608,C09384,2,Y,Negative
U0596,C01912,5,Y,Positive
U0795,C03933,4,Y,Positive
U0528,C02173,4,Y,Positive
U1575,C07993,2,N,Negative
U0371,C12436,4,Y,Positive
U1590,C03387,5,Y,Positive
U0734,C02991,4,Y,Positive
U1513,C06389,1,N,Negative
U1648,C10718,1,Y,Negative
U1957,C09973,1,N,Negative
U1974,C11786,2,Y,Negative
U0797,C09094,1,N,Negative
U0726,C07933,2,Y,Negative
U0916,C16680,2,Y,Negative
U0688,C10031,1,Y,Negative
U1721,C06808,1,N,Negative
U1577,C08825,1,Y,Negative
U0671,C05179,3,Y,Neutral
U1985,C05086,1,Y,Negative
U1749,C05855,3,Y,Neutral
U1435,C04282,3,Y,Neutral
U0894,C04821,5,Y,Positive
U0664,C09925,1,Y,Negative
U0100,C15187,5,Y,Positive
U1553,C09843,2,N,Negative
U0527,C02218,1,N,Negative
U1657,C14504,1,Y,Negative
U0508,C08815,5,Y,Positive
U0182,C01190,1,N,Negative
U1866,C14569,4,Y,Positive
U1476,C02490,4,Y,Positive
U1404,C04727,2,N,Negative
U0706,C01423,2,N,Negative
U0218,C13532,5,Y,Positive
U1282,C09501,5,Y,Positive
U1783,C09932,2,Y,Negative
U1086,C07923,3,N,Neutral
U0990,C17151,2,N,Negative
U1281,C15896,4,Y,Positive
U0660,C13367,1,Y,Negative
U0814,C06006,3,N,Neutral
U1726,C06165,5,Y,Positive
U1689,C10198,4,Y,Positive
U0938,C17531,4,Y,Positive
U0306,C01024,3,N,Neutral
U0373,C01163,1,Y,Negative
U1524,C10319,2,N,Negative
U0906,C10018,2,N,Negative
U1440,C12532,4,Y,Positive
U0176,C16371,4,Y,Positive
U1339,C16604,3,N,Neutral
U1752,C15734,1,Y,Negative
U0276,C15864,2,N,Negative
U0898,C03833,2,Y,Negative
U0813,C13607,3,Y,Neutral
U0613,C17528,3,N,Neutral
U0233,C17005,4,Y,Positive
U0411,C13495,1,Y,Negative
U0061,C04946,4,Y,Positive
U0140,C10624,4,Y,Positive
U1803,C12232,3,N,Neutral
U0708,C14387,1,Y,Negative
U0328,C17282,3,N,Neutral
U0988,C06491,4,Y,Positive
U0081,C07727,4,Y,Positive
U1116,C06233,5,Y,Positive
U0324,C14420,5,Y,Positive
U0225,C08510,4,Y,Positive
U0604,C05299,5,Y,Positive
U1079,C01646,3,Y,Neutral
U0898,C11777,3,N,Neutral
U0164,C14014,3,Y,Neutral
U0323,C02412,2,N,Negative
U1292,C08287,2,N,Negative
U0741,C06408,3,N,Neutral
U0446,C07732,2,Y,Negative
U0393,C04702,3,N,Neutral
U1111,C04709,4,Y,Positive
U1871,C12112,4,Y,Positive
U1910,C11299,4,Y,Positive
U0684,C08473,3,Y,Neutral
U1083,C03991,4,Y,Positive
U0819,C06714,3,Y,Neutral
U1853,C02617,3,N,Neutral
U0093,C13604,2,N,Negative
U0303,C15028,4,Y,Positive
U0390,C05390,5,Y,Positive
U0998,C02350,1,Y,Negative
U0609,C13668,1,N,Negative
U1590,C01837,5,Y,Positive
U0833,C15170,5,Y,Positive
U1084,C00056,3,Y,Neutral
U1042,C09598,3,Y,Neutral
U0674,C14977,4,Y,Positive
U0326,C08679,3,Y,Neutral
U1741,C13284,1,Y,Negative
U1610,C07727,5,Y,Positive
U1145,C02431,3,N,Neutral
U0225,C15879,3,N,Neutral
U1921,C03902,3,Y,Neutral
U0560,C12769,4,Y,Positive
U1668,C04956,5,Y,Positive
U0556,C13331,3,Y,Neutral
U0297,C03408,4,Y,Positive
U1790,C03425,4,Y,Positive
U0922,C08998,3,Y,Neutral
U0916,C17617,4,Y,Positive
U0464,C12935,1,N,Negative
U0827,C10905,2,Y,Negative
U1092,C04327,3,Y,Neutral
U0908,C15822,5,Y,Positive
U1133,C07831,1,Y,Negative
U0759,C11963,4,Y,Positive
U1500,C06529,3,Y,Neutral
U0845,C11405,4,Y,Positive
U0309,C00951,5,Y,Positive
U0215,C13532,5,Y,Positive
U1847,C16674,3,Y,Neutral
U1314,C10611,5,Y,Positive
U1818,C01317,1,Y,Negative
U1466,C10581,3,Y,Neutral
U1039,C17501,5,Y,Positive
U0753,C13674,1,N,Negative
U0639,C00165,2,Y,Negative
U1684,C08186,4,Y,Positive
U1269,C15579,3,Y,Neutral
U1749,C11811,5,Y,Positive
U0914,C15883,3,N,Neutral
U0452,C05123,3,Y,Neutral
U0046,C02216,2,Y,Negative
U0445,C09575,3,Y,Neutral
U1384,C02378,5,Y,Positive
U0084,C15642,3,N,Neutral
U0597,C01959,3,Y,Neutral
U1309,C01165,1,Y,Negative
U0718,C00693,4,Y,Positive
U1478,C07181,3,N,Neutral
U0082,C08664,1,N,Negative
U1503,C08104,3,Y,Neutral
U1932,C00850,4,Y,Positive
U1133,C08024,5,Y,Positive
U1069,C15204,5,Y,Positive
U0987,C11656,1,N,Negative
U0938,C07202,1,Y,Negative
U0999,C01271,1,Y,Negative
U0183,C03546,5,Y,Positive
U1186,C11932,2,N,Negative
U1115,C10308,2,N,Negative
U1257,C13313,1,Y,Negative
U1824,C12228,3,N,Neutral
U0306,C06133,3,N,Neutral
U0292,C05225,3,Y,Neutral
U1732,C03074,2,Y,Negative
U1275,C09827,5,Y,Positive
U1193,C00180,2,Y,Negative
U0308,C06329,2,N,Negative
U1560,C14297,4,Y,Positive
U0598,C08012,4,Y,Positive
U0953,C05099,3,N,Neutral
U0246,C03144,1,N,Negative
U1650,C05304,4,Y,Positive
U0550,C11762,2,Y,Negative
U0059,C16208,5,Y,Positive
U1133,C09189,5,Y,Positive
U1789,C14214,1,N,Negative
U1224,C16041,2,Y,Negative
U1054,C02937,4,Y,Positive
U0477,C03118,3,Y,Neutral
U0005,C01262,5,Y,Positive
U1167,C13648,2,Y,Negative
U0590,C13238,4,Y,Positive
U0640,C08351,1,Y,Negative
U0144,C14347,2,Y,Negative
U1501,C09738,3,N,Neutral
U1759,C12337,3,N,Neutral
U1749,C06878,1,N,Negative
U1570,C09486,1,Y,Negative
U1776,C06775,2,Y,Negative
U1388,C03699,2,Y,Negative
U0365,C00016,1,N,Negative
U1859,C13094,5,Y,Positive
U0118,C00507,5,Y,Positive
U0786,C09990,2,Y,Negative
U1459,C01840,2,N,Negative
U1867,C06507,2,N,Negative
U0772,C04130,5,Y,Positive
U0991,C00499,5,Y,Positive
U1049,C14042,2,N,Negative
U0159,C02217,4,Y,Positive
U1709,C15827,1,Y,Negative
U0898,C13063,5,Y,Positive
U1090,C11294,5,Y,Positive
U0278,C13219,2,Y,Negative
U1730,C17516,5,Y,Positive
U0293,C09255,5,Y,Positive
U0075,C15993,1,Y,Negative
U0580,C17439,2,Y,Negative
U1866,C12075,4,Y,Positive
U0567,C16632,1,N,Negative
U0672,C13326,4,Y,Positive
U1888,C13124,5,Y,Positive
U1026,C03160,4,Y,Positive
U0262,C01734,1,N,Negative
U1731,C10988,2,N,Negative
U0152,C02885,3,N,Neutral
U1528,C12468,4,Y,Positive
U0809,C06859,2,N,Negative
U0875,C17549,2,N,Negative
U0503,C01189,3,Y,Neutral
U0260,C00102,1,N,Negative
U0895,C00272,4,Y,Positive
U1217,C10751,2,N,Negative
U0940,C00420,2,N,Negative
U0497,C06818,4,Y,Positive
U0242,C04884,5,Y,Positive
U0959,C07206,4,Y,Positive
U1681,C13564,4,Y,Positive
U1821,C15113,3,Y,Neutral
U0910,C08119,4,Y,Positive
U0557,C14121,1,Y,Negative
U0353,C16504,4,Y,Positive
U0839,C16676,5,Y,Positive
U1157,C10942,3,Y,Neutral
U0340,C15819,5,Y,Positive
U1132,C06098,5,Y,Positive
U0395,C07368,5,Y,Positive
U0645,C17389,3,Y,Neutral
U0781,C07870,4,Y,Positive
U0427,C03194,5,Y,Positive
U1860,C03267,5,Y,Positive
U1204,C16550,3,N,Neutral
U1596,C17177,5,Y,Positive
U1921,C02404,1,Y,Negative
U1444,C05549,4,Y,Positive
U0622,C01995,4,Y,Positive
U0979,C02438,5,Y,Positive
U1136,C00660,1,Y,Negative
U0298,C10475,5,Y,Positive
U1515,C16015,3,N,Neutral
U0402,C02353,2,N,Negative
U0309,C04992,1,Y,Negative
U0634,C13738,5,Y,Positive
U0183,C12428,3,Y,Neutral
U1319,C04140,2,N,Negative
U1974,C17042,3,N,Neutral
U1498,C13671,2,N,Negative
U0194,C07998,1,N,Negative
U1780,C11810,3,N,Neutral
U1342,C07448,2,N,Negative
U1554,C16917,3,Y,Neutral
U1325,C08723,3,N,Neutral
U0312,C17694,5,Y,Positive
U0798,C15902,1,N,Negative
U1648,C01004,2,Y,Negative
U0942,C08293,4,Y,Positive
U0849,C17789,2,Y,Negative
U0457,C11622,1,N,Negative
U0996,C06507,3,Y,Neutral
U1556,C03408,5,Y,Positive
U0113,C02279,1,Y,Negative
U0239,C13793,5,Y,Positive
U1924,C03085,4,Y,Positive
U0910,C02739,2,N,Negative
U1390,C01439,3,N,Neutral
U0597,C07427,1,N,Negative
U0656,C10777,4,Y,Positive
U1393,C11766,3,N,Neutral
U0635,C14543,1,Y,Negative
U1538,C04491,5,Y,Positive
U1018,C13968,4,Y,Positive
U1207,C16654,4,Y,Positive
U1303,C01491,5,Y,Positive
U0202,C16316,4,Y,Positive
U1926,C07489,1,N,Negative
U1771,C07953,1,Y,Negative
U1984,C12480,5,Y,Positive
U1600,C04784,1,N,Negative
U1656,C16777,1,Y,Negative
U0854,C02080,3,Y,Neutral
U1665,C13566,4,Y,Positive
U1398,C00768,1,N,Negative
U1898,C00298,2,Y,Negative
U1487,C14735,3,Y,Neutral
U0374,C02896,1,N,Negative
U1613,C02511,2,N,Negative
U0406,C02876,2,Y,Negative
U1563,C11410,1,N,Negative
U0949,C02707,3,N,Neutral
U0563,C09864,2,N,Negative
U0872,C10791,4,Y,Positive
U0131,C06700,1,Y,Negative
U1580,C10735,1,N,Negative
U1612,C05042,3,Y,Neutral
U0259,C14442,4,Y,Positive
U0895,C15777,1,Y,Negative
U1341,C07778,1,N,Negative
U1750,C09935,2,N,Negative
U1871,C14578,3,Y,Neutral
U0709,C00905,1,N,Negative
U1642,C06835,2,Y,Negative
U0537,C02084,1,Y,Negative
U0498,C00995,3,N,Neutral
U1902,C16359,5,Y,Positive
U0648,C06894,1,Y,Negative
U1521,C12792,3,Y,Neutral
U0478,C03432,5,Y,Positive
U0692,C15374,1,Y,Negative
U0446,C08519,3,Y,Neutral
U0631,C02755,1,N,Negative
U1644,C07035,3,Y,Neutral
U0746,C17786,3,N,Neutral
U1104,C11466,1,Y,Negative
U0380,C08408,4,Y,Positive
U1729,C10140,5,Y,Positive
U0719,C00825,2,Y,Negative
U1488,C09723,3,Y,Neutral
U1652,C08806,2,Y,Negative
U1989,C01231,2,Y,Negative
U0654,C01291,5,Y,Positive
U1063,C12485,2,N,Negative
U1597,C13105,1,Y,Negative
U0103,C09431,3,Y,Neutral
U1927,C02568,4,Y,Positive
U0304,C12598,4,Y,Positive
U1465,C01093,3,N,Neutral
U0691,C11269,1,Y,Negative
U0445,C16851,3,Y,Neutral
U1361,C08030,5,Y,Positive
U0368,C09599,3,Y,Neutral
U1210,C16830,1,Y,Negative
U0842,C02550,3,N,Neutral
U1224,C11694,1,N,Negative
U0975,C06435,5,Y,Positive
U0803,C09063,3,Y,Neutral
U0495,C04202,5,Y,Positive
U1089,C12688,1,Y,Negative
U0040,C13740,5,Y,Positive
U1569,C11544,5,Y,Positive
U1518,C02561,2,Y,Negative
U0615,C00831,3,N,Neutral
U0671,C16290,1,N,Negative
U1616,C01847,5,Y,Positive
U0951,C11104,3,Y,Neutral
U0834,C12356,3,Y,Neutral
U1242,C14164,1,N,Negative
U1594,C16240,4,Y,Positive
U0374,C01900,3,Y,Neutral
U1667,C17538,4,Y,Positive
U1220,C17196,3,N,Neutral
U1583,C03165,1,N,Negative
U0310,C13132,5,Y,Positive
U0439,C08234,2,N,Negative
U1715,C17527,5,Y,Positive
U1989,C11096,3,N,Neutral
U1130,C00169,5,Y,Positive
U0298,C11116,4,Y,Positive
U1485,C01536,5,Y,Positive
U0190,C07843,1,Y,Negative
U1299,C16354,3,Y,Neutral
U1358,C05134,2,N,Negative
U1585,C10594,5,Y,Positive
U1102,C14160,5,Y,Positive
U1894,C00746,2,N,Negative
U0239,C04512,2,N,Negative
U0850,C13377,3,Y,Neutral
U0943,C02908,1,N,Negative
U0223,C16094,3,Y,Neutral
U1458,C02731,3,Y,Neutral
U1055,C09948,4,Y,Positive
U1777,C16900,2,N,Negative
U0261,C02479,5,Y,Positive
U0003,C11100,2,Y,Negative
U1120,C16475,1,N,Negative
U0917,C17230,1,N,Negative
U0824,C15523,3,Y,Neutral
U0556,C12421,2,N,Negative
U1658,C11639,1,Y,Negative
U1903,C03097,5,Y,Positive
U0330,C06417,5,Y,Positive
U1642,C02269,5,Y,Positive
U1671,C02422,1,N,Negative
U1961,C16435,3,Y,Neutral
U0318,C15460,3,Y,Neutral
U1803,C07019,5,Y,Positive
U1857,C10428,5,Y,Positive
U0359,C02686,5,Y,Positive
U1299,C01732,4,Y,Positive
U1261,C02849,3,N,Neutral
U0952,C13030,3,N,Neutral
U1428,C05444,2,N,Negative
U1037,C08577,5,Y,Positive
U0678,C04557,2,N,Negative
U0688,C10588,2,N,Negative
U1556,C11694,1,Y,Negative
U1684,C05035,1,Y,Negative
U1449,C11166,5,Y,Positive
U1998,C16655,1,Y,Negative
U0018,C05910,2,Y,Negative
U1281,C03523,5,Y,Positive
U0208,C08487,4,Y,Positive
U0985,C06469,2,N,Negative
U0239,C05558,2,N,Negative
U0962,C02361,3,Y,Neutral
U0774,C05538,3,N,Neutral
U1289,C10589,2,N,Negative
U1935,C12812,4,Y,Positive
U0700,C16845,5,Y,Positive
U0398,C13778,2,N,Negative
U0394,C00637,3,Y,Neutral
U0686,C13749,3,N,Neutral
U0724,C15486,2,Y,Negative
U1731,C01527,2,N,Negative
U0841,C12728,2,Y,Negative
U0575,C14548,4,Y,Positive
U0478,C08929,1,N,Negative
U0108,C11989,5,Y,Positive
U1612,C07770,1,Y,Negative
U0155,C06060,4,Y,Positive
U0462,C12918,4,Y,Positive
U1308,C00957,4,Y,Positive
U0681,C04227,3,Y,Neutral
U0602,C04494,3,Y,Neutral
U1913,C15341,5,Y,Positive
U0639,C06349,1,N,Negative
U0905,C14295,5,Y,Positive
U1863,C03248,2,N,Negative
U1295,C12629,3,N,Neutral
U0031,C07449,4,Y,Positive
U0667,C08599,2,N,Negative
U1152,C01829,5,Y,Positive
U1246,C01641,2,Y,Negative
U1054,C07345,2,N,Negative
U1017,C13918,5,Y,Positive
U0766,C07475,2,N,Negative
U0113,C14145,3,Y,Neutral
U0371,C13125,1,Y,Negative
U1479,C11722,2,Y,Negative
U0184,C14659,3,N,Neutral
U1044,C10483,4,Y,Positive
U1687,C16091,1,N,Negative
U0297,C09774,2,N,Negative
U0531,C17419,3,Y,Neutral
U1126,C15687,2,N,Negative
U1956,C10416,4,Y,Positive
U0293,C14739,1,N,Negative
U0237,C03609,4,Y,Positive
U1515,C01323,5,Y,Positive
U0716,C00463,5,Y,Positive
U0370,C05522,1,Y,Negative
U0771,C01792,5,Y,Positive
U1712,C04744,5,Y,Positive
U0234,C09813,1,Y,Negative
U1414,C00210,3,Y,Neutral
U0583,C15888,2,N,Negative
U1866,C00670,3,N,Neutral
U1625,C11941,5,Y,Positive
U0225,C01132,2,Y,Negative
U1177,C07842,4,Y,Positive
U0649,C17178,4,Y,Positive
U1462,C13657,1,Y,Negative
U1967,C15252,5,Y,Positive
U0474,C01969,1,N,Negative
U1905,C04434,1,Y,Negative
U0746,C05148,4,Y,Positive
U0712,C05947,1,Y,Negative
U0286,C02326,2,N,Negative
U1023,C15957,3,Y,Neutral
U1939,C00720,1,Y,Negative
U0154,C01116,2,Y,Negative
U0242,C02325,4,Y,Positive
U1911,C14205,4,Y,Positive
U1986,C08388,3,N,Neutral
U0906,C09780,4,Y,Positive
U0595,C15605,5,Y,Positive
U0532,C15715,1,Y,Negative
U1844,C04293,2,Y,Negative
U0059,C15638,3,Y,Neutral
U1909,C06139,2,Y,Negative
U1485,C17600,4,Y,Positive
U1773,C07807,1,Y,Negative
U1535,C01327,3,N,Neutral
U1781,C02357,4,Y,Positive
U1590,C00314,1,Y,Negative
U0213,C12761,3,N,Neutral
U1963,C02555,5,Y,Positive
U0471,C15419,3,Y,Neutral
U0045,C03588,2,Y,Negative
U0283,C00758,2,N,Negative
U0477,C04514,3,N,Neutral
U1733,C17052,3,N,Neutral
U0147,C14325,2,N,Negative
U1601,C05163,3,Y,Neutral
U0368,C01805,1,N,Negative
U1400,C15247,2,N,Negative
U1415,C06189,5,Y,Positive
U0841,C15103,1,N,Negative
U1492,C04576,2,N,Negative
U0704,C02242,2,N,Negative
U1509,C10744,2,Y,Negative
U0878,C03184,4,Y,Positive
U0901,C09058,1,Y,Negative
U1739,C08975,2,Y,Negative
U1070,C14699,4,Y,Positive
U1747,C01113,4,Y,Positive
U0574,C15321,5,Y,Positive
U1641,C01686,4,Y,Positive
U1967,C16926,4,Y,Positive
U0946,C03382,5,Y,Positive
U1045,C13698,4,Y,Positive
U0487,C00900,5,Y,Positive
U0267,C17430,5,Y,Positive
U1122,C08947,1,Y,Negative
U0276,C13513,2,N,Negative
U1343,C15708,1,N,Negative
U0007,C05576,1,N,Negative
U0520,C11146,3,Y,Neutral
U0167,C05993,3,Y,Neutral
U1262,C05308,3,N,Neutral
U0432,C16577,5,Y,Positive
U1870,C01702,1,Y,Negative
U0232,C10310,1,Y,Negative
U0547,C00093,4,Y,Positive
U1860,C13061,5,Y,Positive
U1784,C17744,5,Y,Positive
U1890,C11362,2,N,Negative
U1152,C00130,1,N,Negative
U0553,C15640,3,Y,Neutral
U1708,C05945,3,N,Neutral
U1084,C02855,5,Y,Positive
U1657,C12016,3,N,Neutral
U1603,C15044,4,Y,Positive
U0105,C16467,3,N,Neutral
U1869,C08631,3,N,Neutral
U1682,C13437,1,N,Negative
U1134,C11392,3,N,Neutral
U0180,C17089,2,N,Negative
U0388,C16293,4,Y,Positive
U0554,C01600,5,Y,Positive
U1975,C11039,5,Y,Positive
U1392,C14722,5,Y,Positive
U0609,C12070,3,N,Neutral
U0398,C07279,5,Y,Positive
U0838,C07296,3,Y,Neutral
U1354,C16632,3,Y,Neutral
U0958,C08514,4,Y,Positive
U1362,C15345,2,Y,Negative
U0721,C08889,5,Y,Positive
U0150,C15835,5,Y,Positive
U0707,C01748,2,N,Negative
U1033,C00410,5,Y,Positive
U1212,C12599,4,Y,Positive
U0177,C15719,5,Y,Positive
U1521,C00944,4,Y,Positive
U0055,C03983,1,N,Negative
U0461,C06745,2,N,Negative
U0976,C03260,5,Y,Positive
U0946,C17280,1,N,Negative
U1139,C00138,3,N,Neutral
U0204,C17638,5,Y,Positive
U1272,C12217,1,N,Negative
U0999,C12873,3,N,Neutral
U1526,C13763,3,Y,Neutral
U1807,C01916,3,Y,Neutral
U0585,C00205,3,Y,Neutral
U1438,C00465,5,Y,Positive
U1689,C00113,3,Y,Neutral
U1072,C12686,1,Y,Negative
U1397,C13775,5,Y,Positive
U1361,C07893,2,Y,Negative
U1888,C04688,1,Y,Negative
U0446,C10438,3,N,Neutral
U1507,C01575,3,N,Neutral
U1127,C16877,1,N,Negative
U0554,C12273,3,N,Neutral
U2000,C10376,4,Y,Positive
U1685,C08991,5,Y,Positive
U1408,C10997,1,Y,Negative
U1766,C00318,1,Y,Negative
U1507,C05070,5,Y,Positive
U1686,C05856,5,Y,Positive
U0985,C05683,4,Y,Positive
U1564,C13677,1,N,Negative
U0645,C00070,3,Y,Neutral
U1010,C16506,2,N,Negative
U0306,C07201,5,Y,Positive
U0998,C09129,4,Y,Positive
U0155,C16545,3,N,Neutral
U1524,C12132,1,N,Negative
U0975,C08879,2,N,Negative
U0627,C00199,3,Y,Neutral
U1930,C03976,3,N,Neutral
U1632,C01867,2,Y,Negative
U1956,C02611,5,Y,Positive
U1112,C01135,2,Y,Negative
U0767,C04158,4,Y,Positive
U0550,C11602,1,Y,Negative
U1726,C17268,4,Y,Positive
U0382,C15356,3,Y,Neutral
U1799,C12660,2,Y,Negative
U1076,C01048,2,Y,Negative
U0074,C08057,4,Y,Positive
U1513,C14125,1,Y,Negative
U0563,C17583,2,N,Negative
U0691,C15223,3,Y,Neutral
U0094,C05633,4,Y,Positive
U1054,C14155,3,Y,Neutral
U1227,C02109,1,N,Negative
U0538,C17264,3,Y,Neutral
U1994,C08706,2,N,Negative
U0855,C05932,5,Y,Positive
U0964,C13899,2,Y,Negative
U0816,C10124,3,Y,Neutral
U0074,C04050,1,Y,Negative
U0339,C14025,4,Y,Positive
U0181,C09722,3,N,Neutral
U1821,C04092,1,Y,Negative
U1920,C01421,1,N,Negative
U1984,C08865,4,Y,Positive
U1738,C15705,2,Y,Negative
U0520,C17230,5,Y,Positive
U0416,C12404,1,Y,Negative
U1528,C16592,5,Y,Positive
U0366,C04039,2,N,Negative
U1802,C00515,2,N,Negative
U0521,C05165,4,Y,Positive
U1777,C10655,4,Y,Positive
U1603,C11105,2,N,Negative
U1089,C02547,5,Y,Positive
U1697,C03985,3,Y,Neutral
U0074,C13790,1,N,Negative
U1607,C11612,3,N,Neutral
U0272,C05635,1,Y,Negative
U0700,C09900,3,N,Neutral
U0953,C02204,3,Y,Neutral
U1038,C17706,3,N,Neutral
U1110,C16573,4,Y,Positive
U0948,C02154,5,Y,Positive
U1998,C04117,1,Y,Negative
U0199,C01335,2,N,Negative
U0609,C01799,4,Y,Positive
U1161,C13695,3,N,Neutral
U1618,C13717,1,Y,Negative
U0485,C11457,3,N,Neutral
U1049,C08922,2,Y,Negative
U1419,C05509,2,Y,Negative
U0804,C14488,3,Y,Neutral
U0988,C15492,5,Y,Positive
U0234,C01663,3,N,Neutral
U0097,C10995,2,Y,Negative
U1570,C11855,5,Y,Positive
U0727,C13575,3,Y,Neutral
U0779,C15025,4,Y,Positive
U0705,C05426,5,Y,Positive
U0576,C03663,4,Y,Positive
U1293,C08301,4,Y,Positive
U1220,C15390,3,N,Neutral
U0752,C08005,3,N,Neutral
U1137,C02377,5,Y,Positive
U1707,C05043,1,N,Negative
U1648,C09140,4,Y,Positive
U0166,C17562,3,Y,Neutral
U0145,C02570,1,Y,Negative
U1314,C15014,1,Y,Negative
U1546,C07901,4,Y,Positive
U1743,C13072,4,Y,Positive
U0675,C08259,5,Y,Positive
U0145,C09891,4,Y,Positive
U0909,C01895,5,Y,Positive
U0737,C12722,4,Y,Positive
U1120,C17234,4,Y,Positive
U1560,C07650,3,Y,Neutral
U0428,C02066,5,Y,Positive
U1510,C11643,4,Y,Positive
U0005,C03099,4,Y,Positive
U0206,C15862,1,Y,Negative
U0465,C06360,5,Y,Positive
U1773,C09909,1,Y,Negative
U0440,C01780,4,Y,Positive
U0667,C05323,1,N,Negative
U1602,C13215,2,Y,Negative
U0936,C01834,5,Y,Positive
U1517,C01670,1,N,Negative
U0575,C12748,1,Y,Negative
U0096,C15002,1,N,Negative
U0743,C12696,5,Y,Positive
U0785,C10789,2,N,Negative
U1244,C09051,1,N,Negative
U0480,C06082,5,Y,Positive
U0735,C09790,4,Y,Positive
U1933,C11758,1,N,Negative
U1868,C11861,4,Y,Positive
U0150,C01943,5,Y,Positive
U1525,C15857,4,Y,Positive
U1201,C17015,2,N,Negative
U1974,C08836,1,N,Negative
U1576,C04721,1,Y,Negative
U0356,C15904,5,Y,Positive
U0438,C14439,2,N,Negative
U1754,C13296,1,Y,Negative
U0550,C15395,1,N,Negative
U0418,C17756,1,N,Negative
U0476,C09991,1,Y,Negative
U1581,C10833,5,Y,Positive
U0365,C07481,2,N,Negative
U0631,C13819,4,Y,Positive
U1097,C04320,1,N,Negative
U1686,C04279,1,Y,Negative
U1816,C07569,3,Y,Neutral
U0583,C05178,4,Y,Positive
U0339,C16085,2,Y,Negative
U0190,C08138,1,N,Negative
U0630,C17467,4,Y,Positive
U0558,C09193,4,Y,Positive
U0330,C03447,4,Y,Positive
U0742,C00253,2,Y,Negative
U1925,C16613,1,N,Negative
U0002,C07735,1,N,Negative
U0533,C15768,5,Y,Positive
U0321,C09177,5,Y,Positive
U0563,C04783,4,Y,Positive
U0942,C01416,3,N,Neutral
U1628,C14720,1,N,Negative
U0368,C04786,3,N,Neutral
U1686,C11652,5,Y,Positive
U0099,C02777,4,Y,Positive
U0601,C09293,4,Y,Positive
U0129,C17168,5,Y,Positive
U1894,C02760,3,N,Neutral
U1185,C10329,4,Y,Positive
U0546,C07988,4,Y,Positive
U0499,C10554,3,N,Neutral
U1236,C02947,2,Y,Negative
U0082,C05445,1,Y,Negative
U1545,C01933,3,N,Neutral
U0448,C11442,2,Y,Negative
U0691,C00029,5,Y,Positive
U0208,C03857,3,N,Neutral
U1640,C09027,5,Y,Positive
U0167,C11578,1,N,Negative
U0210,C16989,1,Y,Negative
U0667,C17389,3,N,Neutral
U0933,C00883,2,Y,Negative
U0835,C03227,2,Y,Negative
U0189,C00609,4,Y,Positive
U1941,C04010,4,Y,Positive
U0921,C15327,2,Y,Negative
U1972,C00198,5,Y,Positive
U1148,C01194,2,Y,Negative
U0468,C02018,3,Y,Neutral
U1103,C09308,3,N,Neutral
U1037,C09753,3,Y,Neutral
U1969,C02158,5,Y,Positive
U0120,C14241,5,Y,Positive
U1679,C02747,3,Y,Neutral
U0109,C03237,1,Y,Negative
U0903,C06201,3,Y,Neutral
U0517,C14081,4,Y,Positive
U1035,C15676,4,Y,Positive
U1860,C16913,5,Y,Positive
U1601,C16685,4,Y,Positive
U0110,C16589,3,Y,Neutral
U0682,C09779,5,Y,Positive
U1005,C08171,4,Y,Positive
U1759,C13416,1,Y,Negative
U1896,C01429,2,Y,Negative
U0059,C07780,2,Y,Negative
U1023,C03676,1,Y,Negative
U0477,C10465,2,N,Negative
U0081,C11199,4,Y,Positive
U1991,C02195,4,Y,Positive
U0244,C16836,1,Y,Negative
U1846,C07593,3,Y,Neutral
U1473,C02243,1,Y,Negative
U0623,C17304,1,N,Negative
U0557,C05197,5,Y,Positive
U0926,C12965,1,N,Negative
U0776,C16115,3,N,Neutral
U0213,C14031,3,Y,Neutral
U0692,C11308,1,N,Negative
U1181,C16072,2,Y,Negative
U0999,C17720,5,Y,Positive
U1071,C17732,3,N,Neutral
U1783,C03727,4,Y,Positive
U1249,C03590,3,Y,Neutral
U1397,C05222,2,N,Negative
U0151,C08558,5,Y,Positive
U1264,C05449,5,Y,Positive
U0163,C14593,1,N,Negative
U0753,C16045,1,Y,Negative
U0397,C08041,5,Y,Positive
U0485,C10009,2,Y,Negative
U0725,C00713,4,Y,Positive
U1964,C09690,5,Y,Positive
U1101,C00369,1,N,Negative
U1381,C11177,5,Y,Positive
U1212,C00268,3,Y,Neutral
U0609,C04890,3,N,Neutral
U0481,C01231,5,Y,Positive
U1137,C02832,2,N,Negative
U1669,C02107,3,N,Neutral
U0938,C02257,4,Y,Positive
U0587,C14160,1,N,Negative
U0299,C02660,1,N,Negative
U1779,C05653,5,Y,Positive
U1545,C12963,4,Y,Positive
U1412,C16906,3,N,Neutral
U1488,C08258,2,Y,Negative
U0451,C11765,3,N,Neutral
U1374,C01414,4,Y,Positive
U0940,C12753,1,N,Negative
U0749,C07440,3,N,Neutral
U0948,C16436,4,Y,Positive
U1370,C17629,3,Y,Neutral
U1226,C09150,4,Y,Positive
U0390,C07965,3,N,Neutral
U1397,C08079,3,Y,Neutral
U0302,C02907,3,N,Neutral
U1156,C10617,2,Y,Negative
U1066,C08061,3,N,Neutral
U1747,C09428,2,N,Negative
U0115,C16584,5,Y,Positive
U1552,C15163,3,Y,Neutral
U0955,C17651,3,Y,Neutral
U0706,C06972,2,N,Negative
U0669,C06461,3,N,Neutral
U1308,C12534,2,N,Negative
U1151,C00937,1,N,Negative
U0383,C07404,5,Y,Positive
U0136,C00840,3,N,Neutral
U1775,C08968,2,Y,Negative
U1260,C11632,4,Y,Positive
U1537,C10858,1,Y,Negative
U1460,C06022,2,N,Negative
U1104,C07600,3,N,Neutral
U1495,C12190,5,Y,Positive
U0582,C15418,1,N,Negative
U0690,C03612,2,Y,Negative
U1065,C03631,4,Y,Positive
U1727,C03828,3,Y,Neutral
U0100,C06591,2,N,Negative
U0016,C02835,5,Y,Positive
U0562,C04822,2,N,Negative
U0047,C01415,4,Y,Positive
U1065,C01332,3,N,Neutral
U1751,C13732,1,Y,Negative
U0145,C08054,4,Y,Positive
U1208,C16923,3,N,Neutral
U0911,C13433,1,Y,Negative
U0612,C09028,1,N,Negative
U1113,C07765,3,Y,Neutral
U0548,C02202,2,Y,Negative
U1146,C04397,3,Y,Neutral
U1571,C02280,1,Y,Negative
U0889,C01811,1,N,Negative
U0641,C06031,2,N,Negative
U1129,C06509,5,Y,Positive
U1358,C00883,4,Y,Positive
U1773,C16279,4,Y,Positive
U1622,C16761,1,N,Negative
U1579,C02510,1,N,Negative
U1090,C06783,5,Y,Positive
U0509,C09783,2,N,Negative
U1360,C05885,3,N,Neutral
U0815,C09063,4,Y,Positive
U0126,C02942,5,Y,Positive
U1009,C07026,4,Y,Positive
U1719,C05073,1,N,Negative
U0110,C13745,4,Y,Positive
U1377,C15649,2,N,Negative
U0083,C01374,5,Y,Positive
U1446,C14686,4,Y,Positive
U0331,C04151,3,N,Neutral
U0390,C04556,5,Y,Positive
U1460,C14600,4,Y,Positive
U0579,C16150,4,Y,Positive
U1280,C01247,2,N,Negative
U1901,C00748,4,Y,Positive
U0189,C13030,3,Y,Neutral
U0115,C13338,5,Y,Positive
U1298,C14786,1,Y,Negative
U0730,C01341,1,N,Negative
U1472,C11804,3,Y,Neutral
U0143,C08417,3,N,Neutral
U1212,C09750,1,Y,Negative
U0975,C05701,4,Y,Positive
U1465,C07983,5,Y,Positive
U1587,C05034,1,N,Negative
U1368,C00079,3,N,Neutral
U1159,C13670,4,Y,Positive
U1177,C03058,5,Y,Positive
U0574,C16075,4,Y,Positive
U0853,C08820,1,Y,Negative
U0837,C06238,2,Y,Negative
U1412,C04585,1,Y,Negative
U0238,C12527,4,Y,Positive
U1954,C13435,5,Y,Positive
U1513,C09388,4,Y,Positive
U0458,C02785,5,Y,Positive
U1530,C09183,1,Y,Negative
U0669,C08842,3,N,Neutral
U1489,C12572,2,N,Negative
U0596,C16040,4,Y,Positive
U0608,C08541,1,N,Negative
U0025,C11918,5,Y,Positive
U1723,C07718,5,Y,Positive
U0794,C02428,5,Y,Positive
U1489,C05363,3,Y,Neutral
U0487,C02369,1,Y,Negative
U1570,C03805,2,Y,Negative
U1955,C01100,2,Y,Negative
U0942,C00710,2,Y,Negative
U1084,C03514,2,N,Negative
U1522,C16159,2,Y,Negative
U1859,C04333,2,N,Negative
U1428,C13300,2,Y,Negative
U1686,C11747,3,N,Neutral
U1746,C12403,1,N,Negative
U0978,C00292,5,Y,Positive
U0395,C01087,3,N,Neutral
U1840,C07676,2,Y,Negative
U1289,C01535,1,N,Negative
U0470,C17089,1,N,Negative
U1773,C12646,1,Y,Negative
U1621,C15452,4,Y,Positive
U1245,C00965,2,N,Negative
U0878,C01923,3,N,Neutral
U1571,C08928,4,Y,Positive
U1732,C17078,4,Y,Positive
U1100,C17450,2,Y,Negative
U1930,C01165,5,Y,Positive
U0626,C09496,1,N,Negative
U0272,C13738,2,Y,Negative
U0224,C13171,2,Y,Negative
U0187,C01918,5,Y,Positive
U0748,C06074,3,N,Neutral
U1456,C02055,2,N,Negative
U1489,C01185,3,Y,Neutral
U0683,C03723,1,N,Negative
U0226,C08400,2,Y,Negative
U0177,C05267,4,Y,Positive
U0497,C01990,1,Y,Negative
U1803,C16011,1,Y,Negative
U0445,C11448,1,N,Negative
U0044,C12242,5,Y,Positive
U1651,C12944,3,Y,Neutral
U0707,C16324,3,Y,Neutral
U0710,C10125,2,Y,Negative
U1285,C03639,1,N,Negative
U1015,C01353,1,N,Negative
U1992,C13436,5,Y,Positive
U1724,C14403,2,N,Negative
U1805,C15645,1,Y,Negative
U0693,C04345,4,Y,Positive
U1231,C08098,2,Y,Negative
U0071,C11735,3,N,Neutral
U1558,C00230,5,Y,Positive
U1947,C15621,1,N,Negative
U1057,C06235,5,Y,Positive
U0742,C11690,1,Y,Negative
U0634,C01438,3,Y,Neutral
U0188,C16827,2,N,Negative
U1581,C11064,1,Y,Negative
U1560,C12717,4,Y,Positive
U0274,C04052,1,N,Negative
U0277,C15238,4,Y,Positive
U1115,C04622,5,Y,Positive
U0420,C08209,4,Y,Positive
U1232,C02297,2,Y,Negative
U0785,C00552,5,Y,Positive
U0864,C13617,3,N,Neutral
U1928,C15657,2,Y,Negative
U1181,C05864,4,Y,Positive
U1121,C04317,1,N,Negative
U0311,C12339,5,Y,Positive
U1562,C15226,1,N,Negative
U0226,C08584,5,Y,Positive
U1180,C16424,1,Y,Negative
U1124,C01260,5,Y,Positive
U1997,C00721,5,Y,Positive
U0570,C02827,2,Y,Negative
U1927,C14843,1,Y,Negative
U0479,C09969,5,Y,Positive
U1337,C13339,2,N,Negative
U0345,C02305,3,Y,Neutral
U0276,C02895,3,N,Neutral
U1628,C01558,4,Y,Positive
U1325,C14362,5,Y,Positive
U1505,C00390,1,N,Negative
U0792,C12574,3,N,Neutral
U1314,C06867,3,Y,Neutral
U1255,C00739,5,Y,Positive
U0783,C07371,5,Y,Positive
U1072,C16059,1,Y,Negative
U1162,C08938,2,N,Negative
U0682,C12485,1,N,Negative
U1721,C00123,5,Y,Positive
U0280,C09259,3,N,Neutral
U0829,C07558,2,N,Negative
U0744,C04696,4,Y,Positive
U0774,C12960,2,Y,Negative
U0431,C11866,3,Y,Neutral
U0395,C15204,5,Y,Positive
U1617,C06464,4,Y,Positive
U1177,C17596,4,Y,Positive
U1206,C00841,4,Y,Positive
U0671,C03766,2,Y,Negative
U1959,C16971,5,Y,Positive
U1345,C11845,3,N,Neutral
U0178,C01891,1,Y,Negative
U0885,C16251,2,Y,Negative
U0263,C10336,5,Y,Positive
U1879,C11152,2,Y,Negative
U1013,C10784,3,N,Neutral
U0846,C07611,1,Y,Negative
U0480,C10639,4,Y,Positive
U1975,C04682,5,Y,Positive
U0435,C02435,3,N,Neutral
U0739,C07051,2,N,Negative
U1025,C08467,2,Y,Negative
U0897,C07657,3,Y,Neutral
U1500,C16234,3,Y,Neutral
U1143,C16016,2,N,Negative
U1330,C11391,4,Y,Positive
U1092,C04088,5,Y,Positive
U0392,C05790,5,Y,Positive
U1328,C02918,3,Y,Neutral
U0852,C04672,1,N,Negative
U0104,C09191,4,Y,Positive
U1901,C14503,2,Y,Negative
U0012,C13124,4,Y,Positive
U1477,C07682,1,N,Negative
U1708,C05446,2,Y,Negative
U0296,C14828,1,Y,Negative
U0702,C03515,2,Y,Negative
U0841,C15171,4,Y,Positive
U0541,C01803,4,Y,Positive
U1460,C02501,1,N,Negative
U1315,C10219,3,Y,Neutral
U1264,C12414,5,Y,Positive
U0376,C09616,3,Y,Neutral
U0889,C11600,1,Y,Negative
U1350,C06122,4,Y,Positive
U1833,C12023,4,Y,Positive
U0081,C16092,2,Y,Negative
U0809,C07170,1,Y,Negative
U1261,C10938,4,Y,Positive
U1968,C14128,4,Y,Positive
U0477,C06333,2,N,Negative
U0416,C12594,4,Y,Positive
U0257,C15244,2,N,Negative
U1657,C05994,5,Y,Positive
U1602,C00831,2,N,Negative
U0169,C14723,3,Y,Neutral
U0878,C04177,4,Y,Positive
U1567,C11417,1,Y,Negative
U0113,C03270,1,N,Negative
U1386,C03845,2,Y,Negative
U1480,C09368,4,Y,Positive
U1642,C12639,5,Y,Positive
U1720,C03579,4,Y,Positive
U0787,C11555,5,Y,Positive
U1570,C14470,2,N,Negative
U0953,C16073,5,Y,Positive
U0472,C13973,3,Y,Neutral
U0749,C17755,3,N,Neutral
U1637,C14399,1,N,Negative
U1002,C06772,1,N,Negative
U0272,C13554,1,Y,Negative
U1267,C12705,3,Y,Neutral
U0394,C10238,4,Y,Positive
U0290,C09997,4,Y,Positive
U1787,C07474,5,Y,Positive
U0352,C14715,5,Y,Positive
U1673,C17076,3,N,Neutral
U1391,C09610,5,Y,Positive
U1027,C01670,4,Y,Positive
U1267,C14730,4,Y,Positive
U0373,C09003,1,N,Negative
U1334,C00976,4,Y,Positive
U1210,C05647,2,Y,Negative
U0923,C08197,5,Y,Positive
U1185,C06922,3,Y,Neutral
U1305,C10681,2,N,Negative
U0243,C09833,2,N,Negative
U0480,C04970,3,N,Neutral
U0577,C14928,1,Y,Negative
U0259,C10336,5,Y,Positive
U0859,C08558,5,Y,Positive
U0379,C14675,4,Y,Positive
U0633,C08451,2,N,Negative
U1788,C00813,4,Y,Positive
U0495,C06666,1,N,Negative
U0921,C11323,5,Y,Positive
U0871,C04821,4,Y,Positive
U0053,C14068,3,N,Neutral
U0457,C08790,3,Y,Neutral
U1324,C05947,5,Y,Positive
U1666,C01455,2,Y,Negative
U0237,C02776,2,N,Negative
U0407,C17235,5,Y,Positive
U0475,C12127,5,Y,Positive
U1569,C05777,2,N,Negative
U0414,C07816,5,Y,Positive
U1906,C06109,4,Y,Positive
U1392,C10859,4,Y,Positive
U1401,C16613,4,Y,Positive
U0203,C03906,1,Y,Negative
U1382,C15363,3,Y,Neutral
U0728,C04703,5,Y,Positive
U1775,C11441,2,Y,Negative
U0562,C14566,4,Y,Positive
U1267,C13618,4,Y,Positive
U1807,C11476,3,N,Neutral
U0174,C15538,2,Y,Negative
U1726,C14070,4,Y,Positive
U1816,C06996,3,N,Neutral
U0833,C02314,5,Y,Positive
U0774,C11546,2,N,Negative
U1238,C16216,1,N,Negative
U0615,C05026,4,Y,Positive
U0094,C02974,4,Y,Positive
U0176,C11052,3,Y,Neutral
U1993,C16531,4,Y,Positive
U1431,C09431,4,Y,Positive
U1885,C08293,5,Y,Positive
U1003,C11863,5,Y,Positive
U0030,C17048,2,N,Negative
U0585,C11379,4,Y,Positive
U0600,C14384,1,N,Negative
U1364,C11476,4,Y,Positive
U0728,C17485,5,Y,Positive
U1300,C06580,3,Y,Neutral
U0891,C11988,5,Y,Positive
U0325,C10694,1,N,Negative
U1420,C08578,5,Y,Positive
U1123,C07543,5,Y,Positive
U1709,C08769,2,Y,Negative
U0836,C14283,1,Y,Negative
U1380,C14476,5,Y,Positive
U1644,C10286,2,Y,Negative
U0210,C01021,5,Y,Positive
U1441,C16582,1,Y,Negative
U1404,C14530,4,Y,Positive
U0160,C16158,1,N,Negative
U1687,C00943,3,N,Neutral
U0253,C15824,2,Y,Negative
U1435,C17137,5,Y,Positive
U1893,C04600,4,Y,Positive
U1350,C00476,1,Y,Negative
U1593,C11818,4,Y,Positive
U0042,C07292,4,Y,Positive
U0262,C06808,5,Y,Positive
U0904,C12871,3,Y,Neutral
U0249,C16269,2,N,Negative
U0590,C05956,3,N,Neutral
U1487,C13982,4,Y,Positive
U0055,C13096,5,Y,Positive
U0347,C16470,2,Y,Negative
U0503,C11948,2,N,Negative
U1671,C01027,3,Y,Neutral
U1806,C16950,4,Y,Positive
U0377,C16765,2,N,Negative
U0011,C04965,5,Y,Positive
U1628,C01867,2,N,Negative
U0225,C17594,5,Y,Positive
U1395,C04889,4,Y,Positive
U0145,C06780,5,Y,Positive
U0806,C01106,3,Y,Neutral
U0945,C06903,2,N,Negative
U1707,C02280,2,Y,Negative
U0542,C14613,3,N,Neutral
U1371,C04651,5,Y,Positive
U1777,C07285,3,Y,Neutral
U0964,C03796,1,Y,Negative
U0528,C14806,5,Y,Positive
U0152,C16551,3,N,Neutral
U1331,C15481,4,Y,Positive
U1748,C17694,4,Y,Positive
U0208,C02955,2,Y,Negative
U0386,C16650,5,Y,Positive
U0794,C07238,4,Y,Positive
U0918,C12622,1,N,Negative
U0103,C06919,4,Y,Positive
U1794,C13490,5,Y,Positive
U0510,C12191,5,Y,Positive
U0778,C04100,5,Y,Positive
U0605,C13306,4,Y,Positive
U0928,C09102,3,N,Neutral
U0331,C04425,5,Y,Positive
U0800,C09153,2,Y,Negative
U0318,C10271,2,N,Negative
U1282,C07573,3,N,Neutral
U1386,C15264,2,Y,Negative
U0152,C11032,4,Y,Positive
U0507,C08739,4,Y,Positive
U1227,C13456,4,Y,Positive
U0575,C09273,5,Y,Positive
U1609,C05952,2,N,Negative
U1629,C05452,2,Y,Negative
U1742,C13036,5,Y,Positive
U0117,C02865,5,Y,Positive
U1314,C00744,1,Y,Negative
U0997,C09870,2,N,Negative
U0306,C10695,5,Y,Positive
U0910,C00474,5,Y,Positive
U0319,C17646,1,Y,Negative
U1258,C04666,3,N,Neutral
U0139,C04516,5,Y,Positive
U1960,C11232,4,Y,Positive
U1866,C13906,1,N,Negative
U0710,C10936,3,Y,Neutral
U0924,C07579,5,Y,Positive
U1024,C11537,2,Y,Negative
U0683,C11152,4,Y,Positive
U1464,C07119,3,Y,Neutral
U0438,C01820,3,N,Neutral
U1726,C04843,5,Y,Positive
U0645,C13937,2,Y,Negative
U1790,C07528,1,N,Negative
U1634,C08969,4,Y,Positive
U0860,C10748,1,N,Negative
U1057,C00858,3,N,Neutral
U1600,C09431,3,Y,Neutral
U1570,C08671,4,Y,Positive
U1286,C06860,1,N,Negative
U0541,C08539,4,Y,Positive
U0831,C08921,3,Y,Neutral
U1071,C13075,4,Y,Positive
U1155,C02231,2,N,Negative
U0445,C05519,5,Y,Positive
U0103,C16113,1,Y,Negative
U1510,C08458,1,Y,Negative
U1079,C07676,3,N,Neutral
U0349,C06612,3,Y,Neutral
U1587,C01681,5,Y,Positive
U1130,C12336,1,N,Negative
U0563,C01007,1,Y,Negative
U0515,C04744,2,Y,Negative
U1729,C15923,2,Y,Negative
U1222,C14130,4,Y,Positive
U0914,C13568,2,Y,Negative
U1046,C03986,1,N,Negative
U1958,C10660,1,Y,Negative
U1736,C17124,3,N,Neutral
U0482,C10375,5,Y,Positive
U0484,C14880,1,N,Negative
U0083,C10628,5,Y,Positive
U0971,C10961,4,Y,Positive
U0569,C13746,3,N,Neutral
U1122,C01903,5,Y,Positive
U0362,C13612,1,Y,Negative
U0519,C05053,5,Y,Positive
U0414,C17335,3,N,Neutral
U1738,C12548,1,Y,Negative
U1279,C10838,5,Y,Positive
U0118,C17354,5,Y,Positive
U1932,C16538,5,Y,Positive
U1483,C00458,3,N,Neutral
U0587,C03989,5,Y,Positive
U0844,C02180,3,N,Neutral
U0961,C06397,4,Y,Positive
U1385,C13204,5,Y,Positive
U0559,C09593,1,N,Negative
U0279,C00263,4,Y,Positive
U1289,C13696,1,N,Negative
U0326,C16512,1,N,Negative
U0261,C00047,2,Y,Negative
U1370,C02950,3,Y,Neutral
U1228,C00086,5,Y,Positive
U1758,C06427,4,Y,Positive
U1263,C00589,5,Y,Positive
U1476,C07304,2,N,Negative
U1205,C16193,5,Y,Positive
U1127,C03356,4,Y,Positive
U0596,C00125,5,Y,Positive
U0180,C02571,2,Y,Negative
U1346,C02868,4,Y,Positive
U0931,C08983,1,Y,Negative
U1035,C14583,3,N,Neutral
U0220,C02755,5,Y,Positive
U0489,C15601,5,Y,Positive
U1478,C14063,3,N,Neutral
U0779,C07683,4,Y,Positive
U1300,C00693,1,N,Negative
U0960,C01106,5,Y,Positive
U1820,C17547,4,Y,Positive
U0508,C04583,2,Y,Negative
U0097,C10227,5,Y,Positive
U1716,C09478,1,N,Negative
U1220,C05529,4,Y,Positive
U1273,C02302,2,Y,Negative
U0188,C03887,3,Y,Neutral
U0624,C14017,2,N,Negative
U0998,C12123,3,N,Neutral
U0012,C11598,2,N,Negative
U0913,C04921,1,N,Negative
U1123,C15058,2,Y,Negative
U1160,C14135,3,N,Neutral
U1691,C05498,5,Y,Positive
U1289,C13818,1,N,Negative
U1344,C15359,5,Y,Positive
U1342,C14726,4,Y,Positive
U1220,C10127,2,N,Negative
U0053,C14256,1,Y,Negative
U0686,C02135,2,N,Negative
U0755,C01630,4,Y,Positive
U1189,C08044,2,N,Negative
U1414,C07129,3,Y,Neutral
U1898,C10534,5,Y,Positive
U0917,C08076,4,Y,Positive
U1578,C13387,5,Y,Positive
U1021,C12264,3,N,Neutral
U1955,C13232,3,Y,Neutral
U1360,C04082,5,Y,Positive
U1600,C06726,5,Y,Positive
U0101,C17311,4,Y,Positive
U0126,C16393,2,N,Negative
U0721,C11107,2,Y,Negative
U0138,C11438,2,Y,Negative
U1234,C17118,3,N,Neutral
U1932,C01748,5,Y,Positive
U0563,C14023,3,Y,Neutral
U1264,C01647,1,N,Negative
U0228,C17561,2,Y,Negative
U1691,C03214,1,N,Negative
U0702,C15350,2,N,Negative
U1239,C03704,1,N,Negative
U1909,C13545,4,Y,Positive
U0636,C04316,3,N,Neutral
U0894,C00021,5,Y,Positive
U1289,C13595,2,N,Negative
U0303,C06603,4,Y,Positive
U0028,C07753,1,Y,Negative
U0012,C08533,2,N,Negative
U1951,C13663,4,Y,Positive
U0365,C14395,4,Y,Positive
U1686,C00220,3,N,Neutral
U1052,C00534,3,N,Neutral
U0607,C02475,3,Y,Neutral
U1112,C07768,4,Y,Positive
U0139,C04562,5,Y,Positive
U0210,C01927,2,N,Negative
U1632,C08589,4,Y,Positive
U0612,C03440,1,N,Negative
U1409,C00279,1,Y,Negative
U0618,C08102,3,Y,Neutral
U0174,C03370,2,N,Negative
U1999,C02279,4,Y,Positive
U1460,C04704,5,Y,Positive
U1628,C11874,5,Y,Positive
U0480,C01948,4,Y,Positive
U0725,C17321,4,Y,Positive
U0702,C11402,5,Y,Positive
U1447,C06430,5,Y,Positive
U0920,C05821,3,N,Neutral
U0123,C12261,3,N,Neutral
U0211,C00687,5,Y,Positive
U1102,C08909,2,Y,Negative
U0395,C05117,2,N,Negative
U0833,C02390,3,Y,Neutral
U1507,C12131,1,Y,Negative
U1653,C07718,4,Y,Positive
U0012,C12051,4,Y,Positive
U1128,C12851,5,Y,Positive
U0516,C13217,2,Y,Negative
U1820,C10840,2,N,Negative
U1789,C15865,5,Y,Positive
U0099,C00512,4,Y,Positive
U1603,C11702,5,Y,Positive
U1491,C14292,5,Y,Positive
U1603,C02936,5,Y,Positive
U0859,C10230,3,Y,Neutral
U1661,C02827,2,N,Negative
U1417,C04483,3,N,Neutral
U1109,C05440,5,Y,Positive
U0391,C05313,4,Y,Positive
U1763,C14951,3,N,Neutral
U1419,C16018,4,Y,Positive
U1321,C17053,5,Y,Positive
U0351,C03407,2,Y,Negative
U0416,C16292,3,Y,Neutral
U1956,C09072,3,N,Neutral
U1632,C03654,1,Y,Negative
U0005,C01417,5,Y,Positive
U0499,C11625,2,Y,Negative
U0429,C06954,4,Y,Positive
U0970,C13649,5,Y,Positive
U1869,C14868,1,N,Negative
U1808,C14496,4,Y,Positive
U1540,C04407,2,Y,Negative
U1713,C01959,1,Y,Negative
U0661,C10780,4,Y,Positive
U0930,C00706,2,N,Negative
U1253,C17410,3,N,Neutral
U1802,C06572,5,Y,Positive
U1674,C07082,2,Y,Negative
U1923,C16586,2,Y,Negative
U1339,C15860,4,Y,Positive
U0843,C10045,4,Y,Positive
U1202,C12160,2,Y,Negative
U0714,C12858,3,N,Neutral
U1831,C02478,4,Y,Positive
U0858,C17038,2,N,Negative
U0967,C06169,3,N,Neutral
U0414,C17491,4,Y,Positive
U0873,C13957,3,Y,Neutral
U1630,C12102,4,Y,Positive
U0261,C02996,5,Y,Positive
U0686,C02330,4,Y,Positive
U0423,C16267,3,Y,Neutral
U1348,C17089,4,Y,Positive
U1878,C06658,5,Y,Positive
U0256,C10298,3,Y,Neutral
U1813,C12130,1,Y,Negative
U0808,C03290,2,N,Negative
U1958,C03834,3,Y,Neutral
U0887,C05466,2,N,Negative
U0589,C03170,2,N,Negative
U1985,C10108,1,N,Negative
U0535,C07779,4,Y,Positive
U0008,C09635,3,N,Neutral
U1052,C11487,2,Y,Negative
U1685,C06054,4,Y,Positive
U0276,C13896,2,N,Negative
U0337,C15970,3,N,Neutral
U0767,C03475,5,Y,Positive
U0295,C10794,4,Y,Positive
U0339,C06132,2,Y,Negative
U0578,C02927,3,N,Neutral
U1587,C07502,1,N,Negative
U0949,C00324,5,Y,Positive
U0029,C17172,2,N,Negative
U0824,C00949,2,N,Negative
U0661,C08775,4,Y,Positive
U0534,C05692,1,N,Negative
U0850,C01032,4,Y,Positive
U0179,C10749,5,Y,Positive
U1167,C05433,2,N,Negative
U1035,C11214,1,Y,Negative
U0714,C16513,4,Y,Positive
U0988,C17614,3,Y,Neutral
U1783,C03035,1,N,Negative
U1140,C05723,4,Y,Positive
U1345,C03203,3,Y,Neutral
U0133,C02089,4,Y,Positive
U1870,C17759,2,N,Negative
U0687,C15358,4,Y,Positive
U0636,C17190,3,Y,Neutral
U0253,C08021,2,N,Negative
U1083,C02407,4,Y,Positive
U0678,C00408,5,Y,Positive
U1583,C13846,5,Y,Positive
U0082,C12772,5,Y,Positive
U0795,C02855,4,Y,Positive
U0036,C01345,4,Y,Positive
U1843,C02053,1,N,Negative
U0884,C02162,4,Y,Positive
U1790,C07848,4,Y,Positive
U0221,C03586,4,Y,Positive
U1652,C12801,2,N,Negative
U0826,C09796,1,Y,Negative
U0520,C02289,4,Y,Positive
U0781,C06058,2,N,Negative
U0059,C06143,5,Y,Positive
U1466,C01563,3,N,Neutral
U0008,C01189,3,N,Neutral
U0670,C16851,3,N,Neutral
U0038,C08716,4,Y,Positive
U1772,C14286,1,Y,Negative
U1178,C00266,5,Y,Positive
U0810,C00187,2,N,Negative
U0103,C02589,4,Y,Positive
U1072,C14463,3,Y,Neutral
U0121,C12202,4,Y,Positive
U1135,C00496,2,Y,Negative
U1744,C13809,5,Y,Positive
U0609,C08206,4,Y,Positive
U2000,C10746,4,Y,Positive
U0196,C10203,5,Y,Positive
U1903,C09819,4,Y,Positive
U1732,C00470,4,Y,Positive
U1522,C10983,4,Y,Positive
U0829,C12648,5,Y,Positive
U1338,C06454,4,Y,Positive
U0759,C16960,2,Y,Negative
U1842,C13975,5,Y,Positive
U0290,C08749,3,N,Neutral
U1711,C00672,3,Y,Neutral
U0261,C13180,2,N,Negative
U1657,C14928,3,Y,Neutral
U0450,C01765,2,Y,Negative
U0945,C05889,2,Y,Negative
U0137,C12841,4,Y,Positive
U1786,C15275,1,N,Negative
U1564,C01923,5,Y,Positive
U1448,C10539,2,N,Negative
U0541,C05261,5,Y,Positive
U0637,C02313,2,Y,Negative
U0423,C03457,1,Y,Negative
U0100,C07662,1,Y,Negative
U0432,C00680,2,N,Negative
U0312,C17788,2,Y,Negative
U1995,C07438,1,N,Negative
U0455,C12405,3,N,Neutral
U0090,C09580,1,N,Negative
U0709,C09355,3,N,Neutral
U0609,C04915,5,Y,Positive
U0219,C05177,2,Y,Negative
U1855,C06704,5,Y,Positive
U0851,C07262,1,N,Negative
U1611,C02686,1,N,Negative
U1902,C07066,3,N,Neutral
U0582,C12676,1,Y,Negative
U0500,C03966,2,Y,Negative
U0389,C11198,3,N,Neutral
U1387,C08015,3,Y,Neutral
U0415,C06371,5,Y,Positive
U0256,C04728,1,Y,Negative
U1677,C03969,3,Y,Neutral
U0885,C05406,2,Y,Negative
U1100,C13929,4,Y,Positive
U1648,C02180,2,Y,Negative
U1208,C17574,1,N,Negative
U0409,C08928,4,Y,Positive
U1944,C09203,5,Y,Positive
U1344,C09417,1,N,Negative
U0853,C00044,3,Y,Neutral
U0098,C04496,4,Y,Positive
U0548,C01078,4,Y,Positive
U1198,C15000,4,Y,Positive
U1757,C07613,5,Y,Positive
U1878,C09015,3,N,Neutral
U1218,C13652,4,Y,Positive
U1557,C03285,1,N,Negative
U1554,C07307,2,N,Negative
U1243,C16738,3,N,Neutral
U0200,C08230,1,N,Negative
U1253,C13050,5,Y,Positive
U0116,C16668,4,Y,Positive
U0392,C12002,4,Y,Positive
U0881,C15007,2,N,Negative
U0405,C03533,4,Y,Positive
U1583,C12775,2,Y,Negative
U0718,C03081,1,Y,Negative
U1048,C09170,1,N,Negative
U1138,C04214,3,Y,Neutral
U1790,C01458,3,N,Neutral
U1502,C13467,3,Y,Neutral
U0702,C03643,3,N,Neutral
U1869,C00922,3,N,Neutral
U1973,C14194,4,Y,Positive
U1397,C06361,1,N,Negative
U0123,C11807,5,Y,Positive
U1640,C14603,1,N,Negative
U1556,C16936,2,Y,Negative
U1413,C10582,1,Y,Negative
U0780,C11645,1,Y,Negative
U0479,C12255,4,Y,Positive
U1044,C10117,4,Y,Positive
U0875,C10690,1,N,Negative
U0925,C16997,5,Y,Positive
U1569,C11200,3,N,Neutral
U0945,C06010,5,Y,Positive
U0879,C03277,2,Y,Negative
U0098,C14328,4,Y,Positive
U0637,C08361,5,Y,Positive
U1131,C17339,5,Y,Positive
U1589,C01077,4,Y,Positive
U1245,C09802,5,Y,Positive
U0147,C16467,5,Y,Positive
U1030,C16496,1,Y,Negative
U1151,C07778,4,Y,Positive
U1624,C13708,4,Y,Positive
U0739,C03145,2,N,Negative
U0316,C07422,3,N,Neutral
U0403,C03105,3,Y,Neutral
U0443,C11939,2,Y,Negative
U1349,C04478,5,Y,Positive
U1630,C01427,1,Y,Negative
U0212,C09699,3,N,Neutral
U1128,C03091,4,Y,Positive
U0134,C12637,5,Y,Positive
U1423,C17269,2,Y,Negative
U0093,C13416,2,Y,Negative
U0031,C05921,5,Y,Positive
U0003,C01619,1,Y,Negative
U1826,C00601,2,Y,Negative
U0091,C05741,1,N,Negative
U0030,C12098,3,N,Neutral
U0551,C14813,5,Y,Positive
U1600,C14705,3,N,Neutral
U0538,C05391,3,N,Neutral
U1594,C03903,4,Y,Positive
U1097,C05937,1,N,Negative
U0290,C01189,1,Y,Negative
U0438,C08105,2,N,Negative
U0202,C09527,2,Y,Negative
U1569,C12103,4,Y,Positive
U0635,C13668,3,Y,Neutral
U1231,C17132,2,Y,Negative
U0273,C13649,1,N,Negative
U0389,C03990,1,N,Negative
U1329,C15621,1,N,Negative
U0275,C07764,3,Y,Neutral
U1728,C07265,5,Y,Positive
U0128,C10995,2,Y,Negative
U1202,C12493,2,Y,Negative
U0656,C12445,5,Y,Positive
U0132,C02533,4,Y,Positive
U0276,C13377,3,N,Neutral
U1261,C14917,4,Y,Positive
U0713,C00927,2,Y,Negative
U1593,C16608,1,N,Negative
U1511,C08750,1,Y,Negative
U0061,C14266,5,Y,Positive
U0469,C03077,3,Y,Neutral
U0171,C14816,4,Y,Positive
U1138,C13511,3,N,Neutral
U1740,C13236,3,N,Neutral
U0989,C01262,5,Y,Positive
U0252,C15452,4,Y,Positive
U1276,C14175,2,Y,Negative
U0126,C12664,3,N,Neutral
U0435,C12330,4,Y,Positive
U1069,C02567,2,N,Negative
U0735,C10195,1,Y,Negative
U0095,C06408,4,Y,Positive
U0921,C16737,3,N,Neutral
U1214,C10335,2,Y,Negative
U1630,C04317,5,Y,Positive
U0568,C08396,2,N,Negative
U1538,C07795,1,N,Negative
U0577,C12784,1,N,Negative
U1625,C11179,4,Y,Positive
U1023,C07495,5,Y,Positive
U1835,C10432,5,Y,Positive
U0678,C03912,4,Y,Positive
U1403,C10179,4,Y,Positive
U1937,C14356,2,N,Negative
U0110,C12855,2,Y,Negative
U1518,C02441,5,Y,Positive
U1981,C08856,4,Y,Positive
U1151,C09387,5,Y,Positive
U0457,C10544,5,Y,Positive
U1239,C05749,1,N,Negative
U0322,C13280,3,Y,Neutral
U0401,C01507,4,Y,Positive
U0590,C01135,3,Y,Neutral
U0995,C02157,1,Y,Negative
U0525,C08521,5,Y,Positive
U0549,C02019,5,Y,Positive
U0369,C06564,4,Y,Positive
U0800,C06315,5,Y,Positive
U0561,C08541,2,Y,Negative
U1851,C00346,1,Y,Negative
U0781,C02176,3,Y,Neutral
U1170,C03744,3,N,Neutral
U0971,C07806,1,Y,Negative
U0105,C01083,1,Y,Negative
U1350,C00552,3,Y,Neutral
U0511,C12396,5,Y,Positive
U1493,C07651,2,Y,Negative
U0591,C11366,3,N,Neutral
U0951,C08316,3,Y,Neutral
U0499,C01758,4,Y,Positive
U1276,C11853,3,Y,Neutral
U0229,C01164,2,Y,Negative
U0721,C07526,2,Y,Negative
U0208,C03540,3,Y,Neutral
U0424,C10775,2,Y,Negative
U0400,C04696,1,Y,Negative
U1774,C06532,3,Y,Neutral
U0305,C09442,2,Y,Negative
U0256,C04619,3,Y,Neutral
U1238,C12923,3,Y,Neutral
U0449,C01188,5,Y,Positive
U1136,C05262,1,N,Negative
U0285,C12911,5,Y,Positive
U1863,C16214,2,Y,Negative
U0583,C00473,1,N,Negative
U1245,C13927,3,Y,Neutral
U0411,C15619,4,Y,Positive
U0793,C11312,5,Y,Positive
U0145,C07097,1,N,Negative
U0842,C17701,2,Y,Negative
U0880,C15316,2,N,Negative
U1985,C10706,2,Y,Negative
U1984,C15726,5,Y,Positive
U1359,C17552,2,N,Negative
U0569,C15461,1,Y,Negative
U1572,C06004,2,Y,Negative
U0153,C14664,4,Y,Positive
U0761,C07764,4,Y,Positive
U1400,C00773,3,Y,Neutral
U0514,C11395,3,Y,Neutral
U1453,C01770,1,N,Negative
U0007,C11245,5,Y,Positive
U1091,C13063,4,Y,Positive
U1866,C13596,2,N,Negative
U0394,C06755,2,Y,Negative
U0329,C05793,2,Y,Negative
U0517,C03822,4,Y,Positive
U1639,C13255,3,Y,Neutral
U1842,C13356,3,N,Neutral
U1423,C15924,3,N,Neutral
U1417,C15918,3,N,Neutral
U1267,C06999,5,Y,Positive
U0728,C00804,3,Y,Neutral
U1387,C01121,1,Y,Negative
U0513,C10521,2,N,Negative
U1872,C09587,3,Y,Neutral
U0257,C05238,5,Y,Positive
U1087,C05898,4,Y,Positive
U1658,C08204,3,N,Neutral
U0339,C12948,2,Y,Negative
U1640,C14715,3,N,Neutral
U0350,C05096,4,Y,Positive
U0694,C10743,4,Y,Positive
U0115,C10814,4,Y,Positive
U0502,C06047,2,N,Negative
U1192,C05725,4,Y,Positive
U1534,C04517,2,Y,Negative
U1675,C08883,5,Y,Positive
U0642,C15310,1,N,Negative
U1721,C12334,3,Y,Neutral
U0499,C06932,4,Y,Positive
U0592,C10471,4,Y,Positive
U0321,C15281,3,Y,Neutral
U0718,C15141,3,Y,Neutral
U1477,C09026,3,N,Neutral
U0161,C11516,1,N,Negative
U0416,C12382,1,Y,Negative
U1065,C09269,5,Y,Positive
U1745,C11029,3,N,Neutral
U0008,C02950,4,Y,Positive
U1302,C11353,2,N,Negative
U1723,C14758,1,Y,Negative
U1594,C06068,2,N,Negative
U0639,C17447,4,Y,Positive
U0216,C14166,4,Y,Positive
U0704,C12655,4,Y,Positive
U0618,C07312,4,Y,Positive
U1541,C13234,4,Y,Positive
U0389,C12427,2,Y,Negative
U1089,C06550,2,N,Negative
U1906,C06149,2,N,Negative
U0070,C11202,1,N,Negative
U1907,C15654,3,N,Neutral
U1612,C17384,5,Y,Positive
U1988,C07539,4,Y,Positive
U1902,C01751,3,N,Neutral
U0664,C14106,1,N,Negative
U1831,C10536,1,Y,Negative
U0225,C06444,4,Y,Positive
U0347,C02190,1,Y,Negative
U0955,C05469,4,Y,Positive
U1039,C01346,5,Y,Positive
U1547,C00037,4,Y,Positive
U0150,C05291,3,Y,Neutral
U0495,C11517,3,N,Neutral
U1582,C00378,3,Y,Neutral
U1050,C06010,4,Y,Positive
U1295,C16637,4,Y,Positive
U0137,C05408,2,Y,Negative
U1131,C02135,2,Y,Negative
U1484,C12880,1,Y,Negative
U1651,C13968,2,N,Negative
U0661,C02949,3,Y,Neutral
U0488,C04181,1,Y,Negative
U0029,C14892,1,N,Negative
U0806,C11231,4,Y,Positive
U1194,C13581,2,N,Negative
U0710,C04121,4,Y,Positive
U0511,C00915,1,Y,Negative
U1897,C00561,5,Y,Positive
U1427,C04902,5,Y,Positive
U0099,C02754,2,Y,Negative
U1143,C01195,1,Y,Negative
U1723,C08093,5,Y,Positive
U1274,C13962,5,Y,Positive
U1126,C07500,1,Y,Negative
U1074,C16805,1,N,Negative
U0306,C09716,2,Y,Negative
U1442,C01974,2,N,Negative
U1557,C14819,4,Y,Positive
U1745,C09027,3,N,Neutral
U0426,C03919,1,Y,Negative
U0047,C15049,2,Y,Negative
U0793,C16188,4,Y,Positive
U0577,C12211,5,Y,Positive
U1782,C00433,5,Y,Positive
U1508,C05908,2,N,Negative
U1168,C00974,4,Y,Positive
U1713,C06666,1,N,Negative
U1265,C15466,3,Y,Neutral
U1425,C10106,3,Y,Neutral
U1741,C16696,1,Y,Negative
U1294,C13345,5,Y,Positive
U1563,C08538,4,Y,Positive
U0455,C13213,1,N,Negative
U0872,C14012,3,Y,Neutral
U0058,C14057,3,Y,Neutral
U1977,C11131,4,Y,Positive
U1673,C13579,4,Y,Positive
U1765,C06527,4,Y,Positive
U1880,C16920,3,N,Neutral
U0977,C00732,5,Y,Positive
U0055,C09892,4,Y,Positive
U1852,C05525,1,N,Negative
U1282,C07006,4,Y,Positive
U0928,C00724,4,Y,Positive
U0303,C16053,2,N,Negative
U1314,C11058,5,Y,Positive
U1781,C17753,2,Y,Negative
U0651,C07141,5,Y,Positive
U1811,C01556,3,N,Neutral
U0200,C06398,2,Y,Negative
U1648,C13647,1,N,Negative
U1939,C05805,2,N,Negative
U1670,C05956,3,Y,Neutral
U0368,C13637,2,Y,Negative
U0690,C13612,1,N,Negative
U1053,C15080,2,N,Negative
U1859,C02422,4,Y,Positive
U1459,C17379,3,N,Neutral
U1166,C08442,5,Y,Positive
U1944,C05688,2,Y,Negative
U1222,C00550,4,Y,Positive
U1604,C16943,2,Y,Negative
U0765,C16094,2,N,Negative
U0809,C11098,1,N,Negative
U1196,C05701,3,N,Neutral
U0118,C07906,5,Y,Positive
U1722,C07497,3,Y,Neutral
U0707,C05548,3,Y,Neutral
U1443,C10046,4,Y,Positive
U0989,C06689,2,Y,Negative
U0074,C08155,2,Y,Negative
U0370,C04148,3,N,Neutral
U0978,C10747,2,N,Negative
U0343,C02796,4,Y,Positive
U1561,C12890,5,Y,Positive
U1357,C01186,4,Y,Positive
U1362,C12385,4,Y,Positive
U1209,C14587,5,Y,Positive
U0511,C02534,4,Y,Positive
U0385,C02529,4,Y,Positive
U0217,C03438,5,Y,Positive
U1403,C05481,2,Y,Negative
U1726,C02579,3,Y,Neutral
U1506,C04509,1,Y,Negative
U0361,C04165,4,Y,Positive
U0346,C15550,4,Y,Positive
U1947,C07727,4,Y,Positive
U1891,C08631,3,Y,Neutral
U0934,C01213,4,Y,Positive
U1806,C00330,1,Y,Negative
U1443,C07235,3,Y,Neutral
U1703,C17078,5,Y,Positive
U0805,C01481,1,N,Negative
U1828,C04292,4,Y,Positive
U1939,C05425,1,N,Negative
U1985,C04284,3,N,Neutral
U0255,C03000,5,Y,Positive
U1866,C00609,2,N,Negative
U0538,C00537,5,Y,Positive
U1340,C17408,5,Y,Positive
U1297,C09863,2,N,Negative
U1786,C11739,4,Y,Positive
U1608,C08306,2,Y,Negative
U0686,C00554,4,Y,Positive
U0202,C15070,4,Y,Positive
U1994,C14888,1,Y,Negative
U0846,C01898,1,Y,Negative
U1179,C05057,1,N,Negative
U0577,C15181,5,Y,Positive
U1821,C00746,1,N,Negative
U1778,C03896,5,Y,Positive
U0405,C07333,3,Y,Neutral
U0900,C12470,4,Y,Positive
U0014,C17385,1,Y,Negative
U1171,C12084,4,Y,Positive
U0040,C03781,5,Y,Positive
U0847,C09839,4,Y,Positive
U1103,C10414,5,Y,Positive
U0496,C15615,4,Y,Positive
U1053,C01266,3,Y,Neutral
U1618,C08133,5,Y,Positive
U1980,C11106,4,Y,Positive
U0006,C09479,4,Y,Positive
U1532,C11771,4,Y,Positive
U1446,C05953,2,Y,Negative
U1246,C15415,2,Y,Negative
U0910,C14542,5,Y,Positive
U1873,C04771,5,Y,Positive
U1595,C01534,4,Y,Positive
U1068,C13494,4,Y,Positive
U1327,C02156,1,Y,Negative
U1815,C06914,4,Y,Positive
U1841,C13919,3,N,Neutral
U0971,C01912,1,Y,Negative
U0994,C06710,3,N,Neutral
U0594,C08890,3,N,Neutral
U1467,C11384,4,Y,Positive
U1869,C16366,2,N,Negative
U0859,C11110,3,Y,Neutral
U0849,C08877,4,Y,Positive
U0859,C00027,3,N,Neutral
U0009,C13858,5,Y,Positive
U0711,C09870,2,Y,Negative
U0129,C01512,4,Y,Positive
U1976,C15838,1,Y,Negative
U0051,C05449,5,Y,Positive
U1716,C08528,5,Y,Positive
U1037,C02718,5,Y,Positive
U0369,C01681,4,Y,Positive
U0758,C10485,3,N,Neutral
U1285,C15246,2,Y,Negative
U1042,C17067,5,Y,Positive
U0321,C12237,4,Y,Positive
U0375,C02645,1,Y,Negative
U0972,C16318,1,Y,Negative
U1815,C15853,4,Y,Positive
U0513,C12501,5,Y,Positive
U1136,C06985,3,N,Neutral
U1320,C11378,1,N,Negative
U1270,C03414,4,Y,Positive
U1942,C06623,5,Y,Positive
U1778,C15326,1,N,Negative
U0838,C09591,2,Y,Negative
U0696,C15600,4,Y,Positive
U0453,C02432,4,Y,Positive
U1787,C09880,5,Y,Positive
U0176,C08975,3,Y,Neutral
U1597,C15314,3,Y,Neutral
U0137,C07981,1,Y,Negative
U0874,C12105,1,N,Negative
U0959,C03875,3,Y,Neutral
U1736,C13109,3,N,Neutral
U0806,C06825,2,Y,Negative
U0742,C03225,4,Y,Positive
U1550,C09654,5,Y,Positive
U0079,C06169,3,N,Neutral
U1386,C02556,4,Y,Positive
U0479,C08172,5,Y,Positive
U0101,C01467,3,N,Neutral
U1468,C01977,3,Y,Neutral
U0767,C03268,5,Y,Positive
U1385,C08905,1,Y,Negative
U1199,C02526,4,Y,Positive
U1359,C16194,5,Y,Positive
U1582,C15088,5,Y,Positive
U0094,C00152,4,Y,Positive
U1840,C03809,4,Y,Positive
U1793,C09862,2,N,Negative
U1047,C01253,3,Y,Neutral
U1564,C01579,1,Y,Negative
U1019,C14506,3,N,Neutral
U1274,C03315,2,N,Negative
U0038,C06580,2,N,Negative
U1914,C08855,5,Y,Positive
U0181,C12759,5,Y,Positive
U0715,C06601,4,Y,Positive
U1299,C06393,5,Y,Positive
U1208,C08570,4,Y,Positive
U1833,C17688,1,Y,Negative
U1322,C09283,5,Y,Positive
U0253,C09896,2,N,Negative
U0236,C04669,3,N,Neutral
U0905,C00659,2,Y,Negative
U1383,C03476,5,Y,Positive
U1608,C15814,3,Y,Neutral
U1294,C03587,5,Y,Positive
U1499,C04301,2,N,Negative
U1802,C07917,2,N,Negative
U0355,C15733,2,N,Negative
U1578,C00703,2,Y,Negative
U1520,C03831,2,Y,Negative
U1909,C15892,2,Y,Negative
U0878,C07450,1,N,Negative
U1732,C14866,5,Y,Positive
U1865,C08653,1,Y,Negative
U1886,C06562,1,N,Negative
U1846,C14857,2,Y,Negative
U0543,C14640,3,Y,Neutral
U1723,C03483,5,Y,Positive
U1399,C07022,4,Y,Positive
U1070,C02025,3,N,Neutral
U0607,C11967,3,Y,Neutral
U0237,C09391,5,Y,Positive
U0689,C02628,5,Y,Positive
U1612,C14820,3,N,Neutral
U0588,C00481,5,Y,Positive
U0221,C09540,2,Y,Negative
U0771,C04022,3,Y,Neutral
U0976,C10010,5,Y,Positive
U1762,C13536,3,N,Neutral
U1052,C17503,2,N,Negative
U1423,C16020,3,N,Neutral
U1991,C08426,3,Y,Neutral
U1066,C08340,5,Y,Positive
U0536,C10652,4,Y,Positive
U1524,C14859,1,N,Negative
U1800,C06880,2,Y,Negative
U1327,C17621,1,Y,Negative
U1026,C17673,3,N,Neutral
U0682,C14108,1,N,Negative
U1979,C09605,5,Y,Positive
U1513,C16900,4,Y,Positive
U0126,C10696,1,N,Negative
U1978,C06902,1,N,Negative
U1894,C12072,3,N,Neutral
U1347,C11818,3,N,Neutral
U0294,C08821,1,N,Negative
U0094,C08201,4,Y,Positive
U0098,C04517,5,Y,Positive
U0736,C12243,2,Y,Negative
U0186,C07357,3,Y,Neutral
U0460,C00236,1,Y,Negative
U0781,C12950,3,N,Neutral
U1097,C17761,2,Y,Negative
U1831,C00305,4,Y,Positive
U0776,C16855,2,Y,Negative
U1348,C16767,2,Y,Negative
U0081,C07003,1,N,Negative
U0418,C13507,2,Y,Negative
U1788,C08096,4,Y,Positive
U1893,C01353,3,Y,Neutral
U0644,C07349,1,Y,Negative
U1722,C11435,2,N,Negative
U1657,C15821,4,Y,Positive
U1206,C12904,1,Y,Negative
U1304,C11869,2,Y,Negative
U0609,C11369,4,Y,Positive
U0985,C16815,3,N,Neutral
U0527,C04655,5,Y,Positive
U0707,C13114,2,Y,Negative
U0038,C16111,3,Y,Neutral
U0395,C11208,4,Y,Positive
U1589,C00970,2,Y,Negative
U0098,C16815,1,N,Negative
U0150,C14099,3,N,Neutral
U1096,C14761,5,Y,Positive
U0457,C03844,4,Y,Positive
U0893,C07428,2,Y,Negative
U1812,C09200,4,Y,Positive
U0259,C09352,2,N,Negative
U0440,C15423,4,Y,Positive
U1986,C03625,2,Y,Negative
U0757,C14932,5,Y,Positive
U1068,C05513,1,N,Negative
U0558,C02976,2,Y,Negative
U0275,C09123,2,N,Negative
U0268,C09932,4,Y,Positive
U1425,C05208,4,Y,Positive
U0656,C13736,1,Y,Negative
U1063,C08644,5,Y,Positive
U0412,C10821,4,Y,Positive
U0026,C08378,3,N,Neutral
U1676,C15788,3,N,Neutral
U0106,C08237,2,N,Negative
U1095,C11727,5,Y,Positive
U0692,C15034,3,Y,Neutral
U0077,C03676,4,Y,Positive
U0719,C15072,4,Y,Positive
U0766,C09166,5,Y,Positive
U0876,C13757,1,N,Negative
U1119,C12977,3,N,Neutral
U0541,C09129,3,Y,Neutral
U0284,C13889,3,N,Neutral
U1915,C14870,1,N,Negative
U1333,C04302,5,Y,Positive
U0799,C10691,2,Y,Negative
U1621,C02243,4,Y,Positive
U0355,C13812,2,Y,Negative
U1196,C00628,2,N,Negative
U1955,C07833,1,N,Negative
U1202,C06826,1,N,Negative
U1714,C10175,3,N,Neutral
U0029,C11567,3,N,Neutral
U0828,C10273,2,N,Negative
U1648,C14555,5,Y,Positive
U0403,C02906,4,Y,Positive
U0262,C17343,5,Y,Positive
U1770,C10137,2,N,Negative
U1372,C03646,4,Y,Positive
U1252,C10256,1,N,Negative
U0105,C05787,5,Y,Positive
U1074,C01373,2,Y,Negative
U1931,C14866,3,Y,Neutral
U0539,C07985,4,Y,Positive
U0118,C16090,4,Y,Positive
U0692,C15411,3,Y,Neutral
U0062,C01501,2,Y,Negative
U0711,C07087,3,Y,Neutral
U0203,C16178,3,Y,Neutral
U0889,C01926,2,N,Negative
U1025,C12073,3,N,Neutral
U0867,C05817,5,Y,Positive
U1980,C03004,2,N,Negative
U1534,C08364,3,Y,Neutral
U0584,C04108,5,Y,Positive
U1591,C00066,3,N,Neutral
U1089,C08406,3,Y,Neutral
U1710,C08716,4,Y,Positive
U0017,C13666,3,N,Neutral
U0196,C08254,2,Y,Negative
U1423,C03006,4,Y,Positive
U1170,C07725,4,Y,Positive
U0133,C12545,2,Y,Negative
U0803,C17251,2,Y,Negative
U1360,C03825,1,N,Negative
U1919,C07299,2,Y,Negative
U1840,C08668,4,Y,Positive
U1931,C17347,4,Y,Positive
U0063,C00501,1,N,Negative
U0658,C14468,1,N,Negative
U0390,C15239,4,Y,Positive
U0431,C10895,3,Y,Neutral
U0051,C11571,1,Y,Negative
U1400,C05952,4,Y,Positive
U1268,C15773,1,N,Negative
U1584,C12439,2,N,Negative
U0709,C12180,2,N,Negative
U1067,C13323,2,Y,Negative
U0852,C06297,1,Y,Negative
U1861,C16313,3,N,Neutral
U0060,C15660,4,Y,Positive
U1392,C08963,2,Y,Negative
U1980,C12625,5,Y,Positive
U1124,C14561,2,Y,Negative
U1314,C05716,4,Y,Positive
U0185,C12588,4,Y,Positive
U0771,C16771,3,Y,Neutral
U1683,C06771,2,Y,Negative
U0827,C16840,4,Y,Positive
U1338,C03994,4,Y,Positive
U0689,C07689,2,Y,Negative
U1716,C05524,3,N,Neutral
U0574,C15585,3,N,Neutral
U1748,C14472,4,Y,Positive
U0140,C14404,2,Y,Negative
U1831,C06084,1,Y,Negative
U0469,C01736,1,Y,Negative
U0748,C06258,4,Y,Positive
U0068,C01659,2,N,Negative
U0819,C13393,3,Y,Neutral
U1224,C05675,1,N,Negative
U0068,C09302,4,Y,Positive
U0732,C08712,2,N,Negative
U0262,C14022,2,Y,Negative
U1696,C14425,2,N,Negative
U0843,C11013,4,Y,Positive
U1620,C04933,1,Y,Negative
U1253,C00501,5,Y,Positive
U0253,C12316,3,N,Neutral
U1987,C17308,5,Y,Positive
U1952,C09143,1,N,Negative
U1532,C07636,4,Y,Positive
U0699,C00745,5,Y,Positive
U1659,C13780,1,Y,Negative
U1714,C13068,5,Y,Positive
U0773,C07409,2,N,Negative
U1434,C11482,1,Y,Negative
U1119,C11078,4,Y,Positive
U1459,C09772,5,Y,Positive
U0031,C06047,2,Y,Negative
U0808,C09048,2,N,Negative
U0628,C11885,1,Y,Negative
U0360,C06371,1,Y,Negative
U1359,C00379,3,Y,Neutral
U0889,C00814,3,Y,Neutral
U1477,C12981,2,Y,Negative
U1280,C07124,3,N,Neutral
U1726,C06026,4,Y,Positive
U1831,C03963,2,Y,Negative
U1511,C09579,2,N,Negative
U1009,C14897,1,N,Negative
U0133,C15804,5,Y,Positive
U0951,C03614,3,Y,Neutral
U1523,C04137,2,N,Negative
U0602,C11626,3,Y,Neutral
U0870,C12767,5,Y,Positive
U1575,C09176,1,Y,Negative
U1029,C04645,5,Y,Positive
U0402,C13091,3,Y,Neutral
U1844,C02458,3,Y,Neutral
U1819,C04108,1,Y,Negative
U1109,C10501,4,Y,Positive
U1649,C15345,5,Y,Positive
U0985,C06670,2,N,Negative
U1322,C03453,4,Y,Positive
U1433,C07999,4,Y,Positive
U0559,C09062,2,N,Negative
U1875,C17404,2,N,Negative
U1778,C06177,4,Y,Positive
U1818,C10787,5,Y,Positive
U1206,C04721,3,Y,Neutral
U1743,C09767,2,N,Negative
U0739,C07116,5,Y,Positive
U0015,C06224,5,Y,Positive
U1764,C16034,4,Y,Positive
U0119,C10189,4,Y,Positive
U1676,C13280,2,N,Negative
U0438,C01281,5,Y,Positive
U0114,C14210,1,N,Negative
U1078,C02086,4,Y,Positive
U1130,C10838,1,N,Negative
U1402,C08779,2,Y,Negative
U1950,C17044,4,Y,Positive
U1962,C05877,3,Y,Neutral
U1854,C03818,3,N,Neutral
U0825,C03781,2,N,Negative
U1879,C02868,1,N,Negative
U0026,C12271,3,Y,Neutral
U1745,C13495,4,Y,Positive
U0386,C11898,4,Y,Positive
U0371,C08238,4,Y,Positive
U0828,C05228,1,N,Negative
U0856,C07560,1,Y,Negative
U0605,C08535,3,N,Neutral
U1197,C07006,2,Y,Negative
U1134,C10579,2,Y,Negative
U1482,C08563,1,N,Negative
U0783,C13351,4,Y,Positive
U1780,C14460,1,Y,Negative
U0484,C07552,5,Y,Positive
U0933,C07916,1,Y,Negative
U0841,C12582,1,N,Negative
U0755,C00594,5,Y,Positive
U0524,C07733,2,N,Negative
U1517,C10358,4,Y,Positive
U0933,C13840,5,Y,Positive
U0576,C06993,3,N,Neutral
U0435,C17317,5,Y,Positive
U0502,C11228,3,Y,Neutral
U1432,C00100,4,Y,Positive
U0190,C16150,3,Y,Neutral
U1460,C07001,4,Y,Positive
U1113,C09503,3,N,Neutral
U1460,C15782,4,Y,Positive
U0681,C16711,3,N,Neutral
U1352,C10838,1,N,Negative
U1133,C13254,3,N,Neutral
U0776,C09540,3,N,Neutral
U0382,C17142,4,Y,Positive
U0761,C15166,3,Y,Neutral
U1092,C11081,3,Y,Neutral
U1986,C01265,5,Y,Positive
U0844,C09983,2,N,Negative
U1892,C01631,3,N,Neutral
U0823,C09355,5,Y,Positive
U1054,C07767,5,Y,Positive
U1737,C01793,5,Y,Positive
U0428,C17585,5,Y,Positive
U1176,C12851,5,Y,Positive
U0132,C11494,5,Y,Positive
U1657,C08277,2,Y,Negative
U1354,C02587,1,N,Negative
U1936,C11543,2,N,Negative
U1416,C09444,2,N,Negative
U1683,C13341,4,Y,Positive
U0154,C07807,5,Y,Positive
U0128,C00694,3,N,Neutral
U0765,C00059,2,N,Negative
U0424,C16418,5,Y,Positive
U0142,C01308,5,Y,Positive
U0988,C02668,5,Y,Positive
U0143,C10024,3,N,Neutral
U1207,C00934,4,Y,Positive
U0327,C10508,3,N,Neutral
U0262,C02383,2,N,Negative
U0576,C14086,2,Y,Negative
U1673,C10412,5,Y,Positive
U1332,C05517,3,N,Neutral
U1068,C12116,1,N,Negative
U0952,C05583,1,N,Negative
U1387,C03182,3,Y,Neutral
U0928,C12431,3,Y,Neutral
U0709,C10710,4,Y,Positive
U0389,C12579,5,Y,Positive
U1851,C14422,3,Y,Neutral
U0011,C15036,4,Y,Positive
U0003,C11873,5,Y,Positive
U1267,C16849,2,N,Negative
U0506,C12412,2,Y,Negative
U1343,C06382,5,Y,Positive
U0532,C11657,5,Y,Positive
U1188,C06832,5,Y,Positive
U1192,C14504,5,Y,Positive
U1470,C13557,3,Y,Neutral
U0558,C08938,3,N,Neutral
U1122,C16889,4,Y,Positive
U0517,C01871,3,Y,Neutral
U0917,C02328,4,Y,Positive
U1530,C04338,3,N,Neutral
U0116,C12519,5,Y,Positive
U0519,C14079,1,Y,Negative
U0327,C10835,4,Y,Positive
U1217,C03679,5,Y,Positive
U0994,C06369,1,Y,Negative
U1177,C02216,1,N,Negative
U0200,C10902,2,N,Negative
U0246,C05461,1,Y,Negative
U0763,C01358,3,N,Neutral
U1554,C02697,1,N,Negative
U0858,C17200,1,Y,Negative
U1880,C07979,4,Y,Positive
U0491,C11150,4,Y,Positive
U0821,C17658,1,N,Negative
U1500,C08143,4,Y,Positive
U1242,C10334,3,N,Neutral
U1590,C00263,4,Y,Positive
U1598,C13615,4,Y,Positive
U1207,C11157,4,Y,Positive
U0926,C01268,3,Y,Neutral
U1242,C12038,2,N,Negative
U1151,C05173,3,Y,Neutral
U0974,C03174,5,Y,Positive
U0305,C15787,3,Y,Neutral
U1435,C01832,5,Y,Positive
U0761,C16851,1,Y,Negative
U1440,C06106,3,Y,Neutral
U1235,C03388,4,Y,Positive
U1091,C11684,5,Y,Positive
U0018,C14885,1,N,Negative
U1075,C06925,4,Y,Positive
U0482,C09929,2,Y,Negative
U0542,C16844,1,Y,Negative
U0201,C10458,1,Y,Negative
U0410,C05074,2,N,Negative
U1776,C14921,4,Y,Positive
U0808,C06233,5,Y,Positive
U0906,C02924,4,Y,Positive
U0370,C07312,3,Y,Neutral
U1933,C05994,1,Y,Negative
U0921,C02405,3,N,Neutral
U1328,C02003,4,Y,Positive
U1653,C07887,3,N,Neutral
U0688,C14542,5,Y,Positive
U1183,C06790,4,Y,Positive
U0005,C12714,2,Y,Negative
U1681,C17548,1,N,Negative
U0128,C04752,1,Y,Negative
U0160,C12734,3,Y,Neutral
U1710,C05452,5,Y,Positive
U0824,C02102,2,N,Negative
U1377,C03585,5,Y,Positive
U1698,C14785,5,Y,Positive
U1001,C09886,5,Y,Positive
U1972,C07671,3,Y,Neutral
U0009,C10023,1,N,Negative
U1542,C01273,3,Y,Neutral
U1555,C17661,2,N,Negative
U1178,C02367,2,N,Negative
U0024,C02280,1,N,Negative
U1935,C14609,5,Y,Positive
U0199,C10921,5,Y,Positive
U1982,C07889,5,Y,Positive
U1585,C14663,5,Y,Positive
U1649,C06014,1,Y,Negative
U1238,C06820,5,Y,Positive
U1786,C06552,3,Y,Neutral
U0870,C07423,4,Y,Positive
U0998,C03170,3,N,Neutral
U0182,C09735,3,Y,Neutral
U0050,C17248,5,Y,Positive
U0601,C08154,2,Y,Negative
U1099,C03528,4,Y,Positive
U0712,C00392,4,Y,Positive
U1697,C10456,1,N,Negative
U0128,C10339,4,Y,Positive
U1809,C17333,3,N,Neutral
U0819,C04159,2,N,Negative
U1616,C03724,4,Y,Positive
U0298,C16218,2,Y,Negative
U1906,C14454,5,Y,Positive
U1966,C04959,4,Y,Positive
U1322,C13860,3,Y,Neutral
U0734,C09525,2,Y,Negative
U0459,C02913,3,Y,Neutral
U1137,C08194,2,Y,Negative
U1013,C14911,5,Y,Positive
U0733,C12745,1,N,Negative
U0993,C10723,1,Y,Negative
U1773,C02943,3,N,Neutral
U0205,C08553,5,Y,Positive
U1483,C13085,5,Y,Positive
U0707,C04082,5,Y,Positive
U1502,C00571,1,N,Negative
U1560,C02589,2,N,Negative
U1508,C14034,3,N,Neutral
U1180,C17693,3,Y,Neutral
U1883,C09145,4,Y,Positive
U0399,C12937,3,N,Neutral
U0306,C16068,2,Y,Negative
U1984,C10100,1,N,Negative
U0381,C08517,1,Y,Negative
U1390,C03512,5,Y,Positive
U1923,C08825,2,N,Negative
U1365,C12163,4,Y,Positive
U0585,C16892,1,N,Negative
U0356,C09679,1,Y,Negative
U0285,C04301,2,Y,Negative
U0164,C05819,3,Y,Neutral
U1566,C02827,3,Y,Neutral
U0941,C11491,3,Y,Neutral
U1614,C09565,3,Y,Neutral
U1900,C04253,5,Y,Positive
U1324,C14350,2,Y,Negative
U1539,C14410,1,Y,Negative
U0638,C10760,2,Y,Negative
U0396,C04740,3,Y,Neutral
U1160,C12728,5,Y,Positive
U1578,C17646,2,N,Negative
U0308,C05538,5,Y,Positive
U1593,C00187,3,Y,Neutral
U1188,C05194,5,Y,Positive
U0665,C10914,3,N,Neutral
U1602,C16035,3,Y,Neutral
U1540,C16737,1,N,Negative
U0720,C00370,3,Y,Neutral
U1168,C17629,1,Y,Negative
U1092,C02887,5,Y,Positive
U1472,C01204,1,Y,Negative
U1324,C16148,5,Y,Positive
U1356,C13927,3,N,Neutral
U1982,C00603,1,N,Negative
U0632,C06406,5,Y,Positive
U1734,C01536,5,Y,Positive
U1499,C09716,4,Y,Positive
U1042,C01773,2,N,Negative
U0597,C08056,2,N,Negative
U1232,C07344,2,Y,Negative
U1691,C08219,1,N,Negative
U1368,C04946,5,Y,Positive
U0163,C10151,3,Y,Neutral
U0622,C06174,5,Y,Positive
U0030,C16631,2,Y,Negative
U1668,C09429,1,N,Negative
U1428,C17664,3,N,Neutral
U0037,C07639,4,Y,Positive
U0925,C06676,4,Y,Positive
U1089,C07898,4,Y,Positive
U1839,C16674,1,Y,Negative
U1762,C08420,3,Y,Neutral
U1950,C17595,5,Y,Positive
U1663,C06758,3,N,Neutral
U0577,C06519,3,Y,Neutral
U0990,C02747,4,Y,Positive
U0972,C04855,4,Y,Positive
U1415,C06167,5,Y,Positive
U1263,C05313,5,Y,Positive
U0020,C17156,5,Y,Positive
U0386,C11271,2,Y,Negative
U1978,C08567,3,N,Neutral
U1914,C14144,4,Y,Positive
U1429,C01280,2,Y,Negative
U0837,C11824,2,Y,Negative
U0045,C02826,5,Y,Positive
U1039,C14122,5,Y,Positive
U1861,C11573,4,Y,Positive
U0534,C05898,5,Y,Positive
U0860,C10275,1,Y,Negative
U1181,C07906,4,Y,Positive
U0543,C03060,3,N,Neutral
U1006,C10833,3,Y,Neutral
U1918,C11867,1,N,Negative
U0908,C07133,3,N,Neutral
U0025,C15766,2,N,Negative
U1016,C02478,5,Y,Positive
U1432,C06467,2,N,Negative
U0482,C11224,2,N,Negative
U1462,C08477,2,N,Negative
U1947,C12228,3,N,Neutral
U1966,C05168,2,Y,Negative
U0463,C09545,1,Y,Negative
U0633,C02315,5,Y,Positive
U0380,C00975,5,Y,Positive
U1410,C17750,2,Y,Negative
U1514,C04263,3,Y,Neutral
U0018,C16897,5,Y,Positive
U0287,C13683,4,Y,Positive
U1327,C07461,1,N,Negative
U1380,C07677,3,N,Neutral
U0003,C03232,5,Y,Positive
U1712,C08060,4,Y,Positive
U0941,C11852,3,N,Neutral
U0513,C13377,2,Y,Negative
U1135,C05625,3,N,Neutral
U1999,C09978,5,Y,Positive
U0152,C14040,3,N,Neutral
U0787,C01038,1,N,Negative
U0086,C10441,5,Y,Positive
U0576,C12337,4,Y,Positive
U1800,C08251,4,Y,Positive
U0375,C05823,5,Y,Positive
U0883,C04679,1,Y,Negative
U0553,C08012,4,Y,Positive
U0373,C00046,1,Y,Negative
U0742,C17149,3,Y,Neutral
U1527,C09753,1,N,Negative
U1358,C10874,5,Y,Positive
U1140,C07371,5,Y,Positive
U1159,C02285,4,Y,Positive
U1653,C00435,4,Y,Positive
U1820,C17450,2,N,Negative
U1228,C02687,1,N,Negative
U1911,C11983,3,Y,Neutral
U1807,C12384,2,N,Negative
U1923,C06724,5,Y,Positive
U0523,C08546,5,Y,Positive
U1620,C01498,2,Y,Negative
U0147,C14519,2,N,Negative
U1417,C08165,5,Y,Positive
U0349,C00165,5,Y,Positive
U1572,C01727,2,N,Negative
U0106,C08580,5,Y,Positive
U0062,C02500,5,Y,Positive
U0759,C11786,5,Y,Positive
U0725,C00120,5,Y,Positive
U0653,C09522,2,N,Negative
U1542,C03628,4,Y,Positive
U1540,C07609,3,Y,Neutral
U1855,C03600,5,Y,Positive
U0851,C04988,2,N,Negative
U0738,C08598,5,Y,Positive
U1911,C00800,2,N,Negative
U1404,C04763,3,N,Neutral
U0210,C15500,1,N,Negative
U0608,C04174,4,Y,Positive
U0640,C05914,1,N,Negative
U0683,C05609,3,N,Neutral
U0807,C03882,5,Y,Positive
U0345,C05694,5,Y,Positive
U1846,C14621,4,Y,Positive
U0830,C04477,5,Y,Positive
U0424,C15538,2,N,Negative
U0524,C10224,2,N,Negative
U0467,C03017,3,N,Neutral
U0809,C03949,4,Y,Positive
U1084,C04686,5,Y,Positive
U0456,C03529,3,N,Neutral
U0472,C00778,5,Y,Positive
U0515,C08901,1,N,Negative
U1936,C17752,3,Y,Neutral
U0521,C00783,5,Y,Positive
U1875,C10936,3,N,Neutral
U0647,C16398,5,Y,Positive
U1502,C09537,2,Y,Negative
U1588,C03261,1,Y,Negative
U1191,C03096,3,N,Neutral
U0470,C07902,5,Y,Positive
U1940,C11288,3,Y,Neutral
U0060,C10396,1,N,Negative
U0266,C14210,3,Y,Neutral
U0124,C03718,5,Y,Positive
U0918,C09566,1,Y,Negative
U0833,C10974,4,Y,Positive
U1542,C09398,3,N,Neutral
U1149,C15416,2,N,Negative
U1578,C09633,4,Y,Positive
U1802,C09576,4,Y,Positive
U0211,C11390,3,N,Neutral
U0200,C12445,1,N,Negative
U1317,C02539,2,Y,Negative
U0781,C16021,1,N,Negative
U1241,C02171,2,Y,Negative
U1464,C06604,5,Y,Positive
U1979,C07444,5,Y,Positive
U0808,C03414,5,Y,Positive
U1698,C16707,1,Y,Negative
U1979,C15438,5,Y,Positive
U0945,C07846,2,Y,Negative
U0606,C07748,5,Y,Positive
U0681,C05659,2,Y,Negative
U1687,C07072,4,Y,Positive
U0303,C10753,1,N,Negative
U0427,C05338,3,Y,Neutral
U0936,C12645,4,Y,Positive
U0345,C03664,5,Y,Positive
U1586,C09917,4,Y,Positive
U0321,C03874,3,Y,Neutral
U1898,C14288,3,N,Neutral
U0212,C04536,5,Y,Positive
U0260,C03668,4,Y,Positive
U1984,C12752,1,N,Negative
U1287,C07781,1,N,Negative
U0594,C04395,4,Y,Positive
U0779,C03456,4,Y,Positive
U1995,C05286,3,N,Neutral
U1175,C10268,1,Y,Negative
U1276,C14541,4,Y,Positive
U0830,C01298,2,Y,Negative
U1379,C14221,5,Y,Positive
U0921,C00340,1,Y,Negative
U0951,C02088,3,Y,Neutral
U1409,C06805,2,Y,Negative
U0559,C12183,3,Y,Neutral
U0734,C12312,2,N,Negative
U1394,C16794,3,N,Neutral
U1065,C00109,1,N,Negative
U0914,C06618,4,Y,Positive
U0362,C04051,1,N,Negative
U0909,C11167,1,Y,Negative
U1784,C13189,3,Y,Neutral
U0201,C16481,2,N,Negative
U1683,C09736,1,Y,Negative
U1388,C03120,4,Y,Positive
U0337,C12003,2,N,Negative
U1938,C03257,4,Y,Positive
U0346,C08751,5,Y,Positive
U0424,C15794,5,Y,Positive
U0929,C09016,3,N,Neutral
U1857,C13462,4,Y,Positive
U1429,C05437,1,Y,Negative
U1569,C03102,5,Y,Positive
U1225,C15447,2,N,Negative
U1128,C09724,3,Y,Neutral
U1302,C14419,2,Y,Negative
U1103,C02735,3,N,Neutral
U1276,C00165,5,Y,Positive
U0422,C13915,4,Y,Positive
U0100,C06200,4,Y,Positive
U0831,C11284,4,Y,Positive
U0746,C08698,2,N,Negative
U1283,C09799,2,Y,Negative
U1501,C13144,2,Y,Negative
U0257,C10877,1,Y,Negative
U1934,C02992,3,N,Neutral
U1233,C16317,2,Y,Negative
U0808,C08083,4,Y,Positive
U1125,C14927,5,Y,Positive
U1826,C03627,5,Y,Positive
U0094,C08701,2,N,Negative
U1842,C08857,3,N,Neutral
U0256,C10025,4,Y,Positive
U0382,C08567,2,N,Negative
U0830,C00855,1,Y,Negative
U1224,C09369,1,N,Negative
U1124,C17021,4,Y,Positive
U0660,C11680,4,Y,Positive
U0967,C04375,1,Y,Negative
U0709,C10528,3,Y,Neutral
U1639,C07128,3,Y,Neutral
U0644,C08538,5,Y,Positive
U1458,C17169,4,Y,Positive
U0351,C16699,3,N,Neutral
U0564,C02380,4,Y,Positive
U0104,C05668,5,Y,Positive
U1298,C00104,1,Y,Negative
U1420,C07394,1,N,Negative
U0380,C11998,3,Y,Neutral
U1553,C15441,3,Y,Neutral
U0867,C09068,3,Y,Neutral
U1006,C00197,2,Y,Negative
U0826,C04815,1,N,Negative
U0049,C00836,1,Y,Negative
U0870,C12922,4,Y,Positive
U0176,C14178,4,Y,Positive
U0348,C11903,3,Y,Neutral
U1895,C05795,4,Y,Positive
U0900,C06235,1,N,Negative
U0222,C01047,2,N,Negative
U1469,C13225,2,N,Negative
U1210,C02534,5,Y,Positive
U1970,C13617,2,Y,Negative
U0163,C07032,3,N,Neutral
U0704,C13024,1,Y,Negative
U1891,C03115,5,Y,Positive
U1487,C12326,3,Y,Neutral
U0014,C12359,2,Y,Negative
U0808,C07012,4,Y,Positive
U1974,C04924,4,Y,Positive
U1185,C08724,5,Y,Positive
U1900,C13365,1,Y,Negative
U0013,C04683,1,Y,Negative
U0301,C16094,3,Y,Neutral
U1219,C05551,3,Y,Neutral
U1733,C08823,5,Y,Positive
U1158,C06057,5,Y,Positive
U1227,C13718,1,Y,Negative
U0061,C07647,1,Y,Negative
U1360,C01416,4,Y,Positive
U0572,C08459,4,Y,Positive
U1304,C14805,5,Y,Positive
U1124,C05644,5,Y,Positive
U1325,C04740,4,Y,Positive
U1153,C04955,5,Y,Positive
U0008,C08318,5,Y,Positive
U1621,C08819,1,N,Negative
U1527,C13871,2,Y,Negative
U0109,C04413,2,N,Negative
U1903,C16859,5,Y,Positive
U0797,C12493,4,Y,Positive
U0231,C04389,3,N,Neutral
U1354,C10488,5,Y,Positive
U1047,C03752,3,Y,Neutral
U0204,C10539,5,Y,Positive
U0418,C01586,2,N,Negative
U0434,C02684,3,Y,Neutral
U1161,C06566,4,Y,Positive
U0411,C12846,1,N,Negative
U1343,C09833,1,Y,Negative
U1883,C06134,1,Y,Negative
U0637,C15106,2,N,Negative
U1922,C07665,1,N,Negative
U1470,C14215,5,Y,Positive
U1391,C04847,1,N,Negative
U1215,C14579,5,Y,Positive
U1175,C01035,1,Y,Negative
U1703,C01733,2,N,Negative
U1193,C10803,4,Y,Positive
U1570,C15628,4,Y,Positive
U1174,C11585,2,Y,Negative
U1643,C00172,2,N,Negative
U1374,C07394,3,N,Neutral
U1530,C10546,5,Y,Positive
U1096,C16712,4,Y,Positive
U0548,C12120,5,Y,Positive
U1966,C07923,2,N,Negative
U1970,C13893,3,N,Neutral
U1389,C09547,3,N,Neutral
U0136,C15683,1,N,Negative
U0340,C05493,2,N,Negative
U0737,C16789,4,Y,Positive
U1482,C09404,5,Y,Positive
U0236,C09612,5,Y,Positive
U0629,C10500,1,N,Negative
U1342,C01146,1,N,Negative
U0034,C00280,5,Y,Positive
U1582,C02030,1,N,Negative
U0321,C15664,3,N,Neutral
U1234,C07591,1,Y,Negative
U0966,C09715,5,Y,Positive
U0688,C17624,1,N,Negative
U1120,C01801,4,Y,Positive
U0077,C14505,1,Y,Negative
U1442,C02722,2,Y,Negative
U1342,C10311,1,N,Negative
U1256,C12382,2,Y,Negative
U1013,C08312,1,Y,Negative
U1665,C00255,1,Y,Negative
U1958,C01495,3,Y,Neutral
U1685,C16452,2,N,Negative
U1740,C04517,1,N,Negative
U1543,C15561,3,Y,Neutral
U1419,C16717,4,Y,Positive
U0371,C07736,1,N,Negative
U1637,C16064,1,Y,Negative
U0686,C07343,3,N,Neutral
U0282,C08594,4,Y,Positive
U1015,C16595,3,Y,Neutral
U1998,C13268,1,N,Negative
U1405,C16060,3,N,Neutral
U1029,C14276,4,Y,Positive
U0831,C13205,4,Y,Positive
U1851,C11356,2,Y,Negative
U1977,C08023,1,N,Negative
U0089,C06397,5,Y,Positive
U0542,C17626,2,N,Negative
U0194,C15861,5,Y,Positive
U0915,C00296,4,Y,Positive
U0623,C17596,3,Y,Neutral
U1928,C05440,5,Y,Positive
U1276,C05799,4,Y,Positive
U0414,C16358,3,N,Neutral
U1528,C05397,5,Y,Positive
U1266,C03803,5,Y,Positive
U0913,C10537,2,N,Negative
U0084,C13331,4,Y,Positive
U1820,C04860,2,N,Negative
U1827,C12851,2,Y,Negative
U0417,C17726,4,Y,Positive
U0522,C16114,5,Y,Positive
U0751,C14382,1,N,Negative
U0017,C07484,1,N,Negative
U0879,C00526,1,Y,Negative
U0789,C12647,3,Y,Neutral
U1766,C08333,4,Y,Positive
U0742,C03654,5,Y,Positive
U1952,C09547,2,N,Negative
U0430,C13467,5,Y,Positive
U0069,C12142,1,Y,Negative
U0999,C02977,1,N,Negative
U0142,C02515,2,N,Negative
U0658,C01004,3,Y,Neutral
U1836,C01223,4,Y,Positive
U0339,C14085,2,Y,Negative
U1889,C10180,5,Y,Positive
U1254,C09285,5,Y,Positive
U0911,C02713,2,N,Negative
U1169,C01259,2,Y,Negative
U1762,C08164,3,Y,Neutral
U1060,C14621,1,Y,Negative
U1196,C15456,2,N,Negative
U1833,C14124,4,Y,Positive
U0704,C05505,2,Y,Negative
U0538,C13640,2,N,Negative
U1158,C03608,4,Y,Positive
U1269,C02736,5,Y,Positive
U1316,C00023,5,Y,Positive
U1762,C02902,4,Y,Positive
U0925,C10853,2,Y,Negative
U0812,C15299,1,N,Negative
U1193,C03017,1,Y,Negative
U0716,C11600,5,Y,Positive
U0817,C03492,3,Y,Neutral
U0110,C17616,1,Y,Negative
U0982,C09187,2,Y,Negative
U1381,C16858,5,Y,Positive
U0865,C17360,5,Y,Positive
U0365,C10127,1,Y,Negative
U1343,C06569,1,Y,Negative
U1443,C01744,2,Y,Negative
U1947,C12975,3,N,Neutral
U1986,C17726,4,Y,Positive
U1724,C03754,4,Y,Positive
U1098,C11366,5,Y,Positive
U1324,C04278,4,Y,Positive
U0258,C06894,2,N,Negative
U0387,C07503,1,Y,Negative
U1213,C17312,3,Y,Neutral
U1208,C11619,5,Y,Positive
U0876,C04114,2,N,Negative
U1818,C04282,5,Y,Positive
U1708,C06413,2,N,Negative
U0183,C08887,2,N,Negative
U1570,C16468,1,Y,Negative
U1692,C13363,3,Y,Neutral
U0555,C11171,2,N,Negative
U1777,C12474,2,N,Negative
U1976,C14237,1,N,Negative
U0335,C14778,2,Y,Negative
U1276,C08331,2,N,Negative
U1781,C04489,4,Y,Positive
U0354,C06145,1,Y,Negative
U0161,C08487,5,Y,Positive
U0278,C16369,3,Y,Neutral
U0685,C15096,2,Y,Negative
U1900,C15394,1,N,Negative
U0326,C16414,4,Y,Positive
U0357,C07942,2,N,Negative
U0137,C03491,1,Y,Negative
U1947,C17654,2,N,Negative
U1037,C00753,3,N,Neutral
U1837,C05073,2,N,Negative
U1409,C17218,4,Y,Positive
U0286,C13476,4,Y,Positive
U0521,C15153,4,Y,Positive
U1593,C13849,3,N,Neutral
U1326,C15402,2,N,Negative
U0899,C03822,3,Y,Neutral
U0649,C14572,2,Y,Negative
U1432,C06017,5,Y,Positive
U0204,C11211,5,Y,Positive
U1280,C01898,1,Y,Negative
U1146,C03912,3,N,Neutral
U0307,C13582,5,Y,Positive
U1036,C12391,4,Y,Positive
U1754,C11275,3,Y,Neutral
U1581,C04822,2,Y,Negative
U0682,C17517,1,N,Negative
U0434,C06280,2,Y,Negative
U1697,C16484,5,Y,Positive
U1180,C00798,1,N,Negative
U1509,C02375,5,Y,Positive
U0071,C14013,3,N,Neutral
U0317,C00989,5,Y,Positive
U1203,C00891,4,Y,Positive
U1327,C04368,5,Y,Positive
U1884,C16224,5,Y,Positive
U0463,C16461,2,Y,Negative
U0544,C10287,2,Y,Negative
U1822,C04483,3,Y,Neutral
U0068,C14319,2,N,Negative
U0382,C02713,4,Y,Positive
U1303,C02896,1,N,Negative
U0308,C04520,1,Y,Negative
U1597,C02861,2,Y,Negative
U1776,C07545,1,N,Negative
U0562,C11805,3,Y,Neutral
U1297,C14379,2,Y,Negative
U1783,C03109,3,Y,Neutral
U0279,C05128,2,N,Negative
U1482,C17604,5,Y,Positive
U1959,C14658,4,Y,Positive
U1272,C11321,2,Y,Negative
U1837,C03113,3,N,Neutral
U0012,C12183,5,Y,Positive
U0741,C15455,5,Y,Positive
U1414,C12473,1,N,Negative
U0270,C13038,5,Y,Positive
U0794,C09051,1,Y,Negative
U1803,C11266,4,Y,Positive
U0451,C06166,1,N,Negative
U1188,C04343,4,Y,Positive
U0485,C03317,2,N,Negative
U1239,C01997,2,N,Negative
U0998,C00852,1,N,Negative
U1811,C01804,3,Y,Neutral
U1929,C16122,1,N,Negative
U0636,C12910,5,Y,Positive
U1997,C11400,2,N,Negative
U0072,C05047,4,Y,Positive
U1790,C12271,5,Y,Positive
U1171,C05505,2,Y,Negative
U0713,C07987,1,Y,Negative
U1834,C11355,2,Y,Negative
U1630,C08231,3,Y,Neutral
U1786,C07363,3,N,Neutral
U1240,C14664,4,Y,Positive
U0515,C13285,5,Y,Positive
U0338,C10549,4,Y,Positive
U1232,C02017,4,Y,Positive
U1249,C07771,4,Y,Positive
U0609,C01081,5,Y,Positive
U0136,C12615,3,N,Neutral
U0882,C15656,4,Y,Positive
U0372,C10791,4,Y,Positive
U0783,C12536,2,Y,Negative
U0253,C03441,2,N,Negative
U1984,C00984,2,N,Negative
U0428,C14692,5,Y,Positive
U1088,C12681,5,Y,Positive
U0832,C16221,3,N,Neutral
U1205,C01536,3,Y,Neutral
U1295,C11000,3,N,Neutral
U1775,C01759,2,Y,Negative
U1163,C16662,1,Y,Negative
U0526,C01015,5,Y,Positive
U1711,C17515,3,N,Neutral
U1242,C02110,5,Y,Positive
U0646,C01511,3,N,Neutral
U0846,C17521,4,Y,Positive
U0317,C17438,5,Y,Positive
U1058,C09381,3,N,Neutral
U0395,C02905,4,Y,Positive
U1205,C05544,3,N,Neutral
U1118,C05496,4,Y,Positive
U0392,C12861,1,Y,Negative
U0299,C17676,3,N,Neutral
U1925,C07220,2,Y,Negative
U1390,C00487,1,N,Negative
U1937,C04004,4,Y,Positive
U0028,C10285,3,N,Neutral
U1356,C11318,4,Y,Positive
U1389,C16934,1,N,Negative
U0028,C11791,5,Y,Positive
U0547,C14053,4,Y,Positive
U0589,C00803,3,N,Neutral
U1316,C15506,5,Y,Positive
U0856,C14857,2,Y,Negative
U1550,C11145,3,N,Neutral
U1921,C05332,4,Y,Positive
U1478,C12693,4,Y,Positive
U1983,C14760,2,Y,Negative
U1640,C15381,2,N,Negative
U1816,C16461,5,Y,Positive
U1257,C16077,5,Y,Positive
U1461,C11630,5,Y,Positive
U0705,C00708,1,N,Negative
U1348,C11464,1,Y,Negative
U0486,C06705,2,N,Negative
U0742,C10935,3,Y,Neutral
U1095,C04338,5,Y,Positive
U0929,C12691,2,N,Negative
U1771,C05857,1,Y,Negative
U0258,C15536,1,N,Negative
U0717,C16309,3,Y,Neutral
U1973,C01058,1,N,Negative
U1997,C14675,4,Y,Positive
U0408,C09104,2,N,Negative
U0106,C17476,1,N,Negative
U1491,C04684,2,Y,Negative
U1882,C05738,5,Y,Positive
U0368,C04984,3,N,Neutral
U1280,C06983,3,N,Neutral
U1078,C12909,2,N,Negative
U1755,C04859,2,Y,Negative
U1433,C04641,4,Y,Positive
U1793,C17762,2,Y,Negative
U1017,C15045,4,Y,Positive
U1360,C05957,5,Y,Positive
U0093,C14810,5,Y,Positive
U0218,C02441,4,Y,Positive
U1838,C07067,5,Y,Positive
U0782,C05580,4,Y,Positive
U0606,C07073,5,Y,Positive
U1694,C06041,3,N,Neutral
U1076,C16707,3,Y,Neutral
U1569,C17565,3,N,Neutral
U0469,C16911,3,N,Neutral
U0455,C03608,3,Y,Neutral
U1403,C13126,2,Y,Negative
U0687,C04253,4,Y,Positive
U1815,C12748,5,Y,Positive
U0450,C04025,1,N,Negative
U0735,C08467,5,Y,Positive
U0179,C09731,4,Y,Positive
U1787,C15418,5,Y,Positive
U0626,C01759,5,Y,Positive
U1716,C15345,1,Y,Negative
U1504,C06891,4,Y,Positive
U1168,C03728,4,Y,Positive
U1018,C05958,5,Y,Positive
U1899,C04315,4,Y,Positive
U0627,C01835,5,Y,Positive
U0241,C03591,1,Y,Negative
U0279,C03391,3,N,Neutral
U1333,C16336,4,Y,Positive
U1242,C04072,2,Y,Negative
U0018,C16637,3,N,Neutral
U0810,C16055,3,N,Neutral
U0965,C02904,1,Y,Negative
U1010,C05336,5,Y,Positive
U1344,C03801,4,Y,Positive
U1499,C06388,4,Y,Positive
U0113,C11736,5,Y,Positive
U1995,C16463,1,Y,Negative
U0558,C15492,2,Y,Negative
U1013,C16854,1,Y,Negative
U0356,C10184,1,N,Negative
U0955,C00824,5,Y,Positive
U1283,C16466,4,Y,Positive
U1896,C15162,5,Y,Positive
U0065,C15664,4,Y,Positive
U1471,C07812,3,Y,Neutral
U1944,C03162,2,Y,Negative
U0767,C06617,5,Y,Positive
U1751,C05483,1,Y,Negative
U1197,C16495,1,Y,Negative
U0621,C16062,1,N,Negative
U1827,C08430,4,Y,Positive
U0200,C05199,4,Y,Positive
U0462,C16553,2,Y,Negative
U1914,C12379,2,N,Negative
U1935,C14766,3,N,Neutral
U1356,C04358,3,N,Neutral
U1739,C15899,5,Y,Positive
U1288,C01580,1,Y,Negative
U0361,C00752,5,Y,Positive
U0050,C03607,2,N,Negative
U0928,C06705,1,Y,Negative
U0276,C04491,4,Y,Positive
U0251,C09338,5,Y,Positive
U0428,C02792,4,Y,Positive
U0550,C07912,1,N,Negative
U0146,C15596,5,Y,Positive
U1639,C07999,2,N,Negative
U0043,C01179,3,N,Neutral
U1950,C03242,3,N,Neutral
U0666,C12191,3,Y,Neutral
U1685,C16205,3,Y,Neutral
U1583,C17035,5,Y,Positive
U1799,C10851,4,Y,Positive
U0014,C04307,4,Y,Positive
U1950,C02587,4,Y,Positive
U0767,C17044,5,Y,Positive
U1439,C11950,2,N,Negative
U1598,C07862,1,N,Negative
U0832,C11183,4,Y,Positive
U1130,C02308,4,Y,Positive
U0451,C08093,5,Y,Positive
U0278,C17033,5,Y,Positive
U1754,C00837,3,Y,Neutral
U1351,C14427,1,N,Negative
U1017,C14457,2,N,Negative
U0317,C15800,5,Y,Positive
U1419,C09795,5,Y,Positive
U0737,C16243,3,Y,Neutral
U1758,C11578,4,Y,Positive
U0570,C16151,2,N,Negative
U0008,C14736,1,N,Negative
U0300,C01430,3,N,Neutral
U0439,C07300,3,N,Neutral
U1968,C13994,2,Y,Negative
U0091,C09311,4,Y,Positive
U0373,C12473,2,Y,Negative
U0468,C06550,2,Y,Negative
U1722,C04253,2,Y,Negative
U0533,C05397,3,Y,Neutral
U0855,C01818,5,Y,Positive
U1141,C05374,3,Y,Neutral
U0516,C15469,3,Y,Neutral
U1973,C17741,5,Y,Positive
U1658,C01547,3,Y,Neutral
U0702,C16256,2,N,Negative
U1044,C12336,1,Y,Negative
U0884,C07871,3,Y,Neutral
U1790,C09293,2,Y,Negative
U1227,C09331,3,Y,Neutral
U0951,C16566,3,N,Neutral
U0211,C09353,5,Y,Positive
U0801,C17299,2,N,Negative
U1259,C07468,4,Y,Positive
U1017,C02362,4,Y,Positive
U1372,C10386,5,Y,Positive
U0408,C13717,5,Y,Positive
U0162,C06878,1,Y,Negative
U1260,C03008,4,Y,Positive
U0117,C04430,4,Y,Positive
U0991,C17162,4,Y,Positive
U0610,C07262,5,Y,Positive
U1473,C02021,4,Y,Positive
U1119,C09551,3,Y,Neutral
U1617,C13673,5,Y,Positive
U1171,C03540,1,Y,Negative
U0809,C01071,5,Y,Positive
U0206,C13916,4,Y,Positive
U1486,C14814,2,Y,Negative
U1581,C06474,4,Y,Positive
U0088,C05877,2,Y,Negative
U1880,C03212,5,Y,Positive
U0888,C14148,2,Y,Negative
U1845,C07308,1,Y,Negative
U1631,C05949,4,Y,Positive
U1578,C00205,1,Y,Negative
U1124,C13166,3,Y,Neutral
U0294,C07387,5,Y,Positive
U1367,C09203,4,Y,Positive
U1572,C09290,4,Y,Positive
U0200,C13037,1,Y,Negative
U1667,C08366,3,N,Neutral
U1637,C11762,3,N,Neutral
U1341,C11656,5,Y,Positive
U0261,C07113,2,N,Negative
U0557,C05132,3,N,Neutral
U1913,C00203,1,N,Negative
U1391,C02994,2,Y,Negative
U1657,C14569,2,Y,Negative
U1228,C09156,3,Y,Neutral
U1306,C15932,1,N,Negative
U0856,C06342,4,Y,Positive
U1716,C10655,3,N,Neutral
U1857,C09100,5,Y,Positive
U0373,C01647,1,Y,Negative
U1268,C16315,4,Y,Positive
U0813,C11216,5,Y,Positive
U1847,C05684,5,Y,Positive
U1117,C04751,4,Y,Positive
U0355,C07368,2,N,Negative
U1741,C14177,3,N,Neutral
U1494,C13656,3,N,Neutral
U0239,C15761,3,N,Neutral
U0280,C07934,5,Y,Positive
U0067,C03665,2,N,Negative
U1942,C04382,4,Y,Positive
U1492,C02143,2,N,Negative
U0694,C16166,3,N,Neutral
U1408,C17324,1,Y,Negative
U1302,C07295,4,Y,Positive
U1592,C04305,3,N,Neutral
U1369,C15454,2,N,Negative
U1034,C10602,1,Y,Negative
U1631,C03664,5,Y,Positive
U0513,C01333,5,Y,Positive
U1009,C03926,5,Y,Positive
U1235,C03986,2,N,Negative
U0910,C08296,4,Y,Positive
U0732,C09174,5,Y,Positive
U0405,C05901,1,N,Negative
U0622,C05001,3,N,Neutral
U0444,C10948,4,Y,Positive
U0110,C09747,3,N,Neutral
U0406,C02787,4,Y,Positive
U0296,C11271,4,Y,Positive
U0729,C02750,3,N,Neutral
U0742,C12479,3,Y,Neutral
U0214,C03201,3,N,Neutral
U1097,C14777,4,Y,Positive
U0566,C13085,2,N,Negative
U0900,C02645,4,Y,Positive
U0500,C13628,5,Y,Positive
U0301,C01067,4,Y,Positive
U1538,C08176,4,Y,Positive
U1767,C10054,3,Y,Neutral
U0795,C08908,5,Y,Positive
U0511,C17000,5,Y,Positive
U1908,C14066,2,N,Negative
U0628,C17441,1,N,Negative
U1642,C16034,4,Y,Positive
U0152,C10084,3,Y,Neutral
U1054,C09395,5,Y,Positive
U1120,C13646,1,Y,Negative
U1381,C07633,5,Y,Positive
U1101,C05586,2,Y,Negative
U0034,C14055,4,Y,Positive
U1723,C05606,3,Y,Neutral
U0025,C12067,4,Y,Positive
U1578,C16144,2,N,Negative
U0567,C05429,4,Y,Positive
U0078,C01743,2,Y,Negative
U0530,C07923,1,N,Negative
U1164,C09977,5,Y,Positive
U0359,C01634,3,Y,Neutral
U0831,C06898,4,Y,Positive
U0314,C03288,2,N,Negative
U1603,C06122,3,N,Neutral
U1983,C06732,5,Y,Positive
U0293,C11785,3,Y,Neutral
U0839,C06631,4,Y,Positive
U0332,C10590,3,N,Neutral
U1261,C00344,1,N,Negative
U0861,C09711,1,Y,Negative
U1169,C11201,1,Y,Negative
U0049,C11523,4,Y,Positive
U1608,C13678,2,Y,Negative
U1972,C07786,1,Y,Negative
U0125,C05603,1,Y,Negative
U0205,C06298,2,Y,Negative
U1787,C13543,4,Y,Positive
U1774,C01572,4,Y,Positive
U1507,C16187,3,N,Neutral
U0608,C03048,1,Y,Negative
U0005,C08362,5,Y,Positive
U0293,C07502,5,Y,Positive
U0453,C07921,1,Y,Negative
U1161,C13851,3,N,Neutral
U0306,C04398,4,Y,Positive
U1636,C13170,2,N,Negative
U0759,C00052,1,N,Negative
U1813,C10261,3,N,Neutral
U1532,C02217,2,N,Negative
U0246,C15983,5,Y,Positive
U1171,C01831,1,N,Negative
U0469,C02772,4,Y,Positive
U0702,C02934,1,Y,Negative
U1894,C10268,3,Y,Neutral
U1190,C12005,4,Y,Positive
U0729,C09217,4,Y,Positive
U1382,C07651,2,N,Negative
U0172,C11174,2,Y,Negative
U0318,C05365,3,Y,Neutral
U0303,C17103,5,Y,Positive
U0069,C06256,2,Y,Negative
U0359,C01254,2,Y,Negative
U0109,C08934,2,N,Negative
U1940,C00317,1,Y,Negative
U1444,C10813,5,Y,Positive
U0674,C05966,4,Y,Positive
U0032,C07878,4,Y,Positive
U1253,C11920,5,Y,Positive
U0602,C02594,3,Y,Neutral
U1148,C11508,1,N,Negative
U0322,C16532,2,N,Negative
U0981,C03205,4,Y,Positive
U0362,C06290,2,N,Negative
U1515,C15951,5,Y,Positive
U1233,C09940,4,Y,Positive
U1631,C12434,3,Y,Neutral
U1914,C01066,3,N,Neutral
U1669,C05082,3,N,Neutral
U1882,C14855,2,Y,Negative
U1113,C01910,2,Y,Negative
U1479,C06836,3,Y,Neutral
U0468,C14218,2,Y,Negative
U0509,C01793,4,Y,Positive
U0368,C13016,3,Y,Neutral
U0050,C17271,4,Y,Positive
U0815,C04184,3,Y,Neutral
U1557,C09100,2,Y,Negative
U1696,C09054,2,Y,Negative
U1478,C04462,1,N,Negative
U1117,C09210,3,N,Neutral
U0488,C05308,3,Y,Neutral
U0370,C09732,5,Y,Positive
U1098,C13569,5,Y,Positive
U0335,C08471,1,Y,Negative
U1290,C09134,5,Y,Positive
U0557,C10636,2,N,Negative
U0229,C01117,3,N,Neutral
U0185,C10424,2,N,Negative
U0254,C16318,1,Y,Negative
U1322,C04075,3,N,Neutral
U0972,C17191,5,Y,Positive
U1862,C08419,5,Y,Positive
U1976,C00147,4,Y,Positive
U0419,C07779,2,N,Negative
U1503,C06975,2,Y,Negative
U0245,C17593,3,Y,Neutral
U0215,C15997,4,Y,Positive
U0482,C04625,1,N,Negative
U1814,C10497,1,Y,Negative
U0952,C05418,3,Y,Neutral
U0948,C05259,5,Y,Positive
U1988,C10433,2,N,Negative
U1711,C15546,1,N,Negative
U0291,C02624,4,Y,Positive
U1023,C00206,1,Y,Negative
U1310,C06374,2,Y,Negative
U1840,C14711,2,N,Negative
U1416,C11207,3,N,Neutral
U1669,C07181,3,Y,Neutral
U0774,C15853,2,N,Negative
U0270,C14056,4,Y,Positive
U0079,C09028,1,N,Negative
U1665,C16417,4,Y,Positive
U0215,C11330,5,Y,Positive
U0075,C00738,5,Y,Positive
U1890,C10424,3,Y,Neutral
U1622,C07659,1,N,Negative
U0206,C13800,3,N,Neutral
U0913,C13143,5,Y,Positive
U1612,C00221,4,Y,Positive
U0222,C01882,5,Y,Positive
U1086,C12526,5,Y,Positive
U0853,C15291,4,Y,Positive
U0930,C13931,4,Y,Positive
U1253,C14658,5,Y,Positive
U1826,C05760,1,N,Negative
U0898,C08167,5,Y,Positive
U1373,C13354,5,Y,Positive
U1680,C00485,2,Y,Negative
U0341,C06748,1,N,Negative
U0175,C17212,3,Y,Neutral
U0971,C14076,2,Y,Negative
U0146,C09936,2,N,Negative
U1193,C04065,3,Y,Neutral
U1923,C11557,2,Y,Negative
U1965,C00808,2,Y,Negative
U1562,C17757,2,Y,Negative
U1538,C04887,1,N,Negative
U1993,C13859,4,Y,Positive
U0346,C03806,1,Y,Negative
U0702,C03913,5,Y,Positive
U0619,C00377,2,N,Negative
U1046,C11317,1,Y,Negative
U0387,C09932,5,Y,Positive
U0586,C09074,5,Y,Positive
U1077,C06726,2,N,Negative
U0252,C13365,1,Y,Negative
U0865,C10493,1,N,Negative
U0566,C10668,2,N,Negative
U0865,C15441,4,Y,Positive
U1943,C00957,1,Y,Negative
U1979,C11342,2,N,Negative
U1836,C08721,1,Y,Negative
U0894,C11520,3,N,Neutral
U0410,C15731,4,Y,Positive
U1723,C01350,3,Y,Neutral
U0601,C07716,5,Y,Positive
U0453,C11086,2,Y,Negative
U0202,C08784,5,Y,Positive
U1284,C10640,3,N,Neutral
U1001,C01772,4,Y,Positive
U1911,C11725,3,N,Neutral
U1971,C10064,1,Y,Negative
U1422,C00344,3,N,Neutral
U1464,C10849,2,Y,Negative
U1459,C14100,1,N,Negative
U1753,C14194,3,N,Neutral
U1967,C09322,2,Y,Negative
U0691,C16615,2,N,Negative
U0776,C17774,3,Y,Neutral
U1127,C07057,2,N,Negative
U0416,C15707,1,Y,Negative
U1374,C09198,5,Y,Positive
U1716,C06593,4,Y,Positive
U1079,C12513,4,Y,Positive
U0752,C15729,3,N,Neutral
U0005,C06593,4,Y,Positive
U1585,C02826,5,Y,Positive
U0787,C10165,3,Y,Neutral
U1921,C12367,1,Y,Negative
U0043,C00787,5,Y,Positive
U1772,C06157,4,Y,Positive
U1612,C04727,4,Y,Positive
U0031,C15811,4,Y,Positive
U0661,C00059,5,Y,Positive
U0249,C15684,5,Y,Positive
U1045,C12501,5,Y,Positive
U0909,C15391,1,Y,Negative
U0684,C14775,1,Y,Negative
U1486,C03679,3,Y,Neutral
U0402,C04584,1,Y,Negative
U0445,C06148,5,Y,Positive
U0730,C12905,1,Y,Negative
U0496,C10674,4,Y,Positive
U0891,C04025,1,N,Negative
U0776,C05544,3,Y,Neutral
U0969,C04262,5,Y,Positive
U0056,C11436,5,Y,Positive
U0799,C00547,4,Y,Positive
U0795,C06992,2,N,Negative
U0751,C09365,1,Y,Negative
U1168,C06926,1,Y,Negative
U0305,C13408,2,N,Negative
U1626,C10759,1,N,Negative
U1317,C09455,3,N,Neutral
U1614,C03486,2,Y,Negative
U1336,C15165,2,Y,Negative
U1668,C03284,3,N,Neutral
U1457,C04881,3,N,Neutral
U0695,C12322,4,Y,Positive
U0754,C07265,4,Y,Positive
U0494,C03310,4,Y,Positive
U0779,C07562,2,N,Negative
U0066,C00920,5,Y,Positive
U1698,C05011,3,Y,Neutral
U1145,C12367,4,Y,Positive
U1035,C17766,5,Y,Positive
U1801,C04181,2,N,Negative
U1899,C10895,4,Y,Positive
U0688,C15369,3,Y,Neutral
U0284,C04609,4,Y,Positive
U0355,C13515,1,N,Negative
U0642,C11546,4,Y,Positive
U0415,C00913,5,Y,Positive
U0296,C10460,4,Y,Positive
U1967,C10732,3,Y,Neutral
U0869,C12868,5,Y,Positive
U1978,C14754,1,N,Negative
U0659,C10040,5,Y,Positive
U0881,C16538,2,Y,Negative
U1108,C01144,3,N,Neutral
U0353,C10980,3,Y,Neutral
U0001,C06400,4,Y,Positive
U0656,C01826,2,Y,Negative
U1009,C16389,5,Y,Positive
U0371,C07996,3,Y,Neutral
U1503,C01880,5,Y,Positive
U0648,C03939,2,Y,Negative
U0006,C14370,4,Y,Positive
U0634,C04525,3,N,Neutral
U0710,C14195,5,Y,Positive
U0885,C17177,2,Y,Negative
U0512,C02288,1,Y,Negative
U0804,C05206,1,N,Negative
U1138,C08779,4,Y,Positive
U1864,C06486,1,Y,Negative
U1527,C10265,1,Y,Negative
U1481,C12330,2,Y,Negative
U1098,C09867,3,Y,Neutral
U1091,C12524,2,N,Negative
U1166,C08386,2,Y,Negative
U1382,C03197,3,N,Neutral
U1204,C05280,1,Y,Negative
U1706,C12755,4,Y,Positive
U1538,C17268,2,N,Negative
U1050,C09601,4,Y,Positive
U0292,C06730,4,Y,Positive
U0294,C12814,4,Y,Positive
U0055,C15970,4,Y,Positive
U0950,C12101,5,Y,Positive
U1834,C06205,1,N,Negative
U1581,C02326,5,Y,Positive
U1538,C15243,1,Y,Negative
U1833,C09138,2,N,Negative
U1494,C03801,5,Y,Positive
U1079,C06281,1,Y,Negative
U1306,C08906,4,Y,Positive
U0227,C15175,3,Y,Neutral
U1387,C13168,1,Y,Negative
U0313,C04789,4,Y,Positive
U0491,C15823,4,Y,Positive
U1878,C13573,3,Y,Neutral
U0086,C04856,5,Y,Positive
U0954,C02522,4,Y,Positive
U1628,C13287,5,Y,Positive
U0558,C09726,3,Y,Neutral
U0964,C15681,3,Y,Neutral
U1639,C15746,4,Y,Positive
U1983,C01463,5,Y,Positive
U0329,C00276,2,Y,Negative
U0252,C11311,2,N,Negative
U1501,C00120,4,Y,Positive
U0338,C08259,4,Y,Positive
U1241,C15320,5,Y,Positive
U1501,C16278,3,Y,Neutral
U1007,C05441,5,Y,Positive
U0330,C02987,3,N,Neutral
U0151,C13828,2,Y,Negative
U0560,C05503,2,Y,Negative
U0716,C02802,2,Y,Negative
U1926,C16601,1,Y,Negative
U0711,C08467,4,Y,Positive
U1603,C16910,3,N,Neutral
U0279,C16607,3,Y,Neutral
U1818,C17277,3,Y,Neutral
U1298,C10323,3,Y,Neutral
U1640,C01459,2,N,Negative
U0741,C00740,3,Y,Neutral
U0373,C08681,2,Y,Negative
U1926,C10120,4,Y,Positive
U1006,C16180,3,N,Neutral
U0293,C04089,3,Y,Neutral
U1725,C11412,4,Y,Positive
U0480,C14400,4,Y,Positive
U1261,C09476,3,N,Neutral
U0588,C16649,3,N,Neutral
U1056,C17699,3,N,Neutral
U0099,C00350,4,Y,Positive
U1765,C12821,3,Y,Neutral
U0649,C08574,4,Y,Positive
U1933,C15085,3,N,Neutral
U1946,C15338,3,N,Neutral
U1022,C15290,4,Y,Positive
U1363,C10843,5,Y,Positive
U0784,C13329,5,Y,Positive
U1879,C12985,4,Y,Positive
U1087,C16897,2,Y,Negative
U1615,C10665,3,N,Neutral
U1560,C03737,4,Y,Positive
U1527,C17158,5,Y,Positive
U1643,C07645,1,Y,Negative
U1231,C17752,4,Y,Positive
U1906,C00489,1,N,Negative
U0055,C08164,4,Y,Positive
U0024,C16720,4,Y,Positive
U0955,C06367,2,N,Negative
U0775,C13358,2,N,Negative
U0628,C02623,1,N,Negative
U1618,C15882,1,N,Negative
U1051,C09813,1,Y,Negative
U1150,C17087,5,Y,Positive
U0947,C07348,3,Y,Neutral
U1147,C17554,3,N,Neutral
U0971,C01063,1,N,Negative
U1593,C08335,3,N,Neutral
U1146,C13041,1,Y,Negative
U0590,C12734,2,Y,Negative
U0207,C04051,4,Y,Positive
U0208,C08807,5,Y,Positive
U0538,C12532,2,Y,Negative
U1275,C15206,1,Y,Negative
U0929,C04476,2,N,Negative
U1637,C11242,1,Y,Negative
U1804,C04140,4,Y,Positive
U1621,C03708,5,Y,Positive
U0999,C15345,4,Y,Positive
U0172,C15551,3,N,Neutral
U0460,C09911,1,N,Negative
U1068,C15306,3,Y,Neutral
U0898,C01300,2,N,Negative
U1796,C11003,3,Y,Neutral
U1004,C16163,1,Y,Negative
U0387,C05933,1,N,Negative
U0784,C08931,3,Y,Neutral
U0143,C13011,1,Y,Negative
U0239,C15284,3,Y,Neutral
U1767,C12933,1,Y,Negative
U0950,C14087,2,N,Negative
U1407,C03234,4,Y,Positive
U0306,C07481,1,Y,Negative
U0121,C11883,3,N,Neutral
U1940,C11265,4,Y,Positive
U0674,C02857,3,Y,Neutral
U1446,C02758,1,N,Negative
U1907,C00101,1,N,Negative
U1893,C02455,3,N,Neutral
U0878,C00982,1,Y,Negative
U1081,C12351,4,Y,Positive
U0652,C02762,4,Y,Positive
U1773,C16040,1,Y,Negative
U1117,C11680,1,Y,Negative
U1753,C09758,5,Y,Positive
U0673,C11777,5,Y,Positive
U0471,C03106,2,Y,Negative
U1356,C03687,3,Y,Neutral
U1844,C17331,3,Y,Neutral
U0411,C11836,3,Y,Neutral
U1621,C03185,1,Y,Negative
U1225,C05119,2,Y,Negative
U0459,C03898,3,N,Neutral
U1618,C03202,2,Y,Negative
U1453,C08269,4,Y,Positive
U0895,C03396,2,N,Negative
U0456,C13759,4,Y,Positive
U0587,C15877,3,Y,Neutral
U1904,C03373,3,Y,Neutral
U0905,C14986,4,Y,Positive
U0911,C01271,4,Y,Positive
U1616,C11907,4,Y,Positive
U0701,C10337,5,Y,Positive
U0017,C06900,3,N,Neutral
U0709,C07159,2,Y,Negative
U0352,C00128,1,N,Negative
U0006,C15868,1,N,Negative
U0692,C01319,3,Y,Neutral
U0828,C03034,1,Y,Negative
U1244,C03472,5,Y,Positive
U1742,C03464,2,Y,Negative
U1374,C03443,3,Y,Neutral
U0982,C15532,4,Y,Positive
U0849,C14327,1,N,Negative
U1916,C08191,1,N,Negative
U1048,C09760,3,Y,Neutral
U0511,C06176,4,Y,Positive
U1580,C00281,5,Y,Positive
U1642,C16023,4,Y,Positive
U0895,C14812,2,Y,Negative
U0153,C10527,5,Y,Positive
U1587,C15939,3,Y,Neutral
U1145,C08642,4,Y,Positive
U1843,C06022,3,N,Neutral
U0109,C08404,1,Y,Negative
U0568,C12189,2,N,Negative
U0697,C04510,5,Y,Positive
U0712,C04540,1,N,Negative
U1134,C17574,2,N,Negative
U0471,C15391,3,N,Neutral
U0006,C06460,3,Y,Neutral
U0744,C13694,1,N,Negative
U1815,C02260,4,Y,Positive
U0471,C02212,5,Y,Positive
U1738,C16613,3,N,Neutral
U1099,C07394,3,Y,Neutral
U1074,C09700,1,N,Negative
U1113,C04483,1,Y,Negative
U0804,C08609,5,Y,Positive
U0154,C07471,3,N,Neutral
U0802,C05559,4,Y,Positive
U1228,C03339,2,N,Negative
U1024,C11423,1,Y,Negative
U1042,C11520,2,N,Negative
U0820,C08724,2,N,Negative
U0951,C03940,4,Y,Positive
U1977,C11502,1,Y,Negative
U1551,C00661,4,Y,Positive
U1112,C10639,2,Y,Negative
U0927,C14611,5,Y,Positive
U1817,C17537,1,N,Negative
U1048,C00817,4,Y,Positive
U1520,C09516,3,Y,Neutral
U0377,C09173,2,N,Negative
U0400,C17428,2,N,Negative
U1629,C06344,4,Y,Positive
U0876,C12854,1,Y,Negative
U0586,C14930,1,N,Negative
U0004,C05634,2,N,Negative
U0780,C01927,4,Y,Positive
U0428,C10914,4,Y,Positive
U0479,C08582,1,N,Negative
U0171,C07641,2,N,Negative
U1817,C15457,3,Y,Neutral
U0247,C04498,5,Y,Positive
U0839,C00761,1,N,Negative
U0588,C14284,4,Y,Positive
U0206,C06503,3,Y,Neutral
U0175,C11578,2,Y,Negative
U0500,C02151,1,Y,Negative
U0115,C11847,5,Y,Positive
U0454,C03737,1,Y,Negative
U1521,C08848,2,Y,Negative
U1867,C09241,1,Y,Negative
U1513,C09652,2,N,Negative
U1494,C13162,5,Y,Positive
U0771,C00141,5,Y,Positive
U1398,C03204,3,Y,Neutral
U1678,C12149,2,Y,Negative
U1957,C01474,2,Y,Negative
U0758,C15906,4,Y,Positive
U1053,C02361,5,Y,Positive
U0043,C16079,4,Y,Positive
U1559,C16218,4,Y,Positive
U1512,C00446,2,N,Negative
U1535,C03739,2,N,Negative
U1496,C08579,2,Y,Negative
U1844,C12902,2,N,Negative
U0673,C16864,5,Y,Positive
U0179,C07168,4,Y,Positive
U1902,C03700,4,Y,Positive
U0070,C11604,3,N,Neutral
U0933,C04606,3,Y,Neutral
U1117,C03530,2,Y,Negative
U0986,C00654,1,N,Negative
U0243,C04696,5,Y,Positive
U0299,C15674,3,Y,Neutral
U1619,C01241,4,Y,Positive
U1571,C15850,5,Y,Positive
U0045,C06016,3,N,Neutral
U1639,C14896,1,Y,Negative
U0868,C14066,2,Y,Negative
U0933,C01607,4,Y,Positive
U1369,C04480,3,N,Neutral
U0677,C10994,1,Y,Negative
U1264,C03119,3,N,Neutral
U0048,C05776,2,N,Negative
U1240,C07537,2,N,Negative
U0407,C08745,4,Y,Positive
U0208,C09425,2,Y,Negative
U1607,C06758,2,N,Negative
U1054,C03998,4,Y,Positive
U1222,C09261,5,Y,Positive
U0665,C13330,1,Y,Negative
U1696,C09409,1,Y,Negative
U1031,C05563,2,Y,Negative
U1962,C16845,5,Y,Positive
U0756,C00967,2,N,Negative
U1335,C03755,5,Y,Positive
U1852,C08272,2,N,Negative
U1626,C07647,2,Y,Negative
U1458,C11911,4,Y,Positive
U0683,C04729,1,N,Negative
U0903,C04889,2,Y,Negative
U0100,C01699,3,N,Neutral
U1724,C08916,3,Y,Neutral
U1905,C15079,1,Y,Negative
U1918,C04666,2,Y,Negative
U1711,C11125,4,Y,Positive
U0446,C08892,2,Y,Negative
U0477,C15617,4,Y,Positive
U1179,C01260,2,N,Negative
U0888,C07388,4,Y,Positive
U1374,C10261,3,Y,Neutral
U1499,C04376,1,Y,Negative
U0988,C13887,3,N,Neutral
U0043,C05959,4,Y,Positive
U1555,C14586,5,Y,Positive
U1025,C07009,2,N,Negative
U1504,C10494,4,Y,Positive
U1235,C08992,2,Y,Negative
U0878,C14461,2,N,Negative
U0961,C11503,1,Y,Negative
U1229,C00564,4,Y,Positive
U0738,C08872,2,N,Negative
U0149,C06793,2,Y,Negative
U1775,C04802,1,Y,Negative
U1774,C15290,3,N,Neutral
U1550,C03419,2,N,Negative
U1515,C04647,2,Y,Negative
U1167,C05466,3,N,Neutral
U1407,C11341,3,Y,Neutral
U0999,C12117,4,Y,Positive
U1257,C02531,4,Y,Positive
U1097,C10945,4,Y,Positive
U1292,C16450,3,N,Neutral
U0314,C10623,1,N,Negative
U1229,C02640,1,Y,Negative
U1305,C12157,5,Y,Positive
U0136,C05117,2,N,Negative
U0650,C03307,2,N,Negative
U0303,C09709,5,Y,Positive
U0167,C03126,5,Y,Positive
U1231,C15770,4,Y,Positive
U0593,C06945,4,Y,Positive
U0078,C12489,2,Y,Negative
U0013,C03610,4,Y,Positive
U0257,C08096,1,Y,Negative
U1922,C10185,4,Y,Positive
U1555,C11945,2,N,Negative
U1901,C02751,2,N,Negative
U1717,C12247,4,Y,Positive
U1362,C10001,1,Y,Negative
U1615,C10293,1,N,Negative
U1458,C13541,4,Y,Positive
U0340,C13912,1,Y,Negative
U0774,C03482,4,Y,Positive
U0850,C12388,4,Y,Positive
U0522,C16121,3,N,Neutral
U0490,C16365,4,Y,Positive
U0878,C14255,4,Y,Positive
U1526,C07448,1,Y,Negative
U0137,C11055,4,Y,Positive
U1601,C02951,3,N,Neutral
U0705,C12632,4,Y,Positive
U0932,C13463,5,Y,Positive
U1973,C11691,4,Y,Positive
U0074,C07624,2,N,Negative
U1589,C09894,1,N,Negative
U1988,C14821,5,Y,Positive
U1899,C10326,2,Y,Negative
U0326,C07626,4,Y,Positive
U0636,C17670,4,Y,Positive
U1747,C16676,3,Y,Neutral
U1234,C14931,5,Y,Positive
U0561,C17526,3,Y,Neutral
U1396,C15444,1,N,Negative
U1642,C02577,2,Y,Negative
U0649,C11284,4,Y,Positive
U1534,C10884,1,N,Negative
U0089,C02420,2,N,Negative
U1847,C14689,4,Y,Positive
U0133,C16902,4,Y,Positive
U0609,C09628,5,Y,Positive
U0107,C09087,3,Y,Neutral
U1225,C06940,1,N,Negative
U0513,C09171,3,N,Neutral
U0390,C16138,2,Y,Negative
U1066,C17044,4,Y,Positive
U0663,C00421,5,Y,Positive
U1027,C00942,4,Y,Positive
U0442,C13845,3,N,Neutral
U0674,C06130,2,Y,Negative
U1906,C12723,4,Y,Positive
U0826,C08897,1,Y,Negative
U0498,C07066,2,N,Negative
U0843,C01704,4,Y,Positive
U1483,C01156,2,Y,Negative
U1555,C03059,4,Y,Positive
U0524,C03493,5,Y,Positive
U1617,C05391,1,Y,Negative
U0383,C08581,2,N,Negative
U1203,C08672,3,Y,Neutral
U1257,C11624,2,N,Negative
U0581,C04386,1,N,Negative
U0260,C08164,2,N,Negative
U0487,C05680,2,N,Negative
U0561,C04307,1,Y,Negative
U1958,C00623,1,N,Negative
U0132,C15410,4,Y,Positive
U0728,C11357,2,N,Negative
U1460,C12694,5,Y,Positive
U1480,C09786,5,Y,Positive
U0044,C02744,4,Y,Positive
U0623,C03940,2,N,Negative
U1472,C13502,5,Y,Positive
U0091,C01174,2,Y,Negative
U1209,C12939,5,Y,Positive
U1849,C12093,5,Y,Positive
U1972,C12661,1,N,Negative
U0578,C00757,2,Y,Negative
U1683,C07540,4,Y,Positive
U0143,C00345,1,N,Negative
U0743,C15396,5,Y,Positive
U0070,C06635,4,Y,Positive
U0421,C16713,1,N,Negative
U0946,C09271,3,Y,Neutral
U1349,C06377,2,N,Negative
U1887,C12251,3,N,Neutral
U1256,C11551,5,Y,Positive
U0736,C08671,3,N,Neutral
U0285,C16295,5,Y,Positive
U0795,C09653,3,Y,Neutral
U1648,C04370,3,Y,Neutral
U0570,C07357,4,Y,Positive
U0419,C01659,5,Y,Positive
U1414,C13228,1,N,Negative
U0932,C03722,5,Y,Positive
U0105,C04006,4,Y,Positive
U0251,C11977,5,Y,Positive
U0100,C02318,1,N,Negative
U0532,C04757,1,N,Negative
U1838,C12684,5,Y,Positive
U1335,C00409,5,Y,Positive
U0810,C09061,1,Y,Negative
U0122,C01036,5,Y,Positive
U0133,C04993,4,Y,Positive
U1637,C01341,1,N,Negative
U0357,C13014,2,N,Negative
U0306,C12003,5,Y,Positive
U1794,C00391,3,N,Neutral
U0236,C14259,3,Y,Neutral
U0301,C01857,5,Y,Positive
U1983,C11428,5,Y,Positive
U0400,C01887,5,Y,Positive
U0171,C05864,5,Y,Positive
U0411,C05044,3,N,Neutral
U1883,C11846,1,Y,Negative
U1054,C13204,4,Y,Positive
U0626,C09512,1,Y,Negative
U1855,C03280,2,Y,Negative
U0968,C16145,4,Y,Positive
U1064,C12233,3,N,Neutral
U0599,C08360,3,Y,Neutral
U0472,C00018,1,N,Negative
U1828,C09280,1,N,Negative
U1720,C00127,1,N,Negative
U1656,C06468,4,Y,Positive
U0656,C16216,5,Y,Positive
U1243,C11695,2,N,Negative
U0490,C07466,1,Y,Negative
U0730,C01600,2,N,Negative
U1397,C04552,1,N,Negative
U1387,C11059,5,Y,Positive
U0040,C14476,5,Y,Positive
U1491,C17537,5,Y,Positive
U1351,C00813,4,Y,Positive
U0678,C02572,2,Y,Negative
U0255,C07665,2,Y,Negative
U1231,C01360,4,Y,Positive
U1427,C11259,1,N,Negative
U1204,C13505,1,Y,Negative
U0224,C00477,1,Y,Negative
U0956,C14684,4,Y,Positive
U1869,C07755,5,Y,Positive
U1835,C16315,5,Y,Positive
U0076,C16273,1,N,Negative
U0645,C06305,2,Y,Negative
U0735,C07778,1,Y,Negative
U0838,C11571,3,N,Neutral
U1468,C04021,5,Y,Positive
U0133,C09349,3,N,Neutral
U1571,C11242,4,Y,Positive
U0316,C02049,2,Y,Negative
U1065,C16151,2,Y,Negative
U1323,C03140,5,Y,Positive
U1597,C17479,2,N,Negative
U1880,C00919,5,Y,Positive
U1290,C08230,2,N,Negative
U1954,C05872,2,Y,Negative
U1154,C00157,5,Y,Positive
U0772,C14939,5,Y,Positive
U0128,C16739,4,Y,Positive
U1060,C16595,2,N,Negative
U0108,C17777,4,Y,Positive
U0907,C00062,3,N,Neutral
U0807,C08790,4,Y,Positive
U0708,C14250,3,N,Neutral
U0635,C04261,3,N,Neutral
U1078,C01269,5,Y,Positive
U0093,C00384,4,Y,Positive
U1870,C03316,3,N,Neutral
U1395,C07872,1,N,Negative
U1390,C17700,2,N,Negative
U1620,C11456,5,Y,Positive
U0983,C07069,4,Y,Positive
U0434,C10826,4,Y,Positive
U0302,C00011,1,N,Negative
U0162,C15482,4,Y,Positive
U1049,C12203,1,N,Negative
U1877,C07931,3,Y,Neutral
U0791,C08798,4,Y,Positive
U0288,C16669,2,N,Negative
U1433,C03315,2,N,Negative
U1877,C08238,2,Y,Negative
U0314,C02287,2,Y,Negative
U1582,C00089,3,N,Neutral
U1046,C06770,1,N,Negative
U0747,C00915,4,Y,Positive
U0358,C02363,3,Y,Neutral
U1835,C14932,1,Y,Negative
U1251,C07776,2,Y,Negative
U1231,C13024,5,Y,Positive
U0928,C12122,5,Y,Positive
U1434,C02058,4,Y,Positive
U1360,C02069,4,Y,Positive
U1569,C11726,4,Y,Positive
U0052,C07926,1,N,Negative
U0148,C05139,1,N,Negative
U0194,C08747,1,N,Negative
U1429,C04026,3,Y,Neutral
U1936,C14293,1,N,Negative
U1545,C17795,1,N,Negative
U0436,C05700,3,N,Neutral
U0167,C00170,4,Y,Positive
U1653,C00524,4,Y,Positive
U1455,C06624,5,Y,Positive
U1209,C17226,4,Y,Positive
U0295,C07812,5,Y,Positive
U0724,C12383,4,Y,Positive
U0229,C08398,3,Y,Neutral
U1941,C13874,4,Y,Positive
U1837,C16490,1,Y,Negative
U0018,C06973,5,Y,Positive
U1332,C14530,4,Y,Positive
U0376,C05523,1,N,Negative
U1620,C01128,3,N,Neutral
U1074,C02428,3,N,Neutral
U0787,C11162,4,Y,Positive
U1163,C16903,2,N,Negative
U1963,C11756,4,Y,Positive
U1836,C12299,4,Y,Positive
U1341,C02116,1,N,Negative
U1687,C07391,3,Y,Neutral
U1160,C16650,4,Y,Positive
U1483,C07726,5,Y,Positive
U1015,C12950,1,Y,Negative
U0733,C12752,5,Y,Positive
U0790,C12692,5,Y,Positive
U1461,C00630,5,Y,Positive
U1614,C10206,1,Y,Negative
U1999,C17682,4,Y,Positive
U1995,C04869,4,Y,Positive
U0722,C06992,3,N,Neutral
U0827,C11375,3,Y,Neutral
U0559,C12826,2,N,Negative
U0580,C07819,3,Y,Neutral
U1948,C02161,1,Y,Negative
U0470,C01150,1,N,Negative
U0613,C00336,4,Y,Positive
U0635,C05263,1,N,Negative
U1259,C02283,2,N,Negative
U1551,C16642,3,Y,Neutral
U0998,C04431,2,N,Negative
U1066,C03154,3,Y,Neutral
U0753,C09764,1,Y,Negative
U0843,C06806,4,Y,Positive
U1767,C16320,4,Y,Positive
U0152,C09505,3,N,Neutral
U0622,C07021,2,N,Negative
U0144,C15887,4,Y,Positive
U0549,C02332,1,Y,Negative
U0837,C14529,2,N,Negative
U0928,C16076,2,Y,Negative
U1709,C08829,1,N,Negative
U1535,C14339,2,N,Negative
U0062,C00825,3,N,Neutral
U1980,C00148,1,Y,Negative
U0119,C01369,3,Y,Neutral
U0774,C03650,4,Y,Positive
U0756,C04497,3,Y,Neutral
U0686,C03099,4,Y,Positive
U0140,C14626,3,Y,Neutral
U0493,C04094,3,Y,Neutral
U1998,C02198,1,Y,Negative
U0283,C12043,2,N,Negative
U1034,C04586,2,N,Negative
U0392,C01586,5,Y,Positive
U0252,C06931,5,Y,Positive
U1095,C00578,5,Y,Positive
U0483,C15951,2,N,Negative
U0088,C12629,5,Y,Positive
U1739,C04738,2,N,Negative
U1468,C17209,5,Y,Positive
U1942,C07095,1,Y,Negative
U1553,C14125,1,Y,Negative
U1938,C14468,4,Y,Positive
U1482,C17482,1,Y,Negative
U1947,C10815,2,N,Negative
U0157,C16624,3,Y,Neutral
U1249,C16149,5,Y,Positive
U1675,C02817,2,Y,Negative
U0675,C17545,2,Y,Negative
U0168,C09686,5,Y,Positive
U1368,C08632,1,N,Negative
U1271,C04174,5,Y,Positive
U1174,C02107,4,Y,Positive
U0267,C15669,1,N,Negative
U0309,C17288,3,N,Neutral
U1740,C07336,4,Y,Positive
U1220,C10186,5,Y,Positive
U0632,C14341,3,Y,Neutral
U0339,C09219,1,Y,Negative
U0465,C17215,4,Y,Positive
U0282,C11823,1,Y,Negative
U1750,C04384,2,N,Negative
U0946,C17405,3,N,Neutral
U1389,C06501,5,Y,Positive
U0744,C06849,3,N,Neutral
U1347,C12416,4,Y,Positive
U1808,C15101,1,N,Negative
U1828,C05093,3,N,Neutral
U1529,C17378,5,Y,Positive
U0202,C15141,4,Y,Positive
U0845,C05001,5,Y,Positive
U1000,C08885,5,Y,Positive
U1886,C13448,3,N,Neutral
U0136,C08997,5,Y,Positive
U1132,C06922,1,N,Negative
U0799,C11097,1,N,Negative
U1193,C05754,4,Y,Positive
U0054,C08631,4,Y,Positive
U0835,C09070,5,Y,Positive
U1353,C00060,1,N,Negative
U0651,C09764,4,Y,Positive
U1737,C04252,5,Y,Positive
U0681,C02938,2,N,Negative
U0747,C06928,1,N,Negative
U1894,C04471,2,N,Negative
U0932,C03517,1,Y,Negative
U0573,C07353,5,Y,Positive
U0275,C03652,5,Y,Positive
U1783,C07056,1,N,Negative
U0967,C06177,2,Y,Negative
U1407,C10948,4,Y,Positive
U0271,C00374,1,N,Negative
U0907,C10603,3,Y,Neutral
U0248,C03750,4,Y,Positive
U1697,C17425,2,N,Negative
U1879,C17307,2,Y,Negative
U0557,C05616,3,N,Neutral
U0762,C13577,1,N,Negative
U0730,C14529,4,Y,Positive
U0504,C06026,3,Y,Neutral
U1749,C16493,1,Y,Negative
U0473,C04391,2,N,Negative
U0157,C14378,4,Y,Positive
U0899,C15518,4,Y,Positive
U1460,C04892,2,N,Negative
U1088,C03669,1,Y,Negative
U1583,C08441,2,Y,Negative
U1689,C00712,5,Y,Positive
U0387,C09180,5,Y,Positive
U1135,C09319,4,Y,Positive
U0706,C06956,1,Y,Negative
U0162,C01651,4,Y,Positive
U1493,C00942,4,Y,Positive
U1803,C03291,1,N,Negative
U1017,C05612,2,N,Negative
U0778,C08885,1,N,Negative
U0080,C15129,4,Y,Positive
U0573,C16664,2,Y,Negative
U1478,C09559,2,Y,Negative
U1347,C15912,1,N,Negative
U0140,C13602,4,Y,Positive
U1654,C01467,4,Y,Positive
U0382,C07939,4,Y,Positive
U0420,C12109,4,Y,Positive
U0662,C02119,2,Y,Negative
U0575,C13943,5,Y,Positive
U0535,C12133,5,Y,Positive
U1371,C10369,5,Y,Positive
U0302,C17791,1,N,Negative
U1113,C09866,4,Y,Positive
U0923,C09088,5,Y,Positive
U1402,C04004,5,Y,Positive
U1160,C14185,2,N,Negative
U0820,C13680,2,N,Negative
U0609,C11947,3,N,Neutral
U1140,C14524,3,N,Neutral
U1933,C11033,1,Y,Negative
U1857,C16878,3,N,Neutral
U1668,C12459,3,Y,Neutral
U1031,C14962,2,Y,Negative
U1322,C08928,5,Y,Positive
U0661,C11511,5,Y,Positive
U1861,C00083,5,Y,Positive
U1254,C00246,3,N,Neutral
U1461,C03614,1,N,Negative
U1008,C14685,5,Y,Positive
U0044,C15048,1,Y,Negative
U1131,C02594,4,Y,Positive
U0399,C10111,5,Y,Positive
U1715,C09238,5,Y,Positive
U0572,C03339,4,Y,Positive
U0744,C05292,3,Y,Neutral
U0632,C01204,2,Y,Negative
U1367,C10129,3,N,Neutral
U1885,C01682,3,Y,Neutral
U0871,C05746,3,N,Neutral
U0550,C09381,4,Y,Positive
U1966,C03380,4,Y,Positive
U1321,C15817,5,Y,Positive
U1225,C15473,2,Y,Negative
U0266,C03769,1,N,Negative
U0506,C04538,3,Y,Neutral
U1884,C06686,1,Y,Negative
U1110,C10674,4,Y,Positive
U0959,C17207,1,Y,Negative
U0604,C02914,4,Y,Positive
U0977,C09139,2,N,Negative
U0295,C14199,1,N,Negative
U1343,C02857,3,Y,Neutral
U0448,C07694,5,Y,Positive
U0103,C12669,5,Y,Positive
U0674,C13889,1,N,Negative
U1596,C02602,3,N,Neutral
U1408,C05227,4,Y,Positive
U0373,C08712,2,Y,Negative
U1334,C07458,1,Y,Negative
U0760,C04538,2,Y,Negative
U0150,C15018,5,Y,Positive
U1335,C08860,1,Y,Negative
U0565,C17437,5,Y,Positive
U1888,C10411,1,Y,Negative
U1608,C02348,1,Y,Negative
U0934,C13113,4,Y,Positive
U0271,C06921,1,N,Negative
U0246,C06785,4,Y,Positive
U1632,C05268,3,N,Neutral
U1167,C08956,5,Y,Positive
U0180,C05740,1,N,Negative
U1196,C05819,5,Y,Positive
U0202,C08550,4,Y,Positive
U1027,C16251,3,N,Neutral
U0126,C01620,1,N,Negative
U1242,C06864,4,Y,Positive
U0075,C10044,5,Y,Positive
U1845,C01188,2,N,Negative
U0427,C17667,3,Y,Neutral
U0391,C07180,2,Y,Negative
U1253,C06849,4,Y,Positive
U1757,C11456,1,Y,Negative
U1339,C10253,3,N,Neutral
U1237,C03580,2,N,Negative
U0678,C08390,5,Y,Positive
U0939,C09824,5,Y,Positive
U1525,C00139,3,N,Neutral
U1609,C04719,3,Y,Neutral
U0058,C01645,5,Y,Positive
U1582,C10666,4,Y,Positive
U1959,C06885,4,Y,Positive
U0825,C04326,4,Y,Positive
U0297,C15297,1,N,Negative
U1266,C06555,4,Y,Positive
U0371,C17012,4,Y,Positive
U0762,C10314,3,Y,Neutral
U0495,C03422,2,Y,Negative
U0682,C17652,5,Y,Positive
U0249,C12271,3,Y,Neutral
U1859,C06741,4,Y,Positive
U1984,C12007,2,N,Negative
U0435,C14274,3,N,Neutral
U0484,C16356,2,Y,Negative
U0933,C04246,3,N,Neutral
U1168,C04466,4,Y,Positive
U0617,C05854,4,Y,Positive
U1027,C00626,5,Y,Positive
U0775,C14429,2,Y,Negative
U0073,C14950,4,Y,Positive
U1607,C03516,2,Y,Negative
U0489,C08870,1,Y,Negative
U0734,C07859,3,N,Neutral
U0173,C06397,1,N,Negative
U0218,C09057,5,Y,Positive
U0497,C03274,2,Y,Negative
U0957,C04533,2,Y,Negative
U0211,C06707,5,Y,Positive
U1641,C01466,4,Y,Positive
U0566,C11254,2,N,Negative
U1618,C01701,3,Y,Neutral
U1698,C00503,3,N,Neutral
U1465,C02841,1,Y,Negative
U0277,C13877,4,Y,Positive
U0799,C15670,2,Y,Negative
U0786,C03994,5,Y,Positive
U0118,C15254,3,Y,Neutral
U1658,C14843,4,Y,Positive
U0315,C15906,4,Y,Positive
U1743,C17071,3,N,Neutral
U1573,C10088,3,N,Neutral
U1523,C14177,3,Y,Neutral
U1152,C04407,1,N,Negative
U1393,C07775,3,N,Neutral
U1212,C00931,5,Y,Positive
U0345,C02852,4,Y,Positive
U0707,C00801,5,Y,Positive
U0170,C00262,1,N,Negative
U1315,C17754,2,N,Negative
U0391,C15203,5,Y,Positive
U0338,C07708,3,N,Neutral
U1365,C03819,1,N,Negative
U1766,C05722,5,Y,Positive
U0373,C09961,2,N,Negative
U1031,C16768,5,Y,Positive
U0682,C10916,5,Y,Positive
U0767,C03006,1,Y,Negative
U1011,C13326,2,Y,Negative
U0366,C02653,4,Y,Positive
U0193,C01549,2,N,Negative
U0662,C06911,1,Y,Negative
U1823,C11626,1,N,Negative
U1189,C12540,2,N,Negative
U1073,C03257,4,Y,Positive
U1949,C03908,1,Y,Negative
U1686,C15451,1,Y,Negative
U0643,C13872,4,Y,Positive
U1891,C00177,5,Y,Positive
U0761,C13258,1,Y,Negative
U1174,C10413,5,Y,Positive
U1358,C05535,1,N,Negative
U0765,C10891,5,Y,Positive
U0917,C14704,4,Y,Positive
U1628,C12407,1,Y,Negative
U0131,C01202,3,N,Neutral
U0052,C17551,5,Y,Positive
U1410,C03032,1,Y,Negative
U1787,C05913,3,Y,Neutral
U1349,C10516,5,Y,Positive
U0501,C00331,5,Y,Positive
U0118,C13989,5,Y,Positive
U0506,C09596,1,N,Negative
U0976,C13688,4,Y,Positive
U1069,C04123,2,Y,Negative
U0014,C13081,5,Y,Positive
U1591,C05677,2,N,Negative
U1115,C14355,4,Y,Positive
U1466,C17676,1,N,Negative
U1226,C03156,4,Y,Positive
U0272,C05637,3,Y,Neutral
U1888,C10877,5,Y,Positive
U0599,C04137,1,N,Negative
U1068,C04072,1,N,Negative
U0743,C00877,4,Y,Positive
U0116,C00273,4,Y,Positive
U1861,C11019,3,Y,Neutral
U1795,C17469,1,Y,Negative
U0483,C10211,4,Y,Positive
U1118,C11139,4,Y,Positive
U1782,C08067,4,Y,Positive
U0187,C05634,5,Y,Positive
U0679,C06319,2,N,Negative
U0482,C17017,4,Y,Positive
U0169,C01170,4,Y,Positive
U0516,C14335,1,Y,Negative
U1812,C07309,2,N,Negative
U1851,C01561,2,N,Negative
U1599,C15746,2,N,Negative
U0665,C17483,5,Y,Positive
U0321,C05711,3,N,Neutral
U1248,C15484,5,Y,Positive
U1552,C01566,2,N,Negative
U0227,C05159,3,N,Neutral
U0700,C03644,2,N,Negative
U0480,C02269,3,N,Neutral
U0408,C03654,5,Y,Positive
U1090,C10888,2,N,Negative
U1952,C03574,2,N,Negative
U1448,C14444,4,Y,Positive
U1987,C02557,1,N,Negative
U1954,C07283,1,N,Negative
U1438,C16336,4,Y,Positive
U1575,C14859,4,Y,Positive
U1403,C07038,1,Y,Negative
U1149,C14588,4,Y,Positive
U0263,C11851,1,N,Negative
U0425,C02526,3,N,Neutral
U1656,C06073,4,Y,Positive
U0079,C04964,3,Y,Neutral
U0796,C06143,5,Y,Positive
U1249,C02834,5,Y,Positive
U0609,C09497,4,Y,Positive
U0878,C01399,5,Y,Positive
U0395,C00986,5,Y,Positive
U0047,C06459,5,Y,Positive
U0290,C02840,5,Y,Positive
U1011,C08446,3,N,Neutral
U0353,C08370,3,Y,Neutral
U1793,C16466,3,N,Neutral
U1897,C13667,1,N,Negative
U1354,C06170,5,Y,Positive
U1140,C13522,5,Y,Positive
U0515,C04175,3,N,Neutral
U1999,C05966,4,Y,Positive
U0173,C15791,3,Y,Neutral
U1556,C07876,2,Y,Negative
U0030,C04372,3,N,Neutral
U0597,C12000,1,Y,Negative
U1351,C06532,2,N,Negative
U1261,C13586,5,Y,Positive
U0183,C02618,1,Y,Negative
U1229,C16865,4,Y,Positive
U0672,C00832,1,Y,Negative
U1574,C06154,1,N,Negative
U1723,C10132,4,Y,Positive
U0047,C06971,4,Y,Positive
U0693,C00470,4,Y,Positive
U0631,C13078,3,Y,Neutral
U1091,C12971,1,N,Negative
U0641,C16153,5,Y,Positive
U0527,C10740,2,Y,Negative
U0399,C15876,1,N,Negative
U1533,C04377,5,Y,Positive
U1976,C03791,1,Y,Negative
U0258,C13528,5,Y,Positive
U0337,C16596,2,N,Negative
U0322,C09351,2,Y,Negative
U0154,C16517,1,N,Negative
U0887,C05312,1,N,Negative
U1295,C08273,5,Y,Positive
U1555,C03408,4,Y,Positive
U0026,C17622,2,N,Negative
U1674,C08269,2,N,Negative
U1055,C00467,2,N,Negative
U0224,C00979,2,N,Negative
U1940,C02054,4,Y,Positive
U1847,C08033,5,Y,Positive
U1586,C05915,1,N,Negative
U1368,C05218,2,Y,Negative
U1893,C11411,5,Y,Positive
U1215,C10611,5,Y,Positive
U0062,C17532,1,N,Negative
U1489,C10853,5,Y,Positive
U0920,C11643,3,Y,Neutral
U0017,C02284,2,Y,Negative
U0851,C11138,2,N,Negative
U1589,C06690,4,Y,Positive
U0792,C04952,2,N,Negative
U0760,C00265,5,Y,Positive
U1955,C09643,1,N,Negative
U1426,C13518,2,Y,Negative
U1271,C09295,1,Y,Negative
U0741,C16337,3,Y,Neutral
U1485,C16943,1,Y,Negative
U1093,C04044,1,Y,Negative
U0015,C11334,5,Y,Positive
U0953,C12945,4,Y,Positive
U1644,C16010,3,Y,Neutral
U0554,C09268,1,Y,Negative
U1006,C08993,5,Y,Positive
U0135,C11600,1,Y,Negative
U1945,C12459,3,Y,Neutral
U1106,C08599,5,Y,Positive
U1353,C08127,3,N,Neutral
U0558,C14575,5,Y,Positive
U0722,C14099,5,Y,Positive
U0522,C15967,2,N,Negative
U0704,C13336,3,N,Neutral
U1343,C04917,4,Y,Positive
U1913,C15449,3,Y,Neutral
U0794,C11225,5,Y,Positive
U1341,C11244,3,N,Neutral
U0768,C06115,1,Y,Negative
U0259,C13870,2,N,Negative
U0500,C12424,5,Y,Positive
U1606,C06846,2,Y,Negative
U0583,C11505,4,Y,Positive
U1191,C15342,3,N,Neutral
U1231,C01760,1,N,Negative
U1798,C05818,5,Y,Positive
U0526,C08596,1,Y,Negative
U0941,C12299,3,Y,Neutral
U0754,C12164,1,Y,Negative
U1165,C03151,3,N,Neutral
U0302,C03903,2,Y,Negative
U0044,C00281,4,Y,Positive
U1543,C02977,5,Y,Positive
U0771,C14129,5,Y,Positive
U1269,C16378,2,N,Negative
U1730,C10086,4,Y,Positive
U0217,C07586,5,Y,Positive
U0059,C00488,3,Y,Neutral
U1687,C14220,1,Y,Negative
U1499,C05445,3,N,Neutral
U1643,C08493,5,Y,Positive
U0149,C14126,4,Y,Positive
U0542,C16810,1,Y,Negative
U0812,C17222,2,Y,Negative
U0538,C10468,3,N,Neutral
U1690,C01350,4,Y,Positive
U0498,C15130,4,Y,Positive
U1097,C03740,1,Y,Negative
U1497,C10039,5,Y,Positive
U0314,C03458,2,N,Negative
U0619,C17447,1,Y,Negative
U1261,C00526,5,Y,Positive
U1877,C13609,4,Y,Positive
U1530,C09011,3,Y,Neutral
U0296,C04144,1,Y,Negative
U1876,C01411,4,Y,Positive
U0526,C10335,4,Y,Positive
U0887,C11779,2,Y,Negative
U0024,C16563,4,Y,Positive
U1112,C10551,3,Y,Neutral
U0623,C17761,4,Y,Positive
U0261,C08852,2,Y,Negative
U0009,C08899,2,Y,Negative
U0217,C00370,5,Y,Positive
U0987,C12280,2,Y,Negative
U1930,C11516,2,Y,Negative
U1789,C13316,2,N,Negative
U1298,C11582,4,Y,Positive
U1526,C17273,4,Y,Positive
U1684,C17350,2,N,Negative
U0607,C05899,5,Y,Positive
U0839,C03047,4,Y,Positive
U1076,C02264,5,Y,Positive
U1349,C02212,1,Y,Negative
U1521,C10875,1,Y,Negative
U1501,C12875,5,Y,Positive
U0761,C08486,5,Y,Positive
U0608,C15825,3,N,Neutral
U0491,C09062,3,N,Neutral
U0820,C16178,4,Y,Positive
U0456,C09930,4,Y,Positive
U0654,C16241,4,Y,Positive
U1051,C12599,1,Y,Negative
U0615,C02289,3,N,Neutral
U0357,C16275,4,Y,Positive
U0214,C12945,4,Y,Positive
U1484,C05845,1,N,Negative
U1107,C17364,4,Y,Positive
U1726,C05642,1,N,Negative
U0007,C10943,3,Y,Neutral
U0027,C11683,5,Y,Positive
U0033,C14310,3,Y,Neutral
U0117,C13462,1,N,Negative
U1499,C00330,3,N,Neutral
U1398,C16442,5,Y,Positive
U0968,C06176,1,N,Negative
U0083,C06618,5,Y,Positive
U1430,C14465,3,Y,Neutral
U0562,C09011,2,N,Negative
U1822,C10209,4,Y,Positive
U1415,C07385,4,Y,Positive
U0605,C15940,4,Y,Positive
U1387,C03576,2,Y,Negative
U1062,C11078,3,Y,Neutral
U1403,C16694,3,Y,Neutral
U0364,C12196,5,Y,Positive
U0732,C14072,3,N,Neutral
U0577,C07208,1,Y,Negative
U0189,C14011,2,Y,Negative
U0159,C05493,4,Y,Positive
U1289,C03390,3,N,Neutral
U0960,C07400,3,N,Neutral
U1051,C03572,2,N,Negative
U1724,C12044,4,Y,Positive
U0372,C15478,3,N,Neutral
U1369,C06908,2,N,Negative
U0433,C02053,3,N,Neutral
U0804,C11938,4,Y,Positive
U0242,C04480,5,Y,Positive
U1816,C00002,4,Y,Positive
U0502,C12051,4,Y,Positive
U0780,C07893,1,N,Negative
U1330,C17430,1,Y,Negative
U0552,C09429,2,N,Negative
U0117,C11419,2,N,Negative
U1454,C02812,4,Y,Positive
U1269,C00875,3,Y,Neutral
U0505,C06470,2,N,Negative
U1803,C16160,5,Y,Positive
U0904,C03493,2,Y,Negative
U0083,C10963,1,Y,Negative
U0904,C00301,5,Y,Positive
U1389,C05554,4,Y,Positive
U0846,C06395,5,Y,Positive
U1208,C00509,5,Y,Positive
U1288,C05778,1,N,Negative
U0851,C12307,4,Y,Positive
U1548,C01384,5,Y,Positive
U0554,C10814,3,N,Neutral
U0884,C13243,4,Y,Positive
U1805,C12227,1,N,Negative
U0184,C04074,3,Y,Neutral
U1682,C08609,5,Y,Positive
U0419,C16776,5,Y,Positive
U0073,C15898,2,N,Negative
U0246,C03194,4,Y,Positive
U0329,C16085,2,N,Negative
U0439,C04428,3,Y,Neutral
U0322,C14069,1,N,Negative
U0126,C01158,5,Y,Positive
U1263,C15049,2,Y,Negative
U0008,C10848,4,Y,Positive
U1170,C08052,5,Y,Positive
U1587,C03262,3,Y,Neutral
U1976,C16281,4,Y,Positive
U1323,C11093,1,N,Negative
U0152,C11563,2,N,Negative
U1151,C16517,2,Y,Negative
U0900,C04184,2,Y,Negative
U0841,C07013,5,Y,Positive
U0987,C10311,5,Y,Positive
U1537,C10071,5,Y,Positive
U1712,C00336,4,Y,Positive
U1994,C16819,4,Y,Positive
U1525,C06900,1,Y,Negative
U0083,C07087,2,Y,Negative
U1859,C07458,5,Y,Positive
U0717,C01930,5,Y,Positive
U0326,C08492,2,N,Negative
U1285,C03018,5,Y,Positive
U0310,C00244,1,N,Negative
U1480,C16839,2,Y,Negative
U1142,C12261,3,Y,Neutral
U0055,C12671,1,Y,Negative
U1842,C01657,5,Y,Positive
U0319,C02413,1,N,Negative
U0608,C10009,4,Y,Positive
U1240,C00147,1,Y,Negative
U1188,C06372,1,Y,Negative
U0013,C01677,4,Y,Positive
U1841,C08555,1,N,Negative
U1123,C01657,3,N,Neutral
U0231,C05766,2,Y,Negative
U0163,C15480,4,Y,Positive
U0537,C02149,4,Y,Positive
U1188,C00649,1,Y,Negative
U0082,C05792,5,Y,Positive
U0542,C13929,4,Y,Positive
U0916,C04972,3,N,Neutral
U0508,C09893,1,Y,Negative
U0033,C05523,1,N,Negative
U0073,C03576,5,Y,Positive
U0151,C00241,5,Y,Positive
U1460,C17750,1,Y,Negative
U1891,C09597,2,Y,Negative
U1352,C10319,5,Y,Positive
U0420,C17276,4,Y,Positive
U1845,C12969,3,Y,Neutral
U1014,C12598,1,Y,Negative
U0250,C00899,1,N,Negative
U1039,C05917,4,Y,Positive
U1437,C13826,4,Y,Positive
U1046,C17198,5,Y,Positive
U0325,C17630,4,Y,Positive
U1211,C00490,5,Y,Positive
U1933,C15064,2,N,Negative
U0934,C07155,5,Y,Positive
U1228,C06282,5,Y,Positive
U0432,C05520,1,N,Negative
U0586,C15724,3,Y,Neutral
U1593,C11456,4,Y,Positive
U1591,C03239,5,Y,Positive
U0208,C03208,5,Y,Positive
U1584,C14844,5,Y,Positive
U0328,C04525,1,Y,Negative
U1538,C06840,4,Y,Positive
U1409,C15104,1,N,Negative
U0175,C05803,2,N,Negative
U1032,C06174,4,Y,Positive
U0376,C05163,5,Y,Positive
U1313,C02277,1,Y,Negative
U0197,C13200,3,N,Neutral
U1671,C07998,5,Y,Positive
U0190,C05274,4,Y,Positive
U1507,C00188,3,Y,Neutral
U1371,C03144,2,N,Negative
U0773,C12840,5,Y,Positive
U0915,C07440,3,Y,Neutral
U0726,C02708,2,N,Negative
U0673,C16665,5,Y,Positive
U1753,C10569,4,Y,Positive
U1849,C16597,3,N,Neutral
U0351,C01468,4,Y,Positive
U1874,C02092,4,Y,Positive
U1908,C06501,4,Y,Positive
U1509,C09590,4,Y,Positive
U1016,C11090,1,N,Negative
U0386,C05586,1,N,Negative
U0268,C07843,1,Y,Negative
U0607,C07615,3,Y,Neutral
U0832,C09769,4,Y,Positive
U1373,C10705,3,N,Neutral
U1722,C09277,5,Y,Positive
U0236,C03591,5,Y,Positive
U0670,C04893,1,Y,Negative
U1358,C01782,1,Y,Negative
U1865,C08294,2,Y,Negative
U1542,C13745,4,Y,Positive
U1754,C02161,2,Y,Negative
U0445,C08294,5,Y,Positive
U1529,C09230,5,Y,Positive
U1386,C13110,3,N,Neutral
U1516,C02169,2,N,Negative
U0983,C09688,3,N,Neutral
U0029,C16925,5,Y,Positive
U0012,C03361,5,Y,Positive
U0134,C04088,1,N,Negative
U1105,C11485,4,Y,Positive
U0367,C11708,4,Y,Positive
U1018,C03755,3,N,Neutral
U1112,C12430,3,Y,Neutral
U0587,C06090,1,Y,Negative
U0616,C15516,3,N,Neutral
U1790,C01721,3,Y,Neutral
U1569,C14918,2,Y,Negative
U0601,C01093,1,Y,Negative
U1890,C02609,3,Y,Neutral
U0978,C08012,4,Y,Positive
U1671,C12124,3,N,Neutral
U0890,C04805,4,Y,Positive
U0649,C03323,5,Y,Positive
U1924,C16534,4,Y,Positive
U1249,C04876,5,Y,Positive
U1457,C00537,4,Y,Positive
U1345,C08662,1,Y,Negative
U1496,C05164,2,N,Negative
U1266,C05109,4,Y,Positive
U1494,C00192,3,Y,Neutral
U0848,C12150,5,Y,Positive
U1826,C11918,2,N,Negative
U1275,C17457,1,Y,Negative
U0017,C13088,2,Y,Negative
U1097,C13730,1,Y,Negative
U0556,C08955,3,N,Neutral
U0967,C16775,2,Y,Negative
U1404,C01534,4,Y,Positive
U1061,C12099,5,Y,Positive
U1298,C01432,1,N,Negative
U1916,C13018,4,Y,Positive
U1188,C10867,5,Y,Positive
U0793,C07573,4,Y,Positive
U1174,C11763,5,Y,Positive
U0721,C14018,2,N,Negative
U0887,C03470,5,Y,Positive
U0664,C08090,4,Y,Positive
U0811,C12889,3,Y,Neutral
U0441,C08126,1,N,Negative
U1573,C16233,1,N,Negative
U1466,C02462,5,Y,Positive
U0957,C14390,5,Y,Positive
U0971,C08674,1,N,Negative
U1740,C14007,1,N,Negative
U0766,C11386,1,Y,Negative
U1284,C04243,5,Y,Positive
U1476,C15646,5,Y,Positive
U1769,C08708,2,N,Negative
U0630,C16342,4,Y,Positive
U0924,C06553,5,Y,Positive
U1850,C15442,2,Y,Negative
U1052,C10937,4,Y,Positive
U1298,C14164,5,Y,Positive
U1154,C09166,2,N,Negative
U1873,C16757,1,N,Negative
U1678,C02134,3,Y,Neutral
U1746,C14696,5,Y,Positive
U0251,C10758,4,Y,Positive
U1653,C00609,4,Y,Positive
U0667,C12535,1,Y,Negative
U1866,C12848,2,Y,Negative
U1430,C08165,5,Y,Positive
U1054,C13434,1,N,Negative
U0198,C05587,3,Y,Neutral
U1536,C02367,3,N,Neutral
U0574,C15283,1,Y,Negative
U0046,C10154,5,Y,Positive
U1132,C05972,3,N,Neutral
U1859,C01188,3,Y,Neutral
U0334,C01909,3,Y,Neutral
U1571,C17099,1,Y,Negative
U0627,C10835,3,N,Neutral
U0709,C16735,1,N,Negative
U1009,C16338,2,Y,Negative
U1361,C00404,3,Y,Neutral
U0061,C09166,5,Y,Positive
U0675,C00062,3,N,Neutral
U0707,C01488,4,Y,Positive
U0778,C15408,1,Y,Negative
U0547,C11449,5,Y,Positive
U1957,C03597,3,N,Neutral
U1046,C05440,3,Y,Neutral
U1535,C04007,3,Y,Neutral
U0176,C16481,5,Y,Positive
U0805,C02892,5,Y,Positive
U0025,C13720,4,Y,Positive
U1106,C03908,2,Y,Negative
U0343,C03894,2,Y,Negative
U0891,C03588,3,N,Neutral
U0805,C16052,2,Y,Negative
U1933,C12282,4,Y,Positive
U1044,C06260,2,N,Negative
U1226,C00651,3,Y,Neutral
U1237,C04003,3,Y,Neutral
U0737,C04302,1,N,Negative
U0499,C04081,4,Y,Positive
U0262,C05652,1,N,Negative
U1072,C10839,1,Y,Negative
U1032,C00776,4,Y,Positive
U0425,C07447,3,Y,Neutral
U0408,C17038,5,Y,Positive
U0115,C14129,4,Y,Positive
U1860,C06096,4,Y,Positive
U1179,C03740,3,Y,Neutral
U1375,C17551,5,Y,Positive
U1661,C11481,4,Y,Positive
U1270,C01498,2,N,Negative
U0535,C08502,4,Y,Positive
U1172,C17119,3,Y,Neutral
U0773,C05897,4,Y,Positive
U0311,C08766,1,N,Negative
U1698,C07164,4,Y,Positive
U0624,C06811,5,Y,Positive
U0471,C08495,2,N,Negative
U0784,C09515,2,N,Negative
U0590,C02694,4,Y,Positive
U1788,C15563,5,Y,Positive
U0262,C14341,1,Y,Negative
U0055,C07524,2,N,Negative
U1860,C04084,2,N,Negative
U0904,C03071,2,Y,Negative
U0143,C01934,3,N,Neutral
U1490,C03735,3,N,Neutral
U0124,C11870,2,Y,Negative
U1283,C03039,1,Y,Negative
U1433,C00877,5,Y,Positive
U1802,C07397,5,Y,Positive
U0420,C12480,5,Y,Positive
U0680,C02262,2,N,Negative
U1564,C05035,4,Y,Positive
U1627,C00168,2,N,Negative
U0792,C09782,2,Y,Negative
U1920,C11335,5,Y,Positive
U0762,C03038,4,Y,Positive
U1031,C02245,3,N,Neutral
U0114,C03550,1,Y,Negative
U1154,C11560,2,Y,Negative
U1574,C08614,2,Y,Negative
U0736,C01739,3,N,Neutral
U1846,C06422,3,N,Neutral
U0774,C09784,1,N,Negative
U1603,C08427,5,Y,Positive
U0078,C11668,1,N,Negative
U1323,C01005,2,Y,Negative
U0306,C12164,3,N,Neutral
U1606,C16613,5,Y,Positive
U1077,C14128,3,Y,Neutral
U1449,C04647,5,Y,Positive
U0820,C05227,5,Y,Positive
U1990,C17426,5,Y,Positive
U0887,C05645,2,N,Negative
U0051,C12038,3,Y,Neutral
U1301,C06711,2,N,Negative
U0657,C17132,3,Y,Neutral
U0960,C09833,4,Y,Positive
U1533,C12594,1,Y,Negative
U1903,C00443,2,Y,Negative
U1346,C10325,1,Y,Negative
U0544,C06377,3,Y,Neutral
U0577,C05666,4,Y,Positive
U1955,C08314,4,Y,Positive
U1222,C12916,5,Y,Positive
U1023,C13419,2,N,Negative
U0643,C09994,4,Y,Positive
U1130,C08069,2,N,Negative
U0118,C08368,3,Y,Neutral
U1586,C06485,2,Y,Negative
U0092,C00235,1,N,Negative
U0708,C07962,5,Y,Positive
U1153,C09211,5,Y,Positive
U1066,C06270,5,Y,Positive
U1885,C16501,5,Y,Positive
U1893,C14884,1,N,Negative
U1153,C01022,2,Y,Negative
U0464,C07076,5,Y,Positive
U1947,C04213,2,N,Negative
U1459,C09222,2,N,Negative
U0179,C07578,2,N,Negative
U0663,C14612,5,Y,Positive
U1960,C03970,2,N,Negative
U0306,C04196,1,Y,Negative
U1542,C01685,1,Y,Negative
U1141,C12330,4,Y,Positive
U1645,C09553,3,N,Neutral
U1094,C17130,1,Y,Negative
U0083,C17503,5,Y,Positive
U1177,C04928,4,Y,Positive
U1701,C01186,3,N,Neutral
U1188,C16909,2,Y,Negative
U1144,C11551,3,Y,Neutral
U1027,C16986,1,N,Negative
U1949,C15464,4,Y,Positive
U0108,C02542,4,Y,Positive
U0094,C17474,2,N,Negative
U1712,C03929,5,Y,Positive
U1845,C11793,2,Y,Negative
U1560,C07245,1,Y,Negative
U1980,C11226,1,N,Negative
U1590,C05458,3,N,Neutral
U0681,C11227,5,Y,Positive
U0593,C05939,4,Y,Positive
U0784,C12288,3,N,Neutral
U0347,C11878,1,Y,Negative
U0050,C00082,3,Y,Neutral
U1255,C01148,2,Y,Negative
U0978,C13580,4,Y,Positive
U1609,C01936,2,Y,Negative
U0546,C07821,4,Y,Positive
U0993,C08981,1,N,Negative
U0321,C03569,2,N,Negative
U1890,C01062,1,N,Negative
U1831,C13685,3,N,Neutral
U1691,C17347,5,Y,Positive
U1017,C06137,2,Y,Negative
U0272,C16307,3,Y,Neutral
U1900,C12578,2,N,Negative
U0159,C05496,2,N,Negative
U1385,C07335,2,Y,Negative
U0390,C16782,3,N,Neutral
U1860,C13476,1,N,Negative
U0791,C15544,4,Y,Positive
U0347,C13208,1,Y,Negative
U1195,C03575,2,Y,Negative
U0631,C10865,5,Y,Positive
U1493,C06515,2,Y,Negative
U1526,C07770,2,Y,Negative
U0315,C12292,3,Y,Neutral
U1152,C15385,2,Y,Negative
U1685,C05194,3,N,Neutral
U0465,C07944,4,Y,Positive
U1928,C10409,4,Y,Positive
U1553,C00732,1,N,Negative
U1139,C06801,5,Y,Positive
U0382,C17756,1,N,Negative
U0626,C07717,2,N,Negative
U1062,C02569,4,Y,Positive
U1364,C05951,1,N,Negative
U1117,C02705,5,Y,Positive
U0694,C04969,1,N,Negative
U1564,C15352,4,Y,Positive
U1949,C14770,3,N,Neutral
U0629,C14541,5,Y,Positive
U1731,C04635,2,Y,Negative
U0599,C01874,1,Y,Negative
U0034,C11902,5,Y,Positive
U0397,C09908,1,Y,Negative
U1245,C07806,3,N,Neutral
U0725,C17094,3,Y,Neutral
U0959,C08424,4,Y,Positive
U0205,C08617,5,Y,Positive
U0193,C11486,2,N,Negative
U0041,C08827,3,N,Neutral
U0158,C13225,4,Y,Positive
U0663,C06624,5,Y,Positive
U0363,C05585,1,Y,Negative
U0354,C13925,1,Y,Negative
U1915,C13352,5,Y,Positive
U1361,C16104,4,Y,Positive
U1050,C06683,1,N,Negative
U1698,C10547,4,Y,Positive
U1892,C00052,3,Y,Neutral
U0370,C12156,2,Y,Negative
U1608,C10083,5,Y,Positive
U0011,C06070,4,Y,Positive
U1405,C06428,2,N,Negative
U1930,C12405,3,Y,Neutral
U1822,C09528,1,N,Negative
U0483,C15087,2,N,Negative
U0227,C03138,3,N,Neutral
U0567,C08121,1,Y,Negative
U1863,C03445,2,N,Negative
U0108,C11399,5,Y,Positive
U1199,C03237,1,Y,Negative
U0153,C08534,1,Y,Negative
U0939,C16875,5,Y,Positive
U1822,C09010,4,Y,Positive
U1025,C07751,2,N,Negative
U1202,C02825,3,N,Neutral
U1026,C04148,1,N,Negative
U0705,C05180,4,Y,Positive
U0875,C09442,2,N,Negative
U0864,C02831,2,N,Negative
U0985,C11275,4,Y,Positive
U0726,C05543,1,Y,Negative
U1663,C17536,2,N,Negative
U1590,C12051,5,Y,Positive
U1154,C05999,1,Y,Negative
U1640,C02449,5,Y,Positive
U1002,C02442,4,Y,Positive
U1178,C02455,2,Y,Negative
U1037,C05591,2,N,Negative
U0192,C00950,3,Y,Neutral
U1122,C07943,1,Y,Negative
U0052,C00245,4,Y,Positive
U0565,C12262,1,Y,Negative
U0002,C08901,3,Y,Neutral
U1022,C09866,3,N,Neutral
U1257,C04577,2,Y,Negative
U1654,C01806,1,N,Negative
U1335,C12748,2,N,Negative
U1054,C08486,2,Y,Negative
U0019,C03512,5,Y,Positive
U0824,C02086,5,Y,Positive
U0718,C15037,5,Y,Positive
U1461,C13845,2,Y,Negative
U0086,C13155,1,N,Negative
U0673,C09319,2,N,Negative
U0362,C14122,2,N,Negative
U1519,C12119,4,Y,Positive
U0368,C15497,1,N,Negative
U1718,C04786,3,Y,Neutral
U1344,C14146,5,Y,Positive
U0690,C00235,2,Y,Negative
U1384,C14528,3,Y,Neutral
U0623,C00523,1,N,Negative
U1807,C17451,2,N,Negative
U0320,C02635,3,N,Neutral
U1988,C06660,4,Y,Positive
U1868,C10216,3,Y,Neutral
U0519,C06726,1,Y,Negative
U0596,C08787,5,Y,Positive
U0019,C09152,3,N,Neutral
U0109,C14936,3,Y,Neutral
U0827,C06058,5,Y,Positive
U0210,C14906,5,Y,Positive
U1240,C13736,5,Y,Positive
U0153,C08299,4,Y,Positive
U0986,C01386,5,Y,Positive
U1066,C06731,3,N,Neutral
U0856,C07862,5,Y,Positive
U1725,C06894,3,N,Neutral
U1285,C17149,4,Y,Positive
U1914,C15999,2,N,Negative
U0079,C01107,1,Y,Negative
U0420,C09875,1,Y,Negative
U0395,C06701,3,Y,Neutral
U0522,C13231,5,Y,Positive
U1443,C16040,3,N,Neutral
U1438,C08241,1,Y,Negative
U0633,C14427,5,Y,Positive
U1705,C05203,2,Y,Negative
U0611,C10796,4,Y,Positive
U1075,C01252,1,Y,Negative
U1940,C06228,3,N,Neutral
U0769,C14038,1,Y,Negative
U1226,C17467,4,Y,Positive
U1095,C00451,2,N,Negative
U1395,C12857,4,Y,Positive
U0706,C10644,3,N,Neutral
U1268,C09286,2,Y,Negative
U0938,C14407,2,N,Negative
U0703,C00120,1,N,Negative
U0117,C17152,2,Y,Negative
U1186,C16803,3,N,Neutral
U0796,C00637,2,N,Negative
U1872,C00125,5,Y,Positive
U0716,C17734,3,N,Neutral
U0424,C14362,1,Y,Negative
U1279,C11819,2,Y,Negative
U0330,C03201,2,N,Negative
U1787,C07265,1,Y,Negative
U0233,C17000,3,Y,Neutral
U1379,C01617,1,N,Negative
U0379,C00546,1,N,Negative
U0140,C09521,5,Y,Positive
U0196,C14006,1,Y,Negative
U0416,C07924,1,N,Negative
U0776,C10017,4,Y,Positive
U1873,C05559,3,N,Neutral
U0678,C01242,5,Y,Positive
U0822,C13956,2,Y,Negative
U0255,C05554,3,N,Neutral
U1681,C05005,5,Y,Positive
U1572,C13529,1,N,Negative
U1515,C07904,4,Y,Positive
U0825,C07853,2,N,Negative
U0576,C03609,3,Y,Neutral
U1330,C10662,2,Y,Negative
U0861,C16246,4,Y,Positive
U0715,C16299,4,Y,Positive
U1148,C02594,4,Y,Positive
U1121,C15427,4,Y,Positive
U1743,C10444,5,Y,Positive
U0089,C15542,4,Y,Positive
U0254,C17557,3,N,Neutral
U0560,C09245,4,Y,Positive
U0307,C16145,4,Y,Positive
U0987,C17403,4,Y,Positive
U1094,C09461,2,Y,Negative
U0680,C15010,5,Y,Positive
U0001,C13239,5,Y,Positive
U0956,C05671,4,Y,Positive
U0118,C16337,4,Y,Positive
U0846,C11164,2,Y,Negative
U0853,C12120,3,N,Neutral
U1137,C05120,5,Y,Positive
U0339,C15481,3,N,Neutral
U1628,C10836,1,N,Negative
U0909,C13924,2,N,Negative
U0592,C14776,5,Y,Positive
U1081,C12990,5,Y,Positive
U0717,C08532,4,Y,Positive
U1305,C12798,4,Y,Positive
U0520,C00783,4,Y,Positive
U0863,C00666,5,Y,Positive
U1132,C16532,3,Y,Neutral
U0825,C02402,5,Y,Positive
U0592,C17598,3,N,Neutral
U1371,C04416,2,Y,Negative
U1894,C12089,2,Y,Negative
U0992,C15266,4,Y,Positive
U1207,C17580,1,Y,Negative
U1909,C01793,4,Y,Positive
U0995,C00760,3,Y,Neutral
U0855,C14492,2,Y,Negative
U1576,C05039,3,N,Neutral
U0403,C17533,2,N,Negative
U0104,C08228,3,Y,Neutral
U1084,C11909,3,Y,Neutral
U0255,C06440,4,Y,Positive
U0293,C10903,1,Y,Negative
U0484,C05085,2,Y,Negative
U0989,C04921,3,N,Neutral
U0464,C04598,4,Y,Positive
U1679,C02101,2,Y,Negative
U0598,C13490,3,Y,Neutral
U0471,C01641,5,Y,Positive
U0423,C12287,1,Y,Negative
U1720,C15046,3,Y,Neutral
U0510,C02821,2,N,Negative
U1807,C15654,5,Y,Positive
U1500,C05775,5,Y,Positive
U1743,C09363,5,Y,Positive
U1039,C14299,1,N,Negative
U0712,C02787,3,N,Neutral
U0135,C01003,5,Y,Positive
U1030,C05110,3,N,Neutral
U0280,C00377,2,Y,Negative
U1045,C14202,2,Y,Negative
U1478,C14464,5,Y,Positive
U0652,C12522,4,Y,Positive
U1498,C10303,5,Y,Positive
U0402,C10538,3,Y,Neutral
U0199,C16162,1,Y,Negative
U1496,C09430,5,Y,Positive
U0109,C08070,5,Y,Positive
U0152,C04647,4,Y,Positive
U1695,C03878,3,Y,Neutral
U1225,C01105,2,Y,Negative
U0265,C06415,3,N,Neutral
U0752,C09633,3,N,Neutral
U1094,C13366,3,N,Neutral
U0405,C09313,2,Y,Negative
U1557,C12817,5,Y,Positive
U1153,C13264,4,Y,Positive
U1194,C08876,2,Y,Negative
U0643,C12153,3,Y,Neutral
U0806,C00745,4,Y,Positive
U1234,C00161,1,N,Negative
U0712,C01893,2,N,Negative
U1496,C11517,5,Y,Positive
U0602,C15012,4,Y,Positive
U0974,C16288,4,Y,Positive
U1927,C03497,1,N,Negative
U0480,C08706,4,Y,Positive
U0615,C07190,2,Y,Negative
U1681,C04802,2,N,Negative
U0592,C13995,3,Y,Neutral
U0117,C01977,4,Y,Positive
U0896,C11782,5,Y,Positive
U1185,C06833,5,Y,Positive
U1102,C05262,3,N,Neutral
U1329,C11113,1,Y,Negative
U1321,C09091,1,N,Negative
U0583,C10105,4,Y,Positive
U0309,C15579,3,N,Neutral
U0439,C01568,1,N,Negative
U0894,C00028,1,N,Negative
U0492,C07449,4,Y,Positive
U0664,C14884,2,N,Negative
U0339,C08210,1,N,Negative
U0818,C17017,3,N,Neutral
U0816,C15131,1,Y,Negative
U0672,C10923,5,Y,Positive
U0599,C09480,4,Y,Positive
U1348,C11846,5,Y,Positive
U1888,C12817,5,Y,Positive
U0936,C16969,1,Y,Negative
U1964,C02324,3,N,Neutral
U1893,C10623,4,Y,Positive
U1438,C13144,3,N,Neutral
U0514,C14238,5,Y,Positive
U1060,C06128,5,Y,Positive
U1890,C08642,5,Y,Positive
U0869,C15406,1,Y,Negative
U1358,C04176,4,Y,Positive
U0315,C15295,5,Y,Positive
U1660,C03076,2,N,Negative
U1909,C06532,2,Y,Negative
U1819,C16281,3,N,Neutral
U1336,C11848,2,Y,Negative
U1367,C08114,2,Y,Negative
U1812,C14171,1,N,Negative
U0395,C12414,5,Y,Positive
U1480,C01154,5,Y,Positive
U0931,C17362,2,N,Negative
U1708,C00571,2,Y,Negative
U0725,C07127,5,Y,Positive
U0071,C15921,4,Y,Positive
U0727,C09081,2,Y,Negative
U0427,C02651,5,Y,Positive
U1508,C15136,4,Y,Positive
U0442,C12315,5,Y,Positive
U1372,C01427,2,Y,Negative
U1456,C16595,1,Y,Negative
U0028,C05376,3,N,Neutral
U0062,C06909,5,Y,Positive
U1560,C09088,4,Y,Positive
U0801,C01617,1,Y,Negative
U0888,C06579,5,Y,Positive
U0876,C09608,2,N,Negative
U1952,C07936,5,Y,Positive
U0331,C15807,2,N,Negative
U0220,C15967,5,Y,Positive
U0213,C13879,3,Y,Neutral
U1348,C14526,5,Y,Positive
U1193,C15255,1,Y,Negative
U0371,C01249,5,Y,Positive
U1364,C17032,3,Y,Neutral
U0820,C07614,2,Y,Negative
U0244,C04097,4,Y,Positive
U0551,C10408,2,N,Negative
U1311,C01640,1,N,Negative
U1254,C08986,3,N,Neutral
U1338,C17749,1,N,Negative
U0097,C16693,3,N,Neutral
U1973,C13330,4,Y,Positive
U0498,C03941,3,Y,Neutral
U0560,C16712,5,Y,Positive
U0168,C03379,3,N,Neutral
U1797,C10806,5,Y,Positive
U0905,C07516,3,Y,Neutral
U0612,C00637,4,Y,Positive
U0360,C02079,5,Y,Positive
U1890,C06170,4,Y,Positive
U0348,C10955,5,Y,Positive
U1128,C08969,5,Y,Positive
U1805,C09571,3,Y,Neutral
U1320,C02810,5,Y,Positive
U0992,C13818,3,Y,Neutral
U1954,C06252,3,Y,Neutral
U1632,C11028,4,Y,Positive
U1229,C17535,3,N,Neutral
U0215,C15208,5,Y,Positive
U1897,C15568,5,Y,Positive
U1126,C15303,4,Y,Positive
U1711,C14353,4,Y,Positive
U0371,C11745,3,N,Neutral
U0785,C09073,4,Y,Positive
U1995,C11771,2,N,Negative
U1354,C11410,5,Y,Positive
U0338,C11019,4,Y,Positive
U1317,C08944,3,N,Neutral
U1995,C08006,1,N,Negative
U1912,C17352,3,Y,Neutral
U1921,C16653,2,N,Negative
U1177,C01553,4,Y,Positive
U1027,C13587,1,Y,Negative
U0722,C01000,3,N,Neutral
U0534,C10233,5,Y,Positive
U0048,C07671,1,Y,Negative
U1167,C12808,5,Y,Positive
U1396,C08174,2,N,Negative
U1645,C02146,4,Y,Positive
U1117,C07171,2,N,Negative
U1046,C16902,5,Y,Positive
U0395,C13342,5,Y,Positive
U1243,C16527,5,Y,Positive
U1084,C04196,2,N,Negative
U0487,C01715,1,Y,Negative
U0671,C06856,4,Y,Positive
U0018,C11351,2,N,Negative
U1155,C05030,1,N,Negative
U0202,C10777,1,N,Negative
U0269,C05161,3,N,Neutral
U0331,C11655,1,N,Negative
U1696,C06011,5,Y,Positive
U1039,C07259,4,Y,Positive
U1255,C10496,1,Y,Negative
U0953,C06683,3,Y,Neutral
U1433,C08526,2,Y,Negative
U1893,C16346,1,Y,Negative
U0928,C11259,5,Y,Positive
U0206,C02074,3,Y,Neutral
U1367,C00794,4,Y,Positive
U0045,C03407,1,Y,Negative
U1516,C08114,1,Y,Negative
U0189,C13023,2,Y,Negative
U1099,C14507,1,Y,Negative
U0309,C11055,3,Y,Neutral
U1267,C07536,2,Y,Negative
U1853,C05571,4,Y,Positive
U0472,C07523,3,Y,Neutral
U1732,C10233,1,Y,Negative
U1190,C04150,5,Y,Positive
U1936,C07921,2,Y,Negative
U0435,C04579,5,Y,Positive
U1533,C00927,5,Y,Positive
U0198,C12227,1,Y,Negative
U0939,C09106,1,N,Negative
U1735,C01951,3,Y,Neutral
U1915,C05397,5,Y,Positive
U1409,C09795,2,N,Negative
U1038,C08882,4,Y,Positive
U0553,C12786,2,N,Negative
U0446,C17488,3,Y,Neutral
U1870,C07914,3,Y,Neutral
U0761,C02939,1,Y,Negative
U0035,C02837,2,Y,Negative
U0972,C00922,3,Y,Neutral
U0230,C14590,2,N,Negative
U0372,C12768,5,Y,Positive
U0067,C07689,2,Y,Negative
U1395,C04162,3,N,Neutral
U1475,C00612,4,Y,Positive
U1480,C03596,3,N,Neutral
U1962,C09616,5,Y,Positive
U1406,C05014,2,N,Negative
U1794,C14955,3,Y,Neutral
U0176,C02375,1,N,Negative
U1737,C02315,2,Y,Negative
U1457,C16663,5,Y,Positive
U1054,C02463,1,Y,Negative
U1793,C16865,3,Y,Neutral
U1460,C03515,1,N,Negative
U1585,C17642,4,Y,Positive
U0258,C10858,4,Y,Positive
U0619,C07668,1,Y,Negative
U0607,C07038,3,N,Neutral
U1000,C00095,4,Y,Positive
U1230,C07560,1,Y,Negative
U0024,C13123,4,Y,Positive
U0145,C10447,1,N,Negative
U1839,C14567,4,Y,Positive
U1108,C10932,1,Y,Negative
U0259,C10467,3,N,Neutral
U1738,C03138,1,N,Negative
U1855,C11825,1,Y,Negative
U0760,C09192,1,N,Negative
U0802,C05004,5,Y,Positive
U1653,C00083,3,N,Neutral
U1004,C03290,1,N,Negative
U0458,C09102,5,Y,Positive
U1132,C07659,3,N,Neutral
U0782,C17751,2,N,Negative
U1019,C07298,2,N,Negative
U1810,C13749,2,N,Negative
U0434,C07384,4,Y,Positive
U0697,C04750,5,Y,Positive
U1588,C09365,4,Y,Positive
U1810,C11527,1,Y,Negative
U1811,C13253,1,Y,Negative
U0325,C08109,5,Y,Positive
U0209,C03153,5,Y,Positive
U1652,C08155,5,Y,Positive
U0836,C12476,1,N,Negative
U1538,C04079,4,Y,Positive
U0180,C17720,3,N,Neutral
U1317,C02404,4,Y,Positive
U0815,C08768,3,Y,Neutral
U1691,C16438,2,N,Negative
U1067,C02387,3,Y,Neutral
U0172,C05743,1,Y,Negative
U1609,C00447,1,N,Negative
U1600,C13713,2,N,Negative
U1784,C07518,5,Y,Positive
U1679,C00276,5,Y,Positive
U1319,C10355,3,N,Neutral
U1590,C17391,2,Y,Negative
U0901,C01026,2,N,Negative
U1829,C05751,3,Y,Neutral
U0408,C04983,1,N,Negative
U0232,C14795,2,N,Negative
U0497,C13995,4,Y,Positive
U1782,C17355,3,N,Neutral
U1440,C09841,4,Y,Positive
U1221,C02705,2,Y,Negative
U0081,C15833,4,Y,Positive
U0874,C07589,1,N,Negative
U1432,C13346,1,N,Negative
U1499,C07607,1,N,Negative
U0755,C06833,5,Y,Positive
U0951,C02748,4,Y,Positive
U1692,C01242,3,N,Neutral
U0988,C17744,5,Y,Positive
U0186,C06257,2,N,Negative
U0530,C01135,5,Y,Positive
U1428,C00151,4,Y,Positive
U1227,C11194,4,Y,Positive
U0841,C00086,1,N,Negative
U1609,C12252,3,N,Neutral
U0400,C09670,4,Y,Positive
U1933,C14775,2,N,Negative
U1505,C01223,2,N,Negative
U1057,C10327,2,Y,Negative
U0970,C02637,5,Y,Positive
U0131,C04532,3,Y,Neutral
U0398,C14667,1,Y,Negative
U0827,C10478,2,N,Negative
U0941,C04085,2,Y,Negative
U0904,C00808,5,Y,Positive
U0058,C07191,1,N,Negative
U0175,C07900,2,Y,Negative
U1170,C01502,2,Y,Negative
U1633,C05687,3,Y,Neutral
U1568,C05763,3,N,Neutral
U0179,C11139,5,Y,Positive
U1759,C00199,1,Y,Negative
U1584,C04986,4,Y,Positive
U1656,C03788,2,N,Negative
U0182,C12815,1,Y,Negative
U1508,C15077,5,Y,Positive
U1694,C02806,1,Y,Negative
U1902,C13105,5,Y,Positive
U1503,C09647,1,Y,Negative
U1585,C16167,2,N,Negative
U1485,C07258,3,Y,Neutral
U0130,C00191,4,Y,Positive
U1438,C05893,4,Y,Positive
U0886,C15169,3,Y,Neutral
U1434,C01898,1,N,Negative
U1922,C02399,3,N,Neutral
U1134,C11942,2,N,Negative
U1880,C12014,4,Y,Positive
U1709,C11583,1,N,Negative
U0224,C00733,3,Y,Neutral
U1379,C12948,4,Y,Positive
U1404,C17657,2,Y,Negative
U1244,C08241,2,Y,Negative
U0605,C00816,5,Y,Positive
U0139,C08856,4,Y,Positive
U0942,C13814,5,Y,Positive
U0464,C05266,3,Y,Neutral
U0851,C12310,5,Y,Positive
U1153,C16420,1,Y,Negative
U0780,C07786,2,N,Negative
U1348,C06969,5,Y,Positive
U1993,C13324,5,Y,Positive
U1515,C03511,3,N,Neutral
U0288,C00149,5,Y,Positive
U0846,C06270,5,Y,Positive
U1967,C04930,4,Y,Positive
U1624,C07989,2,Y,Negative
U0490,C03593,1,Y,Negative
U0023,C17610,3,N,Neutral
U1672,C11082,4,Y,Positive
U1011,C01307,5,Y,Positive
U1597,C10502,1,Y,Negative
U1622,C12157,1,N,Negative
U1475,C06585,1,N,Negative
U1846,C07895,1,Y,Negative
U0904,C08213,2,N,Negative
U1833,C08753,5,Y,Positive
U0596,C05500,1,N,Negative
U0707,C00909,4,Y,Positive
U0975,C04348,2,N,Negative
U1675,C11832,4,Y,Positive
U1781,C15382,3,Y,Neutral
U1866,C07915,2,Y,Negative
U1036,C06745,4,Y,Positive
U1394,C05470,4,Y,Positive
U1271,C17241,1,N,Negative
U1746,C06754,5,Y,Positive
U0669,C08009,1,Y,Negative
U0271,C16472,1,N,Negative
U1065,C01429,5,Y,Positive
U1058,C07421,2,N,Negative
U1369,C14535,4,Y,Positive
U0027,C16375,3,N,Neutral
U1857,C02680,1,Y,Negative
U0642,C12266,5,Y,Positive
U0016,C05833,1,N,Negative
U0070,C03614,3,Y,Neutral
U0646,C10668,1,Y,Negative
U1627,C06435,1,Y,Negative
U0922,C14934,4,Y,Positive
U0169,C08983,5,Y,Positive
U0828,C13416,4,Y,Positive
U0417,C10369,5,Y,Positive
U1235,C06535,3,Y,Neutral
U0203,C09890,3,Y,Neutral
U1539,C16656,4,Y,Positive
U1040,C14176,4,Y,Positive
U0328,C12995,5,Y,Positive
U0273,C12604,5,Y,Positive
U1582,C07960,1,N,Negative
U1666,C13614,1,N,Negative
U1185,C13226,3,N,Neutral
U1330,C08344,2,N,Negative
U0974,C03764,1,Y,Negative
U0338,C03262,4,Y,Positive
U1262,C07472,4,Y,Positive
U1035,C17158,2,N,Negative
U1484,C07071,3,Y,Neutral
U1834,C03413,1,Y,Negative
U0114,C09106,4,Y,Positive
U1330,C16738,1,N,Negative
U0990,C04036,5,Y,Positive
U1518,C05915,3,Y,Neutral
U1949,C17321,3,Y,Neutral
U0664,C15437,2,Y,Negative
U0258,C06176,2,N,Negative
U0157,C01100,1,Y,Negative
U0797,C08997,4,Y,Positive
U1447,C03162,1,N,Negative
U0564,C12248,1,N,Negative
U0627,C09555,2,N,Negative
U1296,C07564,3,Y,Neutral
U1975,C09331,1,Y,Negative
U0800,C11492,2,Y,Negative
U1079,C06383,3,Y,Neutral
U1387,C10212,5,Y,Positive
U0821,C12596,4,Y,Positive
U0803,C09088,2,N,Negative
U0785,C10265,5,Y,Positive
U0784,C05461,1,N,Negative
U1312,C07565,2,N,Negative
U1906,C07366,4,Y,Positive
U1627,C04386,2,N,Negative
U0792,C04399,5,Y,Positive
U1378,C07036,2,Y,Negative
U1946,C09247,3,N,Neutral
U0434,C02990,1,Y,Negative
U1914,C12384,1,Y,Negative
U1719,C14703,2,N,Negative
U1363,C11492,4,Y,Positive
U1907,C16282,2,Y,Negative
U1483,C10448,5,Y,Positive
U0200,C07550,2,Y,Negative
U0335,C06451,5,Y,Positive
U1275,C03849,1,Y,Negative
U0847,C04440,2,N,Negative
U0672,C17104,1,N,Negative
U1917,C14638,2,Y,Negative
U1740,C04766,3,Y,Neutral
U1597,C13757,2,Y,Negative
U1122,C15810,5,Y,Positive
U0014,C08084,4,Y,Positive
U1398,C07407,5,Y,Positive
U0567,C11943,5,Y,Positive
U0546,C10087,3,N,Neutral
U1751,C09906,2,N,Negative
U1242,C02286,1,Y,Negative
U1818,C16997,3,Y,Neutral
U1257,C17515,3,Y,Neutral
U1869,C12094,3,N,Neutral
U0768,C08562,1,Y,Negative
U0623,C00383,5,Y,Positive
U1013,C03651,1,Y,Negative
U0888,C09284,5,Y,Positive
U1959,C01022,3,Y,Neutral
U1696,C14777,4,Y,Positive
U1367,C11120,2,N,Negative
U0148,C08838,4,Y,Positive
U1992,C14383,3,N,Neutral
U1862,C06102,2,Y,Negative
U0811,C01170,1,N,Negative
U1982,C05780,5,Y,Positive
U1122,C04652,3,N,Neutral
U0538,C02362,1,N,Negative
U0621,C10012,4,Y,Positive
U1991,C03968,4,Y,Positive
U1914,C06694,1,Y,Negative
U0066,C02417,5,Y,Positive
U0827,C10442,4,Y,Positive
U1796,C05784,5,Y,Positive
U1479,C00700,5,Y,Positive
U1321,C05116,2,N,Negative
U0866,C06607,2,Y,Negative
U0577,C00518,3,Y,Neutral
U1469,C07222,3,N,Neutral
U0040,C04287,4,Y,Positive
U1457,C16912,4,Y,Positive
U0406,C03634,3,N,Neutral
U0288,C08201,3,N,Neutral
U1519,C13191,4,Y,Positive
U1996,C10659,5,Y,Positive
U1551,C04086,4,Y,Positive
U1822,C00488,3,N,Neutral
U1140,C13239,1,N,Negative
U1853,C06735,5,Y,Positive
U1347,C12030,1,Y,Negative
U1619,C16746,3,Y,Neutral
U1231,C05007,4,Y,Positive
U1313,C02791,2,Y,Negative
U0848,C14439,4,Y,Positive
U0679,C02675,4,Y,Positive
U1726,C09649,3,Y,Neutral
U1871,C05102,4,Y,Positive
U1020,C16769,2,Y,Negative
U0272,C14824,1,N,Negative
U1946,C02305,4,Y,Positive
U0694,C00003,4,Y,Positive
U0502,C05119,4,Y,Positive
U1182,C14345,2,N,Negative
U1228,C16064,5,Y,Positive
U1087,C16417,4,Y,Positive
U1985,C10553,4,Y,Positive
U0243,C02254,4,Y,Positive
U1048,C16102,5,Y,Positive
U0011,C17187,1,N,Negative
U1991,C04556,4,Y,Positive
U1992,C11368,3,N,Neutral
U1268,C00091,4,Y,Positive
U1615,C02059,2,Y,Negative
U0745,C10944,3,N,Neutral
U1544,C14836,4,Y,Positive
U0788,C11996,2,Y,Negative
U0301,C04623,3,N,Neutral
U0338,C05069,2,N,Negative
U1587,C12259,2,Y,Negative
U0936,C03889,5,Y,Positive
U0711,C13018,2,N,Negative
U1599,C03924,3,Y,Neutral
U1351,C10975,3,N,Neutral
U0331,C15061,1,N,Negative
U0752,C02562,1,N,Negative
U1593,C15088,5,Y,Positive
U1552,C05505,3,Y,Neutral
U0736,C09991,1,Y,Negative
U1237,C10428,4,Y,Positive
U0842,C08526,5,Y,Positive
U1192,C05863,2,Y,Negative
U1366,C12933,1,N,Negative
U0781,C14694,1,N,Negative
U0582,C10178,3,N,Neutral
U1275,C09403,1,N,Negative
U0788,C17359,2,Y,Negative
U1828,C00013,2,N,Negative
U0574,C08534,3,Y,Neutral
U1540,C04059,4,Y,Positive
U1932,C12319,3,Y,Neutral
U0173,C13986,3,Y,Neutral
U0976,C03549,5,Y,Positive
U0861,C12901,5,Y,Positive
U1283,C13290,1,N,Negative
U0050,C09505,1,Y,Negative
U0495,C02609,4,Y,Positive
U0019,C16448,2,N,Negative
U1349,C09252,3,Y,Neutral
U0445,C13765,3,Y,Neutral
U1946,C06429,5,Y,Positive
U1364,C11552,4,Y,Positive
U0620,C05638,5,Y,Positive
U0885,C13402,4,Y,Positive
U1157,C03585,5,Y,Positive
U0238,C03574,4,Y,Positive
U0829,C04560,2,Y,Negative
U0165,C07917,2,N,Negative
U1358,C14506,5,Y,Positive
U1728,C04982,5,Y,Positive
U1724,C10039,5,Y,Positive
U0819,C06598,1,Y,Negative
U0511,C17578,1,N,Negative
U0241,C16679,2,N,Negative
U1885,C10305,5,Y,Positive
U1942,C09246,2,N,Negative
U1070,C13576,3,N,Neutral
U1826,C11868,3,N,Neutral
U1622,C12844,3,N,Neutral
U1834,C03894,2,N,Negative
U0644,C01506,1,Y,Negative
U1878,C09189,2,N,Negative
U0184,C15242,2,N,Negative
U0458,C13222,2,Y,Negative
U1720,C02624,3,N,Neutral
U0601,C14518,3,Y,Neutral
U1581,C00843,1,Y,Negative
U0897,C03397,2,Y,Negative
U1161,C04554,4,Y,Positive
U1768,C04132,4,Y,Positive
U0567,C09388,4,Y,Positive
U0554,C07956,5,Y,Positive
U1936,C03380,4,Y,Positive
U1805,C01649,5,Y,Positive
U0575,C07417,5,Y,Positive
U1831,C12457,1,Y,Negative
U0408,C13554,3,Y,Neutral
U1460,C06087,1,N,Negative
U0147,C00068,4,Y,Positive
U1702,C14559,5,Y,Positive
U1666,C08237,4,Y,Positive
U1368,C03270,5,Y,Positive
U0837,C13542,2,N,Negative
U0351,C16085,5,Y,Positive
U1371,C07552,4,Y,Positive
U1469,C07849,1,Y,Negative
U0420,C08185,5,Y,Positive
U0764,C16381,2,N,Negative
U0029,C11332,2,N,Negative
U1336,C16284,5,Y,Positive
U0600,C03704,3,Y,Neutral
U1607,C07582,4,Y,Positive
U0520,C08995,5,Y,Positive
U0111,C11942,3,N,Neutral
U0608,C06679,2,Y,Negative
U1523,C17109,3,N,Neutral
U1936,C04420,1,N,Negative
U1493,C03763,5,Y,Positive
U0560,C00830,5,Y,Positive
U0774,C16402,3,N,Neutral
U1683,C03088,4,Y,Positive
U0944,C08604,4,Y,Positive
U0716,C13881,4,Y,Positive
U0598,C17654,2,Y,Negative
U1569,C10862,1,N,Negative
U0349,C06014,3,N,Neutral
U0647,C06250,4,Y,Positive
U0185,C06086,1,Y,Negative
U1107,C07430,2,N,Negative
U0118,C05432,4,Y,Positive
U0108,C04041,2,Y,Negative
U1297,C02705,3,Y,Neutral
U0335,C14310,2,Y,Negative
U1083,C15312,5,Y,Positive
U0248,C04401,1,Y,Negative
U1580,C16757,5,Y,Positive
U0025,C09489,3,Y,Neutral
U1370,C17534,4,Y,Positive
U0190,C10274,4,Y,Positive
U1604,C09753,1,Y,Negative
U0511,C11267,1,N,Negative
U1716,C01585,4,Y,Positive
U0995,C17477,1,Y,Negative
U2000,C09657,5,Y,Positive
U1969,C17151,3,Y,Neutral
U0230,C17484,4,Y,Positive
U0507,C00730,3,Y,Neutral
U1191,C10058,1,Y,Negative
U1692,C14013,5,Y,Positive
U1480,C14178,5,Y,Positive
U0169,C14925,3,N,Neutral
U1640,C02504,1,Y,Negative
U0364,C11310,1,Y,Negative
U0472,C04911,1,Y,Negative
U1892,C05566,1,Y,Negative
U0601,C08330,4,Y,Positive
U0773,C05220,1,Y,Negative
U0551,C11026,3,Y,Neutral
U1519,C07154,4,Y,Positive
U1660,C04828,4,Y,Positive
U1835,C03127,2,Y,Negative
U0539,C09586,4,Y,Positive
U0923,C05708,5,Y,Positive
U0875,C13150,2,Y,Negative
U0461,C01432,5,Y,Positive
U1252,C11216,1,Y,Negative
U0300,C02353,5,Y,Positive
U0237,C00751,3,Y,Neutral
U0859,C03053,1,Y,Negative
U1170,C04062,5,Y,Positive
U1263,C05521,1,Y,Negative
U0524,C12547,3,N,Neutral
U0409,C16821,5,Y,Positive
U0585,C17375,3,Y,Neutral
U0670,C06780,2,Y,Negative
U1718,C02693,5,Y,Positive
U1714,C04461,4,Y,Positive
U0624,C09072,3,N,Neutral
U1908,C13562,5,Y,Positive
U0214,C00575,2,Y,Negative
U0959,C17164,4,Y,Positive
U0583,C17270,5,Y,Positive
U0432,C05839,1,N,Negative
U0897,C15605,4,Y,Positive
U1017,C00173,3,N,Neutral
U0500,C07046,5,Y,Positive
U1577,C07802,3,Y,Neutral
U0318,C14756,3,Y,Neutral
U0646,C11582,2,Y,Negative
U1918,C09931,2,N,Negative
U0389,C15240,1,N,Negative
U1914,C05220,2,N,Negative
U0169,C11166,4,Y,Positive
U1361,C08439,4,Y,Positive
U0683,C11521,2,Y,Negative
U0288,C10949,1,Y,Negative
U1974,C14663,4,Y,Positive
U1597,C10416,2,N,Negative
U0018,C16840,1,N,Negative
U0476,C14121,5,Y,Positive
U0766,C16515,2,N,Negative
U0802,C16013,4,Y,Positive
U1910,C10768,3,N,Neutral
U0881,C12030,3,Y,Neutral
U1861,C08843,1,N,Negative
U0916,C00598,2,N,Negative
U1689,C01740,5,Y,Positive
U0304,C15314,3,Y,Neutral
U0059,C00425,2,N,Negative
U0566,C06044,1,N,Negative
U1766,C06571,1,N,Negative
U1452,C12507,3,Y,Neutral
U0496,C13159,3,N,Neutral
U0331,C00588,3,Y,Neutral
U0133,C12180,4,Y,Positive
U1993,C03492,3,Y,Neutral
U1724,C00061,5,Y,Positive
U1249,C16279,2,Y,Negative
U0794,C02471,1,Y,Negative
U1958,C08686,3,N,Neutral
U0874,C10341,3,N,Neutral
U1532,C07177,3,Y,Neutral
U0463,C12482,3,N,Neutral
U0379,C00820,5,Y,Positive
U0033,C17601,5,Y,Positive
U0764,C14664,4,Y,Positive
U0249,C12831,2,N,Negative
U1275,C10366,1,Y,Negative
U0465,C16381,4,Y,Positive
U1379,C08504,1,N,Negative
U0168,C13554,5,Y,Positive
U0475,C01371,3,N,Neutral
U0100,C06861,3,Y,Neutral
U0212,C01802,3,Y,Neutral
U1293,C01291,1,Y,Negative
U1811,C08840,3,N,Neutral
U0805,C07121,4,Y,Positive
U1412,C01611,2,Y,Negative
U1242,C06104,5,Y,Positive
U1337,C16488,4,Y,Positive
U1768,C00802,3,N,Neutral
U1270,C04040,2,Y,Negative
U0432,C00468,5,Y,Positive
U1495,C03922,3,N,Neutral
U0136,C08605,4,Y,Positive
U0055,C11546,4,Y,Positive
U0237,C13643,3,N,Neutral
U0887,C11147,3,Y,Neutral
U1162,C03959,2,N,Negative
U1981,C01876,1,Y,Negative
U1393,C03538,2,Y,Negative
U0017,C14642,1,Y,Negative
U0042,C16402,3,N,Neutral
U1665,C07676,2,Y,Negative
U1252,C11557,5,Y,Positive
U0198,C00407,3,Y,Neutral
U1308,C00247,4,Y,Positive
U1991,C10404,5,Y,Positive
U1111,C04976,5,Y,Positive
U0486,C05239,3,N,Neutral
U0387,C04897,3,Y,Neutral
U0868,C12098,5,Y,Positive
U1975,C03395,1,N,Negative
U1367,C03097,1,N,Negative
U0107,C15328,4,Y,Positive
U1449,C04374,3,Y,Neutral
U1556,C13285,4,Y,Positive
U1590,C04703,5,Y,Positive
U1955,C12317,2,Y,Negative
U0540,C12766,2,Y,Negative
U1354,C06794,1,N,Negative
U0453,C01711,1,Y,Negative
U0273,C05115,5,Y,Positive
U1064,C13845,3,Y,Neutral
U1696,C14472,4,Y,Positive
U0589,C14883,1,Y,Negative
U0174,C05861,2,Y,Negative
U1368,C07667,5,Y,Positive
U1394,C17346,5,Y,Positive
U1865,C06647,5,Y,Positive
U0811,C06091,2,N,Negative
U1835,C15894,3,Y,Neutral
U0463,C13859,3,N,Neutral
U1132,C16493,4,Y,Positive
U1557,C00950,1,Y,Negative
U1396,C08954,5,Y,Positive
U1491,C14211,4,Y,Positive
U1051,C02176,4,Y,Positive
U0055,C04445,5,Y,Positive
U0532,C04375,4,Y,Positive
U0621,C05234,1,N,Negative
U0812,C04845,4,Y,Positive
U0710,C09955,5,Y,Positive
U1014,C10322,5,Y,Positive
U0160,C17169,5,Y,Positive
U0925,C09933,4,Y,Positive
U0528,C00200,2,N,Negative
U0622,C05437,3,N,Neutral
U0725,C01345,1,Y,Negative
U0728,C10874,3,N,Neutral
U1977,C04141,5,Y,Positive
U0019,C03511,4,Y,Positive
U1146,C08887,1,N,Negative
U1090,C02632,5,Y,Positive
U1612,C02751,2,Y,Negative
U0876,C12720,5,Y,Positive
U0440,C02756,2,Y,Negative
U1786,C02423,1,N,Negative
U1635,C12952,3,N,Neutral
U1960,C03768,5,Y,Positive
U1798,C14411,2,N,Negative
U1754,C13406,1,N,Negative
U1608,C06248,5,Y,Positive
U1124,C13720,4,Y,Positive
U0556,C02889,3,Y,Neutral
U0323,C17161,5,Y,Positive
U0989,C07901,1,Y,Negative
U1906,C03682,5,Y,Positive
U0052,C13115,3,Y,Neutral
U0120,C11171,3,Y,Neutral
U0780,C02736,1,N,Negative
U1870,C14638,5,Y,Positive
U1064,C13947,5,Y,Positive
U0376,C12980,1,N,Negative
U1605,C15843,3,Y,Neutral
U1496,C17764,5,Y,Positive
U0859,C14096,4,Y,Positive
U1690,C14047,4,Y,Positive
U1024,C17512,1,Y,Negative
U0701,C03677,3,Y,Neutral
U0997,C07051,2,Y,Negative
U1270,C17006,3,Y,Neutral
U1471,C08990,1,Y,Negative
U1161,C06334,5,Y,Positive
U0798,C10119,4,Y,Positive
U1579,C04529,4,Y,Positive
U1191,C00947,2,N,Negative
U1901,C09087,1,N,Negative
U1282,C09959,5,Y,Positive
U1788,C06717,5,Y,Positive
U1394,C16808,2,N,Negative
U0016,C12180,3,N,Neutral
U1572,C03771,3,Y,Neutral
U1161,C06084,5,Y,Positive
U0828,C03849,1,N,Negative
U0860,C06612,1,Y,Negative
U0414,C13002,3,N,Neutral
U0243,C11205,3,Y,Neutral
U1303,C00007,5,Y,Positive
U0948,C05435,5,Y,Positive
U0549,C02612,3,N,Neutral
U0199,C14746,1,N,Negative
U0610,C14535,1,N,Negative
U0285,C12129,3,Y,Neutral
U0556,C00256,4,Y,Positive
U0633,C16103,5,Y,Positive
U0225,C15430,5,Y,Positive
U1276,C05651,4,Y,Positive
U0047,C00701,1,Y,Negative
U1191,C06292,2,N,Negative
U1863,C05206,2,N,Negative
U0153,C00030,2,N,Negative
U0019,C11839,5,Y,Positive
U0853,C13747,2,Y,Negative
U1321,C17696,2,Y,Negative
U1640,C16546,3,N,Neutral
U0630,C04256,5,Y,Positive
U0027,C01913,1,Y,Negative
U0625,C11129,3,N,Neutral
U1161,C08462,4,Y,Positive
U0079,C14534,1,N,Negative
U1393,C10953,5,Y,Positive
U1500,C09044,3,Y,Neutral
U1588,C16084,4,Y,Positive
U0204,C03234,1,N,Negative
U1333,C13479,3,N,Neutral
U0258,C12599,3,N,Neutral
U1558,C11329,1,N,Negative
U1440,C04367,5,Y,Positive
U1724,C00220,5,Y,Positive
U1601,C03137,1,N,Negative
U0010,C16847,2,N,Negative
U1251,C07803,2,Y,Negative
U0342,C14797,3,Y,Neutral
U1154,C11510,5,Y,Positive
U0832,C16358,1,N,Negative
U0488,C09349,4,Y,Positive
U1724,C14297,1,N,Negative
U1405,C06399,4,Y,Positive
U0606,C09548,1,N,Negative
U0949,C07879,4,Y,Positive
U1567,C06931,4,Y,Positive
U0645,C10604,5,Y,Positive
U1455,C17134,1,N,Negative
U1713,C15501,3,Y,Neutral
U0507,C14365,1,Y,Negative
U0512,C04540,4,Y,Positive
U1379,C09730,1,N,Negative
U0883,C02316,4,Y,Positive
U1933,C09655,1,N,Negative
U1242,C16359,1,N,Negative
U1214,C15993,2,Y,Negative
U1840,C13721,4,Y,Positive
U0701,C04393,2,Y,Negative
U0019,C05421,1,N,Negative
U1637,C17386,3,N,Neutral
U1908,C07807,4,Y,Positive
U1549,C06180,3,N,Neutral
U0413,C08804,5,Y,Positive
U1418,C17336,3,N,Neutral
U0214,C05342,2,N,Negative
U0954,C14055,2,Y,Negative
U1638,C17193,3,N,Neutral
U1405,C11448,1,Y,Negative
U1358,C13343,3,N,Neutral
U0915,C03844,3,Y,Neutral
U1997,C06630,1,N,Negative
U0160,C08313,1,N,Negative
U0514,C12774,1,N,Negative
U0967,C04422,4,Y,Positive
U0080,C17232,4,Y,Positive
U0045,C15399,2,Y,Negative
U0963,C06966,4,Y,Positive
U1738,C14409,5,Y,Positive
U0941,C16834,3,Y,Neutral
U1479,C14464,5,Y,Positive
U0753,C01367,2,Y,Negative
U0007,C02093,4,Y,Positive
U0403,C03932,4,Y,Positive
U0578,C15534,5,Y,Positive
U1420,C06201,1,N,Negative
U0196,C17219,4,Y,Positive
U0760,C00959,1,Y,Negative
U1737,C01790,4,Y,Positive
U0526,C12077,4,Y,Positive
U0612,C14381,5,Y,Positive
U0771,C14210,5,Y,Positive
U1646,C06335,1,Y,Negative
U1393,C10448,4,Y,Positive
U0608,C04955,3,N,Neutral
U1604,C12559,5,Y,Positive
U1612,C09429,2,N,Negative
U0627,C00443,2,Y,Negative
U1224,C07101,1,N,Negative
U0897,C05216,1,N,Negative
U0305,C14637,2,Y,Negative
U0879,C06806,3,Y,Neutral
U1915,C15696,3,Y,Neutral
U1458,C17534,4,Y,Positive
U1184,C14775,4,Y,Positive
U1066,C03716,5,Y,Positive
U0023,C15650,5,Y,Positive
U0982,C06326,4,Y,Positive
U1378,C07439,3,N,Neutral
U0687,C04292,2,N,Negative
U1218,C10576,4,Y,Positive
U0230,C06721,4,Y,Positive
U0568,C12647,2,N,Negative
U1056,C09501,4,Y,Positive
U0024,C16396,4,Y,Positive
U1456,C12056,5,Y,Positive
U0865,C00283,2,N,Negative
U0610,C09876,1,N,Negative
U1505,C07372,2,Y,Negative
U0245,C00896,3,Y,Neutral
U1968,C13155,5,Y,Positive
U1208,C17152,2,Y,Negative
U0174,C14058,5,Y,Positive
U0839,C10448,3,N,Neutral
U0611,C16917,4,Y,Positive
U0124,C10970,3,Y,Neutral
U1357,C01603,5,Y,Positive
U1981,C03690,4,Y,Positive
U1671,C09465,1,Y,Negative
U0374,C00011,5,Y,Positive
U0814,C02537,4,Y,Positive
U0136,C12510,3,Y,Neutral
U0229,C10521,3,Y,Neutral
U0052,C09110,1,N,Negative
U0045,C02709,3,Y,Neutral
U1579,C01708,2,Y,Negative
U0676,C10787,5,Y,Positive
U0260,C13439,2,N,Negative
U0454,C00502,5,Y,Positive
U0665,C03475,3,N,Neutral
U0036,C11723,5,Y,Positive
U0585,C15940,1,N,Negative
U0510,C05028,4,Y,Positive
U1958,C00755,5,Y,Positive
U0128,C17755,4,Y,Positive
U0856,C04876,1,Y,Negative
U1330,C15440,1,N,Negative
U0408,C07604,3,Y,Neutral
U1666,C17458,1,N,Negative
U0007,C02740,2,Y,Negative
U1838,C16754,5,Y,Positive
U0340,C00005,3,Y,Neutral
U1610,C06389,3,Y,Neutral
U1904,C03184,3,N,Neutral
U1837,C06454,2,Y,Negative
U0058,C14997,5,Y,Positive
U1609,C17753,5,Y,Positive
U1950,C10457,3,Y,Neutral
U0108,C03943,4,Y,Positive
U0578,C02686,4,Y,Positive
U0365,C11722,1,N,Negative
U0099,C05398,5,Y,Positive
U0910,C09460,3,Y,Neutral
U1360,C05138,3,N,Neutral
U1676,C03031,4,Y,Positive
U0872,C07616,1,N,Negative
U1574,C13529,5,Y,Positive
U0635,C15100,2,Y,Negative
U0283,C04260,5,Y,Positive
U0924,C01508,5,Y,Positive
U0264,C06872,3,N,Neutral
U0409,C17488,3,Y,Neutral
U1120,C03937,3,N,Neutral
U1763,C09581,4,Y,Positive
U1616,C01419,3,Y,Neutral
U0918,C02595,3,N,Neutral
U0350,C01516,5,Y,Positive
U1521,C02109,1,N,Negative
U1595,C05459,1,N,Negative
U1223,C16582,2,Y,Negative
U1338,C09028,5,Y,Positive
U1808,C16556,1,Y,Negative
U0571,C16407,5,Y,Positive
U1057,C12167,3,N,Neutral
U0654,C12165,5,Y,Positive
U1989,C09685,2,Y,Negative
U0976,C09604,3,N,Neutral
U0073,C08086,2,Y,Negative
U1566,C01943,4,Y,Positive
U0649,C13582,2,Y,Negative
U1405,C00394,4,Y,Positive
U1425,C01180,1,N,Negative
U1594,C00930,1,N,Negative
U0604,C05123,2,N,Negative
U0110,C01078,4,Y,Positive
U1232,C10202,3,N,Neutral
U1043,C03912,2,N,Negative
U1279,C04543,2,Y,Negative
U0847,C13214,2,Y,Negative
U0712,C11580,2,N,Negative
U1617,C02812,5,Y,Positive
U1600,C16775,3,Y,Neutral
U1727,C16084,4,Y,Positive
U1866,C00892,3,N,Neutral
U0101,C08911,3,N,Neutral
U0063,C05695,2,N,Negative
U0970,C13267,4,Y,Positive
U0590,C07087,1,Y,Negative
U0200,C03136,5,Y,Positive
U1762,C05796,5,Y,Positive
U0447,C13166,2,N,Negative
U1424,C08531,5,Y,Positive
U1712,C07037,4,Y,Positive
U1117,C16442,4,Y,Positive
U1562,C08295,2,N,Negative
U1188,C13715,2,Y,Negative
U0500,C03466,4,Y,Positive
U1253,C08718,5,Y,Positive
U0927,C05077,2,Y,Negative
U0318,C03610,5,Y,Positive
U0886,C01866,1,Y,Negative
U0158,C09016,1,Y,Negative
U1236,C13411,3,Y,Neutral
U1350,C15859,5,Y,Positive
U1777,C04561,1,N,Negative
U0311,C13350,4,Y,Positive
U1773,C08973,4,Y,Positive
U1458,C03300,1,N,Negative
U1771,C07181,1,N,Negative
U0425,C10307,5,Y,Positive
U1437,C00150,2,Y,Negative
U1986,C10404,2,N,Negative
U1824,C11464,2,Y,Negative
U0935,C08687,2,N,Negative
U1496,C14175,5,Y,Positive
U0343,C17129,3,N,Neutral
U0572,C08209,2,Y,Negative
U1759,C17419,2,N,Negative
U0226,C01425,3,N,Neutral
U0374,C01406,1,N,Negative
U0037,C16329,3,N,Neutral
U1169,C07643,3,N,Neutral
U0026,C08113,3,N,Neutral
U1374,C04325,1,N,Negative
U0332,C15176,4,Y,Positive
U0461,C11473,2,N,Negative
U0417,C17016,3,Y,Neutral
U0260,C05330,1,N,Negative
U1242,C04889,3,N,Neutral
U1558,C07370,2,Y,Negative
U0442,C03685,3,N,Neutral
U1033,C08988,3,Y,Neutral
U1450,C02847,4,Y,Positive
U0617,C16389,1,Y,Negative
U0302,C09423,1,Y,Negative
U1217,C07761,5,Y,Positive
U0718,C13893,2,N,Negative
U1929,C02605,3,N,Neutral
U1935,C11946,5,Y,Positive
U0378,C16153,5,Y,Positive
U0117,C08121,2,N,Negative
U0054,C14633,1,N,Negative
U0239,C06685,1,Y,Negative
U0671,C01587,4,Y,Positive
U0765,C03922,2,Y,Negative
U0410,C00910,5,Y,Positive
U0131,C12499,4,Y,Positive
U0212,C09658,2,N,Negative
U0831,C02564,4,Y,Positive
U0959,C11386,3,N,Neutral
U0924,C04803,5,Y,Positive
U1448,C01461,3,N,Neutral
U0217,C05805,3,N,Neutral
U1974,C07747,2,N,Negative
U1954,C00074,3,N,Neutral
U1432,C12082,1,N,Negative
U0027,C14284,2,N,Negative
U0709,C13083,4,Y,Positive
U1293,C01615,3,Y,Neutral
U0146,C03017,4,Y,Positive
U1883,C00733,2,Y,Negative
U0988,C01694,5,Y,Positive
U0760,C08374,4,Y,Positive
U0249,C15022,5,Y,Positive
U1942,C01919,4,Y,Positive
U1281,C16719,5,Y,Positive
U1762,C13121,4,Y,Positive
U0485,C15732,2,Y,Negative
U0720,C17587,4,Y,Positive
U0302,C00957,3,Y,Neutral
U1263,C09592,4,Y,Positive
U1609,C10713,3,N,Neutral
U1384,C15374,1,N,Negative
U0438,C16924,2,N,Negative
U0165,C02892,3,Y,Neutral
U1554,C10199,2,N,Negative
U0340,C05103,3,Y,Neutral
U0591,C15631,5,Y,Positive
U0305,C00461,4,Y,Positive
U0912,C14271,2,N,Negative
U0877,C02053,1,N,Negative
U0046,C11328,4,Y,Positive
U1690,C12758,4,Y,Positive
U1738,C16127,1,Y,Negative
U1034,C04176,5,Y,Positive
U1040,C15323,4,Y,Positive
U1484,C02431,3,Y,Neutral
U1135,C12419,3,Y,Neutral
U0549,C04379,4,Y,Positive
U1443,C10705,3,Y,Neutral
U0161,C10427,3,N,Neutral
U0384,C12632,4,Y,Positive
U1899,C09958,3,Y,Neutral
U0796,C16262,3,Y,Neutral
U0578,C04596,2,Y,Negative
U0405,C15074,2,N,Negative
U1782,C03843,1,Y,Negative
U0409,C16306,5,Y,Positive
U1504,C11456,4,Y,Positive
U0105,C05812,1,Y,Negative
U0356,C05122,2,Y,Negative
U1636,C12888,4,Y,Positive
U1451,C03642,5,Y,Positive
U1202,C07011,1,Y,Negative
U0453,C04907,2,Y,Negative
U0444,C00253,1,Y,Negative
U0209,C15300,3,Y,Neutral
U1853,C02462,1,N,Negative
U1128,C16695,1,Y,Negative
U1968,C09752,3,N,Neutral
U0888,C01807,2,Y,Negative
U1766,C14778,1,Y,Negative
U0989,C14713,5,Y,Positive
U0020,C00672,5,Y,Positive
U0940,C04694,5,Y,Positive
U0795,C15432,2,N,Negative
U0006,C03144,4,Y,Positive
U1351,C10533,1,N,Negative
U0260,C10112,5,Y,Positive
U1172,C08221,5,Y,Positive
U0515,C06802,3,Y,Neutral
U0722,C03507,2,Y,Negative
U0250,C02961,2,Y,Negative
U1349,C06872,3,Y,Neutral
U1153,C16245,1,N,Negative
U1607,C08273,1,N,Negative
U0578,C11981,5,Y,Positive
U0299,C00082,1,N,Negative
U0272,C12127,1,Y,Negative
U0682,C03347,3,Y,Neutral
U0383,C11757,3,Y,Neutral
